[2026-07-10T20:26:38.572Z] Action: getSetting, Key: m_amin_system_config
Error: Too many connections
Stack: Error: Too many connections
    at getSetting (C:\Transfer\Project 2026\M-Amin Network\.next\dev\server\chunks\ssr\[root-of-the-server]__15u4bti._.js:238:158)
    at RootLayout (C:\Transfer\Project 2026\M-Amin Network\.next\dev\server\chunks\ssr\[root-of-the-server]__15u4bti._.js:444:169)
    at Object.react_stack_bottom_frame (C:\Transfer\Project 2026\M-Amin Network\node_modules\next\dist\compiled\next-server\app-page-turbo.runtime.dev.js:53:268077)
    at AsyncLocalStorage.run (node:internal/async_local_storage/async_context_frame:63:14)
    at renderFunctionComponent (C:\Transfer\Project 2026\M-Amin Network\node_modules\next\dist\compiled\next-server\app-page-turbo.runtime.dev.js:53:159664)
    at renderElement (C:\Transfer\Project 2026\M-Amin Network\node_modules\next\dist\compiled\next-server\app-page-turbo.runtime.dev.js:53:178263)
    at renderModelDestructive (C:\Transfer\Project 2026\M-Amin Network\node_modules\next\dist\compiled\next-server\app-page-turbo.runtime.dev.js:53:182086)
    at retryTask (C:\Transfer\Project 2026\M-Amin Network\node_modules\next\dist\compiled\next-server\app-page-turbo.runtime.dev.js:53:221052)
    at outlineTask (C:\Transfer\Project 2026\M-Amin Network\node_modules\next\dist\compiled\next-server\app-page-turbo.runtime.dev.js:53:164857)
    at renderFunctionComponent (C:\Transfer\Project 2026\M-Amin Network\node_modules\next\dist\compiled\next-server\app-page-turbo.runtime.dev.js:53:158663)
    at renderElement (C:\Transfer\Project 2026\M-Amin Network\node_modules\next\dist\compiled\next-server\app-page-turbo.runtime.dev.js:53:178263)
    at renderModelDestructive (C:\Transfer\Project 2026\M-Amin Network\node_modules\next\dist\compiled\next-server\app-page-turbo.runtime.dev.js:53:182086)
    at C:\Transfer\Project 2026\M-Amin Network\node_modules\next\dist\compiled\next-server\app-page-turbo.runtime.dev.js:53:170748
    at Array.toJSON (C:\Transfer\Project 2026\M-Amin Network\node_modules\next\dist\compiled\next-server\app-page-turbo.runtime.dev.js:53:172065)
    at stringify (<anonymous>)
    at emitChunk (C:\Transfer\Project 2026\M-Amin Network\node_modules\next\dist\compiled\next-server\app-page-turbo.runtime.dev.js:53:220399)
    at retryTask (C:\Transfer\Project 2026\M-Amin Network\node_modules\next\dist\compiled\next-server\app-page-turbo.runtime.dev.js:53:221542)
    at performWork (C:\Transfer\Project 2026\M-Amin Network\node_modules\next\dist\compiled\next-server\app-page-turbo.runtime.dev.js:53:223062)
    at AsyncLocalStorage.run (node:internal/async_local_storage/async_context_frame:63:14)
    at C:\Transfer\Project 2026\M-Amin Network\node_modules\next\dist\compiled\next-server\app-page-turbo.runtime.dev.js:53:226810
    at node:internal/process/task_queues:150:7
    at AsyncResource.runInAsyncScope (node:async_hooks:227:14)
    at AsyncResource.runMicrotask (node:internal/process/task_queues:147:8)

[2026-07-10T20:26:38.724Z] Action: getSetting, Key: m_amin_system_config
Error: Too many connections
Stack: Error: Too many connections
    at getSetting (C:\Transfer\Project 2026\M-Amin Network\.next\dev\server\chunks\ssr\[root-of-the-server]__15u4bti._.js:238:158)
    at RootLayout (C:\Transfer\Project 2026\M-Amin Network\.next\dev\server\chunks\ssr\[root-of-the-server]__15u4bti._.js:444:169)
    at Object.react_stack_bottom_frame (C:\Transfer\Project 2026\M-Amin Network\node_modules\next\dist\compiled\next-server\app-page-turbo.runtime.dev.js:53:268077)
    at AsyncLocalStorage.run (node:internal/async_local_storage/async_context_frame:63:14)
    at renderFunctionComponent (C:\Transfer\Project 2026\M-Amin Network\node_modules\next\dist\compiled\next-server\app-page-turbo.runtime.dev.js:53:159664)
    at renderElement (C:\Transfer\Project 2026\M-Amin Network\node_modules\next\dist\compiled\next-server\app-page-turbo.runtime.dev.js:53:178263)
    at renderModelDestructive (C:\Transfer\Project 2026\M-Amin Network\node_modules\next\dist\compiled\next-server\app-page-turbo.runtime.dev.js:53:182086)
    at retryTask (C:\Transfer\Project 2026\M-Amin Network\node_modules\next\dist\compiled\next-server\app-page-turbo.runtime.dev.js:53:221052)
    at outlineTask (C:\Transfer\Project 2026\M-Amin Network\node_modules\next\dist\compiled\next-server\app-page-turbo.runtime.dev.js:53:164857)
    at renderFunctionComponent (C:\Transfer\Project 2026\M-Amin Network\node_modules\next\dist\compiled\next-server\app-page-turbo.runtime.dev.js:53:158663)
    at renderElement (C:\Transfer\Project 2026\M-Amin Network\node_modules\next\dist\compiled\next-server\app-page-turbo.runtime.dev.js:53:178263)
    at renderModelDestructive (C:\Transfer\Project 2026\M-Amin Network\node_modules\next\dist\compiled\next-server\app-page-turbo.runtime.dev.js:53:182086)
    at C:\Transfer\Project 2026\M-Amin Network\node_modules\next\dist\compiled\next-server\app-page-turbo.runtime.dev.js:53:170748
    at Array.toJSON (C:\Transfer\Project 2026\M-Amin Network\node_modules\next\dist\compiled\next-server\app-page-turbo.runtime.dev.js:53:172065)
    at stringify (<anonymous>)
    at emitChunk (C:\Transfer\Project 2026\M-Amin Network\node_modules\next\dist\compiled\next-server\app-page-turbo.runtime.dev.js:53:220399)
    at retryTask (C:\Transfer\Project 2026\M-Amin Network\node_modules\next\dist\compiled\next-server\app-page-turbo.runtime.dev.js:53:221542)
    at performWork (C:\Transfer\Project 2026\M-Amin Network\node_modules\next\dist\compiled\next-server\app-page-turbo.runtime.dev.js:53:223062)
    at AsyncLocalStorage.run (node:internal/async_local_storage/async_context_frame:63:14)
    at C:\Transfer\Project 2026\M-Amin Network\node_modules\next\dist\compiled\next-server\app-page-turbo.runtime.dev.js:53:226810
    at node:internal/process/task_queues:150:7
    at AsyncResource.runInAsyncScope (node:async_hooks:227:14)
    at AsyncResource.runMicrotask (node:internal/process/task_queues:147:8)

[2026-07-10T20:26:38.846Z] Action: getSetting, Key: m_amin_system_config
Error: Too many connections
Stack: Error: Too many connections
    at getSetting (C:\Transfer\Project 2026\M-Amin Network\.next\dev\server\chunks\ssr\[root-of-the-server]__15u4bti._.js:238:158)
    at RootLayout (C:\Transfer\Project 2026\M-Amin Network\.next\dev\server\chunks\ssr\[root-of-the-server]__15u4bti._.js:444:169)
    at Object.react_stack_bottom_frame (C:\Transfer\Project 2026\M-Amin Network\node_modules\next\dist\compiled\next-server\app-page-turbo.runtime.dev.js:53:268077)
    at AsyncLocalStorage.run (node:internal/async_local_storage/async_context_frame:63:14)
    at renderFunctionComponent (C:\Transfer\Project 2026\M-Amin Network\node_modules\next\dist\compiled\next-server\app-page-turbo.runtime.dev.js:53:159664)
    at renderElement (C:\Transfer\Project 2026\M-Amin Network\node_modules\next\dist\compiled\next-server\app-page-turbo.runtime.dev.js:53:178263)
    at renderModelDestructive (C:\Transfer\Project 2026\M-Amin Network\node_modules\next\dist\compiled\next-server\app-page-turbo.runtime.dev.js:53:182086)
    at retryTask (C:\Transfer\Project 2026\M-Amin Network\node_modules\next\dist\compiled\next-server\app-page-turbo.runtime.dev.js:53:221052)
    at outlineTask (C:\Transfer\Project 2026\M-Amin Network\node_modules\next\dist\compiled\next-server\app-page-turbo.runtime.dev.js:53:164857)
    at renderFunctionComponent (C:\Transfer\Project 2026\M-Amin Network\node_modules\next\dist\compiled\next-server\app-page-turbo.runtime.dev.js:53:158663)
    at renderElement (C:\Transfer\Project 2026\M-Amin Network\node_modules\next\dist\compiled\next-server\app-page-turbo.runtime.dev.js:53:178263)
    at renderModelDestructive (C:\Transfer\Project 2026\M-Amin Network\node_modules\next\dist\compiled\next-server\app-page-turbo.runtime.dev.js:53:182086)
    at C:\Transfer\Project 2026\M-Amin Network\node_modules\next\dist\compiled\next-server\app-page-turbo.runtime.dev.js:53:170748
    at Array.toJSON (C:\Transfer\Project 2026\M-Amin Network\node_modules\next\dist\compiled\next-server\app-page-turbo.runtime.dev.js:53:172065)
    at stringify (<anonymous>)
    at emitChunk (C:\Transfer\Project 2026\M-Amin Network\node_modules\next\dist\compiled\next-server\app-page-turbo.runtime.dev.js:53:220399)
    at retryTask (C:\Transfer\Project 2026\M-Amin Network\node_modules\next\dist\compiled\next-server\app-page-turbo.runtime.dev.js:53:221542)
    at performWork (C:\Transfer\Project 2026\M-Amin Network\node_modules\next\dist\compiled\next-server\app-page-turbo.runtime.dev.js:53:223062)
    at AsyncLocalStorage.run (node:internal/async_local_storage/async_context_frame:63:14)
    at C:\Transfer\Project 2026\M-Amin Network\node_modules\next\dist\compiled\next-server\app-page-turbo.runtime.dev.js:53:226810
    at node:internal/process/task_queues:150:7
    at AsyncResource.runInAsyncScope (node:async_hooks:227:14)
    at AsyncResource.runMicrotask (node:internal/process/task_queues:147:8)

[2026-07-10T20:26:39.067Z] Action: getSetting, Key: m_amin_system_config
Error: Too many connections
Stack: Error: Too many connections
    at getSetting (C:\Transfer\Project 2026\M-Amin Network\.next\dev\server\chunks\ssr\[root-of-the-server]__15u4bti._.js:238:158)
    at RootLayout (C:\Transfer\Project 2026\M-Amin Network\.next\dev\server\chunks\ssr\[root-of-the-server]__15u4bti._.js:444:169)
    at Object.react_stack_bottom_frame (C:\Transfer\Project 2026\M-Amin Network\node_modules\next\dist\compiled\next-server\app-page-turbo.runtime.dev.js:53:268077)
    at AsyncLocalStorage.run (node:internal/async_local_storage/async_context_frame:63:14)
    at renderFunctionComponent (C:\Transfer\Project 2026\M-Amin Network\node_modules\next\dist\compiled\next-server\app-page-turbo.runtime.dev.js:53:159664)
    at renderElement (C:\Transfer\Project 2026\M-Amin Network\node_modules\next\dist\compiled\next-server\app-page-turbo.runtime.dev.js:53:178263)
    at renderModelDestructive (C:\Transfer\Project 2026\M-Amin Network\node_modules\next\dist\compiled\next-server\app-page-turbo.runtime.dev.js:53:182086)
    at retryTask (C:\Transfer\Project 2026\M-Amin Network\node_modules\next\dist\compiled\next-server\app-page-turbo.runtime.dev.js:53:221052)
    at outlineTask (C:\Transfer\Project 2026\M-Amin Network\node_modules\next\dist\compiled\next-server\app-page-turbo.runtime.dev.js:53:164857)
    at renderFunctionComponent (C:\Transfer\Project 2026\M-Amin Network\node_modules\next\dist\compiled\next-server\app-page-turbo.runtime.dev.js:53:158663)
    at renderElement (C:\Transfer\Project 2026\M-Amin Network\node_modules\next\dist\compiled\next-server\app-page-turbo.runtime.dev.js:53:178263)
    at renderModelDestructive (C:\Transfer\Project 2026\M-Amin Network\node_modules\next\dist\compiled\next-server\app-page-turbo.runtime.dev.js:53:182086)
    at C:\Transfer\Project 2026\M-Amin Network\node_modules\next\dist\compiled\next-server\app-page-turbo.runtime.dev.js:53:170748
    at Array.toJSON (C:\Transfer\Project 2026\M-Amin Network\node_modules\next\dist\compiled\next-server\app-page-turbo.runtime.dev.js:53:172065)
    at stringify (<anonymous>)
    at emitChunk (C:\Transfer\Project 2026\M-Amin Network\node_modules\next\dist\compiled\next-server\app-page-turbo.runtime.dev.js:53:220399)
    at retryTask (C:\Transfer\Project 2026\M-Amin Network\node_modules\next\dist\compiled\next-server\app-page-turbo.runtime.dev.js:53:221542)
    at performWork (C:\Transfer\Project 2026\M-Amin Network\node_modules\next\dist\compiled\next-server\app-page-turbo.runtime.dev.js:53:223062)
    at AsyncLocalStorage.run (node:internal/async_local_storage/async_context_frame:63:14)
    at C:\Transfer\Project 2026\M-Amin Network\node_modules\next\dist\compiled\next-server\app-page-turbo.runtime.dev.js:53:226810
    at node:internal/process/task_queues:150:7
    at AsyncResource.runInAsyncScope (node:async_hooks:227:14)
    at AsyncResource.runMicrotask (node:internal/process/task_queues:147:8)

[2026-07-10T20:26:39.075Z] Action: getSetting, Key: m_amin_system_config
Error: Too many connections
Stack: Error: Too many connections
    at getSetting (C:\Transfer\Project 2026\M-Amin Network\.next\dev\server\chunks\ssr\[root-of-the-server]__15u4bti._.js:238:158)
    at RootLayout (C:\Transfer\Project 2026\M-Amin Network\.next\dev\server\chunks\ssr\[root-of-the-server]__15u4bti._.js:444:169)
    at Object.react_stack_bottom_frame (C:\Transfer\Project 2026\M-Amin Network\node_modules\next\dist\compiled\next-server\app-page-turbo.runtime.dev.js:53:268077)
    at AsyncLocalStorage.run (node:internal/async_local_storage/async_context_frame:63:14)
    at renderFunctionComponent (C:\Transfer\Project 2026\M-Amin Network\node_modules\next\dist\compiled\next-server\app-page-turbo.runtime.dev.js:53:159664)
    at renderElement (C:\Transfer\Project 2026\M-Amin Network\node_modules\next\dist\compiled\next-server\app-page-turbo.runtime.dev.js:53:178263)
    at renderModelDestructive (C:\Transfer\Project 2026\M-Amin Network\node_modules\next\dist\compiled\next-server\app-page-turbo.runtime.dev.js:53:182086)
    at retryTask (C:\Transfer\Project 2026\M-Amin Network\node_modules\next\dist\compiled\next-server\app-page-turbo.runtime.dev.js:53:221052)
    at outlineTask (C:\Transfer\Project 2026\M-Amin Network\node_modules\next\dist\compiled\next-server\app-page-turbo.runtime.dev.js:53:164857)
    at renderFunctionComponent (C:\Transfer\Project 2026\M-Amin Network\node_modules\next\dist\compiled\next-server\app-page-turbo.runtime.dev.js:53:158663)
    at renderElement (C:\Transfer\Project 2026\M-Amin Network\node_modules\next\dist\compiled\next-server\app-page-turbo.runtime.dev.js:53:178263)
    at renderModelDestructive (C:\Transfer\Project 2026\M-Amin Network\node_modules\next\dist\compiled\next-server\app-page-turbo.runtime.dev.js:53:182086)
    at C:\Transfer\Project 2026\M-Amin Network\node_modules\next\dist\compiled\next-server\app-page-turbo.runtime.dev.js:53:170748
    at Array.toJSON (C:\Transfer\Project 2026\M-Amin Network\node_modules\next\dist\compiled\next-server\app-page-turbo.runtime.dev.js:53:172065)
    at stringify (<anonymous>)
    at emitChunk (C:\Transfer\Project 2026\M-Amin Network\node_modules\next\dist\compiled\next-server\app-page-turbo.runtime.dev.js:53:220399)
    at retryTask (C:\Transfer\Project 2026\M-Amin Network\node_modules\next\dist\compiled\next-server\app-page-turbo.runtime.dev.js:53:221542)
    at performWork (C:\Transfer\Project 2026\M-Amin Network\node_modules\next\dist\compiled\next-server\app-page-turbo.runtime.dev.js:53:223062)
    at AsyncLocalStorage.run (node:internal/async_local_storage/async_context_frame:63:14)
    at C:\Transfer\Project 2026\M-Amin Network\node_modules\next\dist\compiled\next-server\app-page-turbo.runtime.dev.js:53:226810
    at node:internal/process/task_queues:150:7
    at AsyncResource.runInAsyncScope (node:async_hooks:227:14)
    at AsyncResource.runMicrotask (node:internal/process/task_queues:147:8)

[2026-07-10T20:26:39.135Z] Action: getSetting, Key: m_amin_system_config
Error: Too many connections
Stack: Error: Too many connections
    at getSetting (C:\Transfer\Project 2026\M-Amin Network\.next\dev\server\chunks\ssr\[root-of-the-server]__15u4bti._.js:238:158)
    at RootLayout (C:\Transfer\Project 2026\M-Amin Network\.next\dev\server\chunks\ssr\[root-of-the-server]__15u4bti._.js:444:169)
    at Object.react_stack_bottom_frame (C:\Transfer\Project 2026\M-Amin Network\node_modules\next\dist\compiled\next-server\app-page-turbo.runtime.dev.js:53:268077)
    at AsyncLocalStorage.run (node:internal/async_local_storage/async_context_frame:63:14)
    at renderFunctionComponent (C:\Transfer\Project 2026\M-Amin Network\node_modules\next\dist\compiled\next-server\app-page-turbo.runtime.dev.js:53:159664)
    at renderElement (C:\Transfer\Project 2026\M-Amin Network\node_modules\next\dist\compiled\next-server\app-page-turbo.runtime.dev.js:53:178263)
    at renderModelDestructive (C:\Transfer\Project 2026\M-Amin Network\node_modules\next\dist\compiled\next-server\app-page-turbo.runtime.dev.js:53:182086)
    at retryTask (C:\Transfer\Project 2026\M-Amin Network\node_modules\next\dist\compiled\next-server\app-page-turbo.runtime.dev.js:53:221052)
    at outlineTask (C:\Transfer\Project 2026\M-Amin Network\node_modules\next\dist\compiled\next-server\app-page-turbo.runtime.dev.js:53:164857)
    at renderFunctionComponent (C:\Transfer\Project 2026\M-Amin Network\node_modules\next\dist\compiled\next-server\app-page-turbo.runtime.dev.js:53:158663)
    at renderElement (C:\Transfer\Project 2026\M-Amin Network\node_modules\next\dist\compiled\next-server\app-page-turbo.runtime.dev.js:53:178263)
    at renderModelDestructive (C:\Transfer\Project 2026\M-Amin Network\node_modules\next\dist\compiled\next-server\app-page-turbo.runtime.dev.js:53:182086)
    at C:\Transfer\Project 2026\M-Amin Network\node_modules\next\dist\compiled\next-server\app-page-turbo.runtime.dev.js:53:170748
    at Array.toJSON (C:\Transfer\Project 2026\M-Amin Network\node_modules\next\dist\compiled\next-server\app-page-turbo.runtime.dev.js:53:172065)
    at stringify (<anonymous>)
    at emitChunk (C:\Transfer\Project 2026\M-Amin Network\node_modules\next\dist\compiled\next-server\app-page-turbo.runtime.dev.js:53:220399)
    at retryTask (C:\Transfer\Project 2026\M-Amin Network\node_modules\next\dist\compiled\next-server\app-page-turbo.runtime.dev.js:53:221542)
    at performWork (C:\Transfer\Project 2026\M-Amin Network\node_modules\next\dist\compiled\next-server\app-page-turbo.runtime.dev.js:53:223062)
    at AsyncLocalStorage.run (node:internal/async_local_storage/async_context_frame:63:14)
    at C:\Transfer\Project 2026\M-Amin Network\node_modules\next\dist\compiled\next-server\app-page-turbo.runtime.dev.js:53:226810
    at node:internal/process/task_queues:150:7
    at AsyncResource.runInAsyncScope (node:async_hooks:227:14)
    at AsyncResource.runMicrotask (node:internal/process/task_queues:147:8)

[2026-07-10T20:26:39.210Z] Action: getSetting, Key: m_amin_system_config
Error: Too many connections
Stack: Error: Too many connections
    at getSetting (C:\Transfer\Project 2026\M-Amin Network\.next\dev\server\chunks\ssr\[root-of-the-server]__15u4bti._.js:238:158)
    at RootLayout (C:\Transfer\Project 2026\M-Amin Network\.next\dev\server\chunks\ssr\[root-of-the-server]__15u4bti._.js:444:169)
    at Object.react_stack_bottom_frame (C:\Transfer\Project 2026\M-Amin Network\node_modules\next\dist\compiled\next-server\app-page-turbo.runtime.dev.js:53:268077)
    at AsyncLocalStorage.run (node:internal/async_local_storage/async_context_frame:63:14)
    at renderFunctionComponent (C:\Transfer\Project 2026\M-Amin Network\node_modules\next\dist\compiled\next-server\app-page-turbo.runtime.dev.js:53:159664)
    at renderElement (C:\Transfer\Project 2026\M-Amin Network\node_modules\next\dist\compiled\next-server\app-page-turbo.runtime.dev.js:53:178263)
    at renderModelDestructive (C:\Transfer\Project 2026\M-Amin Network\node_modules\next\dist\compiled\next-server\app-page-turbo.runtime.dev.js:53:182086)
    at retryTask (C:\Transfer\Project 2026\M-Amin Network\node_modules\next\dist\compiled\next-server\app-page-turbo.runtime.dev.js:53:221052)
    at outlineTask (C:\Transfer\Project 2026\M-Amin Network\node_modules\next\dist\compiled\next-server\app-page-turbo.runtime.dev.js:53:164857)
    at renderFunctionComponent (C:\Transfer\Project 2026\M-Amin Network\node_modules\next\dist\compiled\next-server\app-page-turbo.runtime.dev.js:53:158663)
    at renderElement (C:\Transfer\Project 2026\M-Amin Network\node_modules\next\dist\compiled\next-server\app-page-turbo.runtime.dev.js:53:178263)
    at renderModelDestructive (C:\Transfer\Project 2026\M-Amin Network\node_modules\next\dist\compiled\next-server\app-page-turbo.runtime.dev.js:53:182086)
    at C:\Transfer\Project 2026\M-Amin Network\node_modules\next\dist\compiled\next-server\app-page-turbo.runtime.dev.js:53:170748
    at Array.toJSON (C:\Transfer\Project 2026\M-Amin Network\node_modules\next\dist\compiled\next-server\app-page-turbo.runtime.dev.js:53:172065)
    at stringify (<anonymous>)
    at emitChunk (C:\Transfer\Project 2026\M-Amin Network\node_modules\next\dist\compiled\next-server\app-page-turbo.runtime.dev.js:53:220399)
    at retryTask (C:\Transfer\Project 2026\M-Amin Network\node_modules\next\dist\compiled\next-server\app-page-turbo.runtime.dev.js:53:221542)
    at performWork (C:\Transfer\Project 2026\M-Amin Network\node_modules\next\dist\compiled\next-server\app-page-turbo.runtime.dev.js:53:223062)
    at AsyncLocalStorage.run (node:internal/async_local_storage/async_context_frame:63:14)
    at C:\Transfer\Project 2026\M-Amin Network\node_modules\next\dist\compiled\next-server\app-page-turbo.runtime.dev.js:53:226810
    at node:internal/process/task_queues:150:7
    at AsyncResource.runInAsyncScope (node:async_hooks:227:14)
    at AsyncResource.runMicrotask (node:internal/process/task_queues:147:8)

[2026-07-10T20:26:39.212Z] Action: getSetting, Key: m_amin_system_config
Error: Too many connections
Stack: Error: Too many connections
    at getSetting (C:\Transfer\Project 2026\M-Amin Network\.next\dev\server\chunks\ssr\[root-of-the-server]__15u4bti._.js:238:158)
    at RootLayout (C:\Transfer\Project 2026\M-Amin Network\.next\dev\server\chunks\ssr\[root-of-the-server]__15u4bti._.js:444:169)
    at Object.react_stack_bottom_frame (C:\Transfer\Project 2026\M-Amin Network\node_modules\next\dist\compiled\next-server\app-page-turbo.runtime.dev.js:53:268077)
    at AsyncLocalStorage.run (node:internal/async_local_storage/async_context_frame:63:14)
    at renderFunctionComponent (C:\Transfer\Project 2026\M-Amin Network\node_modules\next\dist\compiled\next-server\app-page-turbo.runtime.dev.js:53:159664)
    at renderElement (C:\Transfer\Project 2026\M-Amin Network\node_modules\next\dist\compiled\next-server\app-page-turbo.runtime.dev.js:53:178263)
    at renderModelDestructive (C:\Transfer\Project 2026\M-Amin Network\node_modules\next\dist\compiled\next-server\app-page-turbo.runtime.dev.js:53:182086)
    at retryTask (C:\Transfer\Project 2026\M-Amin Network\node_modules\next\dist\compiled\next-server\app-page-turbo.runtime.dev.js:53:221052)
    at outlineTask (C:\Transfer\Project 2026\M-Amin Network\node_modules\next\dist\compiled\next-server\app-page-turbo.runtime.dev.js:53:164857)
    at renderFunctionComponent (C:\Transfer\Project 2026\M-Amin Network\node_modules\next\dist\compiled\next-server\app-page-turbo.runtime.dev.js:53:158663)
    at renderElement (C:\Transfer\Project 2026\M-Amin Network\node_modules\next\dist\compiled\next-server\app-page-turbo.runtime.dev.js:53:178263)
    at renderModelDestructive (C:\Transfer\Project 2026\M-Amin Network\node_modules\next\dist\compiled\next-server\app-page-turbo.runtime.dev.js:53:182086)
    at C:\Transfer\Project 2026\M-Amin Network\node_modules\next\dist\compiled\next-server\app-page-turbo.runtime.dev.js:53:170748
    at Array.toJSON (C:\Transfer\Project 2026\M-Amin Network\node_modules\next\dist\compiled\next-server\app-page-turbo.runtime.dev.js:53:172065)
    at stringify (<anonymous>)
    at emitChunk (C:\Transfer\Project 2026\M-Amin Network\node_modules\next\dist\compiled\next-server\app-page-turbo.runtime.dev.js:53:220399)
    at retryTask (C:\Transfer\Project 2026\M-Amin Network\node_modules\next\dist\compiled\next-server\app-page-turbo.runtime.dev.js:53:221542)
    at performWork (C:\Transfer\Project 2026\M-Amin Network\node_modules\next\dist\compiled\next-server\app-page-turbo.runtime.dev.js:53:223062)
    at AsyncLocalStorage.run (node:internal/async_local_storage/async_context_frame:63:14)
    at C:\Transfer\Project 2026\M-Amin Network\node_modules\next\dist\compiled\next-server\app-page-turbo.runtime.dev.js:53:226810
    at node:internal/process/task_queues:150:7
    at AsyncResource.runInAsyncScope (node:async_hooks:227:14)
    at AsyncResource.runMicrotask (node:internal/process/task_queues:147:8)

[2026-07-10T20:26:39.259Z] Action: getSetting, Key: m_amin_system_config
Error: Too many connections
Stack: Error: Too many connections
    at getSetting (C:\Transfer\Project 2026\M-Amin Network\.next\dev\server\chunks\ssr\[root-of-the-server]__15u4bti._.js:238:158)
    at RootLayout (C:\Transfer\Project 2026\M-Amin Network\.next\dev\server\chunks\ssr\[root-of-the-server]__15u4bti._.js:444:169)
    at Object.react_stack_bottom_frame (C:\Transfer\Project 2026\M-Amin Network\node_modules\next\dist\compiled\next-server\app-page-turbo.runtime.dev.js:53:268077)
    at AsyncLocalStorage.run (node:internal/async_local_storage/async_context_frame:63:14)
    at renderFunctionComponent (C:\Transfer\Project 2026\M-Amin Network\node_modules\next\dist\compiled\next-server\app-page-turbo.runtime.dev.js:53:159664)
    at renderElement (C:\Transfer\Project 2026\M-Amin Network\node_modules\next\dist\compiled\next-server\app-page-turbo.runtime.dev.js:53:178263)
    at renderModelDestructive (C:\Transfer\Project 2026\M-Amin Network\node_modules\next\dist\compiled\next-server\app-page-turbo.runtime.dev.js:53:182086)
    at retryTask (C:\Transfer\Project 2026\M-Amin Network\node_modules\next\dist\compiled\next-server\app-page-turbo.runtime.dev.js:53:221052)
    at outlineTask (C:\Transfer\Project 2026\M-Amin Network\node_modules\next\dist\compiled\next-server\app-page-turbo.runtime.dev.js:53:164857)
    at renderFunctionComponent (C:\Transfer\Project 2026\M-Amin Network\node_modules\next\dist\compiled\next-server\app-page-turbo.runtime.dev.js:53:158663)
    at renderElement (C:\Transfer\Project 2026\M-Amin Network\node_modules\next\dist\compiled\next-server\app-page-turbo.runtime.dev.js:53:178263)
    at renderModelDestructive (C:\Transfer\Project 2026\M-Amin Network\node_modules\next\dist\compiled\next-server\app-page-turbo.runtime.dev.js:53:182086)
    at C:\Transfer\Project 2026\M-Amin Network\node_modules\next\dist\compiled\next-server\app-page-turbo.runtime.dev.js:53:170748
    at Array.toJSON (C:\Transfer\Project 2026\M-Amin Network\node_modules\next\dist\compiled\next-server\app-page-turbo.runtime.dev.js:53:172065)
    at stringify (<anonymous>)
    at emitChunk (C:\Transfer\Project 2026\M-Amin Network\node_modules\next\dist\compiled\next-server\app-page-turbo.runtime.dev.js:53:220399)
    at retryTask (C:\Transfer\Project 2026\M-Amin Network\node_modules\next\dist\compiled\next-server\app-page-turbo.runtime.dev.js:53:221542)
    at performWork (C:\Transfer\Project 2026\M-Amin Network\node_modules\next\dist\compiled\next-server\app-page-turbo.runtime.dev.js:53:223062)
    at AsyncLocalStorage.run (node:internal/async_local_storage/async_context_frame:63:14)
    at C:\Transfer\Project 2026\M-Amin Network\node_modules\next\dist\compiled\next-server\app-page-turbo.runtime.dev.js:53:226810
    at node:internal/process/task_queues:150:7
    at AsyncResource.runInAsyncScope (node:async_hooks:227:14)
    at AsyncResource.runMicrotask (node:internal/process/task_queues:147:8)

[2026-07-10T20:26:39.300Z] Action: getSetting, Key: m_amin_system_config
Error: Too many connections
Stack: Error: Too many connections
    at getSetting (C:\Transfer\Project 2026\M-Amin Network\.next\dev\server\chunks\ssr\[root-of-the-server]__15u4bti._.js:238:158)
    at RootLayout (C:\Transfer\Project 2026\M-Amin Network\.next\dev\server\chunks\ssr\[root-of-the-server]__15u4bti._.js:444:169)
    at Object.react_stack_bottom_frame (C:\Transfer\Project 2026\M-Amin Network\node_modules\next\dist\compiled\next-server\app-page-turbo.runtime.dev.js:53:268077)
    at AsyncLocalStorage.run (node:internal/async_local_storage/async_context_frame:63:14)
    at renderFunctionComponent (C:\Transfer\Project 2026\M-Amin Network\node_modules\next\dist\compiled\next-server\app-page-turbo.runtime.dev.js:53:159664)
    at renderElement (C:\Transfer\Project 2026\M-Amin Network\node_modules\next\dist\compiled\next-server\app-page-turbo.runtime.dev.js:53:178263)
    at renderModelDestructive (C:\Transfer\Project 2026\M-Amin Network\node_modules\next\dist\compiled\next-server\app-page-turbo.runtime.dev.js:53:182086)
    at retryTask (C:\Transfer\Project 2026\M-Amin Network\node_modules\next\dist\compiled\next-server\app-page-turbo.runtime.dev.js:53:221052)
    at outlineTask (C:\Transfer\Project 2026\M-Amin Network\node_modules\next\dist\compiled\next-server\app-page-turbo.runtime.dev.js:53:164857)
    at renderFunctionComponent (C:\Transfer\Project 2026\M-Amin Network\node_modules\next\dist\compiled\next-server\app-page-turbo.runtime.dev.js:53:158663)
    at renderElement (C:\Transfer\Project 2026\M-Amin Network\node_modules\next\dist\compiled\next-server\app-page-turbo.runtime.dev.js:53:178263)
    at renderModelDestructive (C:\Transfer\Project 2026\M-Amin Network\node_modules\next\dist\compiled\next-server\app-page-turbo.runtime.dev.js:53:182086)
    at C:\Transfer\Project 2026\M-Amin Network\node_modules\next\dist\compiled\next-server\app-page-turbo.runtime.dev.js:53:170748
    at Array.toJSON (C:\Transfer\Project 2026\M-Amin Network\node_modules\next\dist\compiled\next-server\app-page-turbo.runtime.dev.js:53:172065)
    at stringify (<anonymous>)
    at emitChunk (C:\Transfer\Project 2026\M-Amin Network\node_modules\next\dist\compiled\next-server\app-page-turbo.runtime.dev.js:53:220399)
    at retryTask (C:\Transfer\Project 2026\M-Amin Network\node_modules\next\dist\compiled\next-server\app-page-turbo.runtime.dev.js:53:221542)
    at performWork (C:\Transfer\Project 2026\M-Amin Network\node_modules\next\dist\compiled\next-server\app-page-turbo.runtime.dev.js:53:223062)
    at AsyncLocalStorage.run (node:internal/async_local_storage/async_context_frame:63:14)
    at C:\Transfer\Project 2026\M-Amin Network\node_modules\next\dist\compiled\next-server\app-page-turbo.runtime.dev.js:53:226810
    at node:internal/process/task_queues:150:7
    at AsyncResource.runInAsyncScope (node:async_hooks:227:14)
    at AsyncResource.runMicrotask (node:internal/process/task_queues:147:8)

[2026-07-10T20:26:39.337Z] Action: getSetting, Key: m_amin_system_config
Error: Too many connections
Stack: Error: Too many connections
    at getSetting (C:\Transfer\Project 2026\M-Amin Network\.next\dev\server\chunks\ssr\[root-of-the-server]__15u4bti._.js:238:158)
    at RootLayout (C:\Transfer\Project 2026\M-Amin Network\.next\dev\server\chunks\ssr\[root-of-the-server]__15u4bti._.js:444:169)
    at Object.react_stack_bottom_frame (C:\Transfer\Project 2026\M-Amin Network\node_modules\next\dist\compiled\next-server\app-page-turbo.runtime.dev.js:53:268077)
    at AsyncLocalStorage.run (node:internal/async_local_storage/async_context_frame:63:14)
    at renderFunctionComponent (C:\Transfer\Project 2026\M-Amin Network\node_modules\next\dist\compiled\next-server\app-page-turbo.runtime.dev.js:53:159664)
    at renderElement (C:\Transfer\Project 2026\M-Amin Network\node_modules\next\dist\compiled\next-server\app-page-turbo.runtime.dev.js:53:178263)
    at renderModelDestructive (C:\Transfer\Project 2026\M-Amin Network\node_modules\next\dist\compiled\next-server\app-page-turbo.runtime.dev.js:53:182086)
    at retryTask (C:\Transfer\Project 2026\M-Amin Network\node_modules\next\dist\compiled\next-server\app-page-turbo.runtime.dev.js:53:221052)
    at outlineTask (C:\Transfer\Project 2026\M-Amin Network\node_modules\next\dist\compiled\next-server\app-page-turbo.runtime.dev.js:53:164857)
    at renderFunctionComponent (C:\Transfer\Project 2026\M-Amin Network\node_modules\next\dist\compiled\next-server\app-page-turbo.runtime.dev.js:53:158663)
    at renderElement (C:\Transfer\Project 2026\M-Amin Network\node_modules\next\dist\compiled\next-server\app-page-turbo.runtime.dev.js:53:178263)
    at renderModelDestructive (C:\Transfer\Project 2026\M-Amin Network\node_modules\next\dist\compiled\next-server\app-page-turbo.runtime.dev.js:53:182086)
    at C:\Transfer\Project 2026\M-Amin Network\node_modules\next\dist\compiled\next-server\app-page-turbo.runtime.dev.js:53:170748
    at Array.toJSON (C:\Transfer\Project 2026\M-Amin Network\node_modules\next\dist\compiled\next-server\app-page-turbo.runtime.dev.js:53:172065)
    at stringify (<anonymous>)
    at emitChunk (C:\Transfer\Project 2026\M-Amin Network\node_modules\next\dist\compiled\next-server\app-page-turbo.runtime.dev.js:53:220399)
    at retryTask (C:\Transfer\Project 2026\M-Amin Network\node_modules\next\dist\compiled\next-server\app-page-turbo.runtime.dev.js:53:221542)
    at performWork (C:\Transfer\Project 2026\M-Amin Network\node_modules\next\dist\compiled\next-server\app-page-turbo.runtime.dev.js:53:223062)
    at AsyncLocalStorage.run (node:internal/async_local_storage/async_context_frame:63:14)
    at C:\Transfer\Project 2026\M-Amin Network\node_modules\next\dist\compiled\next-server\app-page-turbo.runtime.dev.js:53:226810
    at node:internal/process/task_queues:150:7
    at AsyncResource.runInAsyncScope (node:async_hooks:227:14)
    at AsyncResource.runMicrotask (node:internal/process/task_queues:147:8)

[2026-07-10T20:27:13.588Z] Action: getSetting, Key: m_amin_system_config
Error: Too many connections
Stack: Error: Too many connections
    at getSetting (C:\Transfer\Project 2026\M-Amin Network\.next\dev\server\chunks\ssr\[root-of-the-server]__15u4bti._.js:222:158)
    at RootLayout (C:\Transfer\Project 2026\M-Amin Network\.next\dev\server\chunks\ssr\[root-of-the-server]__15u4bti._.js:428:169)
    at Object.react_stack_bottom_frame (C:\Transfer\Project 2026\M-Amin Network\node_modules\next\dist\compiled\next-server\app-page-turbo.runtime.dev.js:53:268077)
    at AsyncLocalStorage.run (node:internal/async_local_storage/async_context_frame:63:14)
    at renderFunctionComponent (C:\Transfer\Project 2026\M-Amin Network\node_modules\next\dist\compiled\next-server\app-page-turbo.runtime.dev.js:53:159664)
    at renderElement (C:\Transfer\Project 2026\M-Amin Network\node_modules\next\dist\compiled\next-server\app-page-turbo.runtime.dev.js:53:178263)
    at renderModelDestructive (C:\Transfer\Project 2026\M-Amin Network\node_modules\next\dist\compiled\next-server\app-page-turbo.runtime.dev.js:53:182086)
    at retryTask (C:\Transfer\Project 2026\M-Amin Network\node_modules\next\dist\compiled\next-server\app-page-turbo.runtime.dev.js:53:221052)
    at outlineTask (C:\Transfer\Project 2026\M-Amin Network\node_modules\next\dist\compiled\next-server\app-page-turbo.runtime.dev.js:53:164857)
    at renderFunctionComponent (C:\Transfer\Project 2026\M-Amin Network\node_modules\next\dist\compiled\next-server\app-page-turbo.runtime.dev.js:53:158663)
    at renderElement (C:\Transfer\Project 2026\M-Amin Network\node_modules\next\dist\compiled\next-server\app-page-turbo.runtime.dev.js:53:178263)
    at renderModelDestructive (C:\Transfer\Project 2026\M-Amin Network\node_modules\next\dist\compiled\next-server\app-page-turbo.runtime.dev.js:53:182086)
    at C:\Transfer\Project 2026\M-Amin Network\node_modules\next\dist\compiled\next-server\app-page-turbo.runtime.dev.js:53:170748
    at Array.toJSON (C:\Transfer\Project 2026\M-Amin Network\node_modules\next\dist\compiled\next-server\app-page-turbo.runtime.dev.js:53:172065)
    at stringify (<anonymous>)
    at emitChunk (C:\Transfer\Project 2026\M-Amin Network\node_modules\next\dist\compiled\next-server\app-page-turbo.runtime.dev.js:53:220399)
    at retryTask (C:\Transfer\Project 2026\M-Amin Network\node_modules\next\dist\compiled\next-server\app-page-turbo.runtime.dev.js:53:221542)
    at performWork (C:\Transfer\Project 2026\M-Amin Network\node_modules\next\dist\compiled\next-server\app-page-turbo.runtime.dev.js:53:223062)
    at AsyncLocalStorage.run (node:internal/async_local_storage/async_context_frame:63:14)
    at C:\Transfer\Project 2026\M-Amin Network\node_modules\next\dist\compiled\next-server\app-page-turbo.runtime.dev.js:53:226810
    at node:internal/process/task_queues:150:7
    at AsyncResource.runInAsyncScope (node:async_hooks:227:14)
    at AsyncResource.runMicrotask (node:internal/process/task_queues:147:8)

[2026-07-10T20:27:13.591Z] Action: getSetting, Key: m_amin_system_config
Error: Too many connections
Stack: Error: Too many connections
    at getSetting (C:\Transfer\Project 2026\M-Amin Network\.next\dev\server\chunks\ssr\[root-of-the-server]__15u4bti._.js:222:158)
    at RootLayout (C:\Transfer\Project 2026\M-Amin Network\.next\dev\server\chunks\ssr\[root-of-the-server]__15u4bti._.js:428:169)
    at Object.react_stack_bottom_frame (C:\Transfer\Project 2026\M-Amin Network\node_modules\next\dist\compiled\next-server\app-page-turbo.runtime.dev.js:53:268077)
    at AsyncLocalStorage.run (node:internal/async_local_storage/async_context_frame:63:14)
    at renderFunctionComponent (C:\Transfer\Project 2026\M-Amin Network\node_modules\next\dist\compiled\next-server\app-page-turbo.runtime.dev.js:53:159664)
    at renderElement (C:\Transfer\Project 2026\M-Amin Network\node_modules\next\dist\compiled\next-server\app-page-turbo.runtime.dev.js:53:178263)
    at renderModelDestructive (C:\Transfer\Project 2026\M-Amin Network\node_modules\next\dist\compiled\next-server\app-page-turbo.runtime.dev.js:53:182086)
    at retryTask (C:\Transfer\Project 2026\M-Amin Network\node_modules\next\dist\compiled\next-server\app-page-turbo.runtime.dev.js:53:221052)
    at outlineTask (C:\Transfer\Project 2026\M-Amin Network\node_modules\next\dist\compiled\next-server\app-page-turbo.runtime.dev.js:53:164857)
    at renderFunctionComponent (C:\Transfer\Project 2026\M-Amin Network\node_modules\next\dist\compiled\next-server\app-page-turbo.runtime.dev.js:53:158663)
    at renderElement (C:\Transfer\Project 2026\M-Amin Network\node_modules\next\dist\compiled\next-server\app-page-turbo.runtime.dev.js:53:178263)
    at renderModelDestructive (C:\Transfer\Project 2026\M-Amin Network\node_modules\next\dist\compiled\next-server\app-page-turbo.runtime.dev.js:53:182086)
    at C:\Transfer\Project 2026\M-Amin Network\node_modules\next\dist\compiled\next-server\app-page-turbo.runtime.dev.js:53:170748
    at Array.toJSON (C:\Transfer\Project 2026\M-Amin Network\node_modules\next\dist\compiled\next-server\app-page-turbo.runtime.dev.js:53:172065)
    at stringify (<anonymous>)
    at emitChunk (C:\Transfer\Project 2026\M-Amin Network\node_modules\next\dist\compiled\next-server\app-page-turbo.runtime.dev.js:53:220399)
    at retryTask (C:\Transfer\Project 2026\M-Amin Network\node_modules\next\dist\compiled\next-server\app-page-turbo.runtime.dev.js:53:221542)
    at performWork (C:\Transfer\Project 2026\M-Amin Network\node_modules\next\dist\compiled\next-server\app-page-turbo.runtime.dev.js:53:223062)
    at AsyncLocalStorage.run (node:internal/async_local_storage/async_context_frame:63:14)
    at C:\Transfer\Project 2026\M-Amin Network\node_modules\next\dist\compiled\next-server\app-page-turbo.runtime.dev.js:53:226810
    at node:internal/process/task_queues:150:7
    at AsyncResource.runInAsyncScope (node:async_hooks:227:14)
    at AsyncResource.runMicrotask (node:internal/process/task_queues:147:8)

[2026-07-10T20:27:13.713Z] Action: getSetting, Key: m_amin_system_config
Error: Too many connections
Stack: Error: Too many connections
    at getSetting (C:\Transfer\Project 2026\M-Amin Network\.next\dev\server\chunks\ssr\[root-of-the-server]__15u4bti._.js:222:158)
    at RootLayout (C:\Transfer\Project 2026\M-Amin Network\.next\dev\server\chunks\ssr\[root-of-the-server]__15u4bti._.js:428:169)
    at Object.react_stack_bottom_frame (C:\Transfer\Project 2026\M-Amin Network\node_modules\next\dist\compiled\next-server\app-page-turbo.runtime.dev.js:53:268077)
    at AsyncLocalStorage.run (node:internal/async_local_storage/async_context_frame:63:14)
    at renderFunctionComponent (C:\Transfer\Project 2026\M-Amin Network\node_modules\next\dist\compiled\next-server\app-page-turbo.runtime.dev.js:53:159664)
    at renderElement (C:\Transfer\Project 2026\M-Amin Network\node_modules\next\dist\compiled\next-server\app-page-turbo.runtime.dev.js:53:178263)
    at renderModelDestructive (C:\Transfer\Project 2026\M-Amin Network\node_modules\next\dist\compiled\next-server\app-page-turbo.runtime.dev.js:53:182086)
    at retryTask (C:\Transfer\Project 2026\M-Amin Network\node_modules\next\dist\compiled\next-server\app-page-turbo.runtime.dev.js:53:221052)
    at outlineTask (C:\Transfer\Project 2026\M-Amin Network\node_modules\next\dist\compiled\next-server\app-page-turbo.runtime.dev.js:53:164857)
    at renderFunctionComponent (C:\Transfer\Project 2026\M-Amin Network\node_modules\next\dist\compiled\next-server\app-page-turbo.runtime.dev.js:53:158663)
    at renderElement (C:\Transfer\Project 2026\M-Amin Network\node_modules\next\dist\compiled\next-server\app-page-turbo.runtime.dev.js:53:178263)
    at renderModelDestructive (C:\Transfer\Project 2026\M-Amin Network\node_modules\next\dist\compiled\next-server\app-page-turbo.runtime.dev.js:53:182086)
    at C:\Transfer\Project 2026\M-Amin Network\node_modules\next\dist\compiled\next-server\app-page-turbo.runtime.dev.js:53:170748
    at Array.toJSON (C:\Transfer\Project 2026\M-Amin Network\node_modules\next\dist\compiled\next-server\app-page-turbo.runtime.dev.js:53:172065)
    at stringify (<anonymous>)
    at emitChunk (C:\Transfer\Project 2026\M-Amin Network\node_modules\next\dist\compiled\next-server\app-page-turbo.runtime.dev.js:53:220399)
    at retryTask (C:\Transfer\Project 2026\M-Amin Network\node_modules\next\dist\compiled\next-server\app-page-turbo.runtime.dev.js:53:221542)
    at performWork (C:\Transfer\Project 2026\M-Amin Network\node_modules\next\dist\compiled\next-server\app-page-turbo.runtime.dev.js:53:223062)
    at AsyncLocalStorage.run (node:internal/async_local_storage/async_context_frame:63:14)
    at C:\Transfer\Project 2026\M-Amin Network\node_modules\next\dist\compiled\next-server\app-page-turbo.runtime.dev.js:53:226810
    at node:internal/process/task_queues:150:7
    at AsyncResource.runInAsyncScope (node:async_hooks:227:14)
    at AsyncResource.runMicrotask (node:internal/process/task_queues:147:8)

[2026-07-10T20:27:13.716Z] Action: getSetting, Key: m_amin_system_config
Error: Too many connections
Stack: Error: Too many connections
    at getSetting (C:\Transfer\Project 2026\M-Amin Network\.next\dev\server\chunks\ssr\[root-of-the-server]__15u4bti._.js:222:158)
    at RootLayout (C:\Transfer\Project 2026\M-Amin Network\.next\dev\server\chunks\ssr\[root-of-the-server]__15u4bti._.js:428:169)
    at Object.react_stack_bottom_frame (C:\Transfer\Project 2026\M-Amin Network\node_modules\next\dist\compiled\next-server\app-page-turbo.runtime.dev.js:53:268077)
    at AsyncLocalStorage.run (node:internal/async_local_storage/async_context_frame:63:14)
    at renderFunctionComponent (C:\Transfer\Project 2026\M-Amin Network\node_modules\next\dist\compiled\next-server\app-page-turbo.runtime.dev.js:53:159664)
    at renderElement (C:\Transfer\Project 2026\M-Amin Network\node_modules\next\dist\compiled\next-server\app-page-turbo.runtime.dev.js:53:178263)
    at renderModelDestructive (C:\Transfer\Project 2026\M-Amin Network\node_modules\next\dist\compiled\next-server\app-page-turbo.runtime.dev.js:53:182086)
    at retryTask (C:\Transfer\Project 2026\M-Amin Network\node_modules\next\dist\compiled\next-server\app-page-turbo.runtime.dev.js:53:221052)
    at outlineTask (C:\Transfer\Project 2026\M-Amin Network\node_modules\next\dist\compiled\next-server\app-page-turbo.runtime.dev.js:53:164857)
    at renderFunctionComponent (C:\Transfer\Project 2026\M-Amin Network\node_modules\next\dist\compiled\next-server\app-page-turbo.runtime.dev.js:53:158663)
    at renderElement (C:\Transfer\Project 2026\M-Amin Network\node_modules\next\dist\compiled\next-server\app-page-turbo.runtime.dev.js:53:178263)
    at renderModelDestructive (C:\Transfer\Project 2026\M-Amin Network\node_modules\next\dist\compiled\next-server\app-page-turbo.runtime.dev.js:53:182086)
    at C:\Transfer\Project 2026\M-Amin Network\node_modules\next\dist\compiled\next-server\app-page-turbo.runtime.dev.js:53:170748
    at Array.toJSON (C:\Transfer\Project 2026\M-Amin Network\node_modules\next\dist\compiled\next-server\app-page-turbo.runtime.dev.js:53:172065)
    at stringify (<anonymous>)
    at emitChunk (C:\Transfer\Project 2026\M-Amin Network\node_modules\next\dist\compiled\next-server\app-page-turbo.runtime.dev.js:53:220399)
    at retryTask (C:\Transfer\Project 2026\M-Amin Network\node_modules\next\dist\compiled\next-server\app-page-turbo.runtime.dev.js:53:221542)
    at performWork (C:\Transfer\Project 2026\M-Amin Network\node_modules\next\dist\compiled\next-server\app-page-turbo.runtime.dev.js:53:223062)
    at AsyncLocalStorage.run (node:internal/async_local_storage/async_context_frame:63:14)
    at C:\Transfer\Project 2026\M-Amin Network\node_modules\next\dist\compiled\next-server\app-page-turbo.runtime.dev.js:53:226810
    at node:internal/process/task_queues:150:7
    at AsyncResource.runInAsyncScope (node:async_hooks:227:14)
    at AsyncResource.runMicrotask (node:internal/process/task_queues:147:8)

[2026-07-10T20:27:13.808Z] Action: getSetting, Key: m_amin_system_config
Error: Too many connections
Stack: Error: Too many connections
    at getSetting (C:\Transfer\Project 2026\M-Amin Network\.next\dev\server\chunks\ssr\[root-of-the-server]__15u4bti._.js:222:158)
    at RootLayout (C:\Transfer\Project 2026\M-Amin Network\.next\dev\server\chunks\ssr\[root-of-the-server]__15u4bti._.js:428:169)
    at Object.react_stack_bottom_frame (C:\Transfer\Project 2026\M-Amin Network\node_modules\next\dist\compiled\next-server\app-page-turbo.runtime.dev.js:53:268077)
    at AsyncLocalStorage.run (node:internal/async_local_storage/async_context_frame:63:14)
    at renderFunctionComponent (C:\Transfer\Project 2026\M-Amin Network\node_modules\next\dist\compiled\next-server\app-page-turbo.runtime.dev.js:53:159664)
    at renderElement (C:\Transfer\Project 2026\M-Amin Network\node_modules\next\dist\compiled\next-server\app-page-turbo.runtime.dev.js:53:178263)
    at renderModelDestructive (C:\Transfer\Project 2026\M-Amin Network\node_modules\next\dist\compiled\next-server\app-page-turbo.runtime.dev.js:53:182086)
    at retryTask (C:\Transfer\Project 2026\M-Amin Network\node_modules\next\dist\compiled\next-server\app-page-turbo.runtime.dev.js:53:221052)
    at outlineTask (C:\Transfer\Project 2026\M-Amin Network\node_modules\next\dist\compiled\next-server\app-page-turbo.runtime.dev.js:53:164857)
    at renderFunctionComponent (C:\Transfer\Project 2026\M-Amin Network\node_modules\next\dist\compiled\next-server\app-page-turbo.runtime.dev.js:53:158663)
    at renderElement (C:\Transfer\Project 2026\M-Amin Network\node_modules\next\dist\compiled\next-server\app-page-turbo.runtime.dev.js:53:178263)
    at renderModelDestructive (C:\Transfer\Project 2026\M-Amin Network\node_modules\next\dist\compiled\next-server\app-page-turbo.runtime.dev.js:53:182086)
    at C:\Transfer\Project 2026\M-Amin Network\node_modules\next\dist\compiled\next-server\app-page-turbo.runtime.dev.js:53:170748
    at Array.toJSON (C:\Transfer\Project 2026\M-Amin Network\node_modules\next\dist\compiled\next-server\app-page-turbo.runtime.dev.js:53:172065)
    at stringify (<anonymous>)
    at emitChunk (C:\Transfer\Project 2026\M-Amin Network\node_modules\next\dist\compiled\next-server\app-page-turbo.runtime.dev.js:53:220399)
    at retryTask (C:\Transfer\Project 2026\M-Amin Network\node_modules\next\dist\compiled\next-server\app-page-turbo.runtime.dev.js:53:221542)
    at performWork (C:\Transfer\Project 2026\M-Amin Network\node_modules\next\dist\compiled\next-server\app-page-turbo.runtime.dev.js:53:223062)
    at AsyncLocalStorage.run (node:internal/async_local_storage/async_context_frame:63:14)
    at C:\Transfer\Project 2026\M-Amin Network\node_modules\next\dist\compiled\next-server\app-page-turbo.runtime.dev.js:53:226810
    at node:internal/process/task_queues:150:7
    at AsyncResource.runInAsyncScope (node:async_hooks:227:14)
    at AsyncResource.runMicrotask (node:internal/process/task_queues:147:8)

[2026-07-10T20:27:13.812Z] Action: getSetting, Key: m_amin_system_config
Error: Too many connections
Stack: Error: Too many connections
    at getSetting (C:\Transfer\Project 2026\M-Amin Network\.next\dev\server\chunks\ssr\[root-of-the-server]__15u4bti._.js:222:158)
    at RootLayout (C:\Transfer\Project 2026\M-Amin Network\.next\dev\server\chunks\ssr\[root-of-the-server]__15u4bti._.js:428:169)
    at Object.react_stack_bottom_frame (C:\Transfer\Project 2026\M-Amin Network\node_modules\next\dist\compiled\next-server\app-page-turbo.runtime.dev.js:53:268077)
    at AsyncLocalStorage.run (node:internal/async_local_storage/async_context_frame:63:14)
    at renderFunctionComponent (C:\Transfer\Project 2026\M-Amin Network\node_modules\next\dist\compiled\next-server\app-page-turbo.runtime.dev.js:53:159664)
    at renderElement (C:\Transfer\Project 2026\M-Amin Network\node_modules\next\dist\compiled\next-server\app-page-turbo.runtime.dev.js:53:178263)
    at renderModelDestructive (C:\Transfer\Project 2026\M-Amin Network\node_modules\next\dist\compiled\next-server\app-page-turbo.runtime.dev.js:53:182086)
    at retryTask (C:\Transfer\Project 2026\M-Amin Network\node_modules\next\dist\compiled\next-server\app-page-turbo.runtime.dev.js:53:221052)
    at outlineTask (C:\Transfer\Project 2026\M-Amin Network\node_modules\next\dist\compiled\next-server\app-page-turbo.runtime.dev.js:53:164857)
    at renderFunctionComponent (C:\Transfer\Project 2026\M-Amin Network\node_modules\next\dist\compiled\next-server\app-page-turbo.runtime.dev.js:53:158663)
    at renderElement (C:\Transfer\Project 2026\M-Amin Network\node_modules\next\dist\compiled\next-server\app-page-turbo.runtime.dev.js:53:178263)
    at renderModelDestructive (C:\Transfer\Project 2026\M-Amin Network\node_modules\next\dist\compiled\next-server\app-page-turbo.runtime.dev.js:53:182086)
    at C:\Transfer\Project 2026\M-Amin Network\node_modules\next\dist\compiled\next-server\app-page-turbo.runtime.dev.js:53:170748
    at Array.toJSON (C:\Transfer\Project 2026\M-Amin Network\node_modules\next\dist\compiled\next-server\app-page-turbo.runtime.dev.js:53:172065)
    at stringify (<anonymous>)
    at emitChunk (C:\Transfer\Project 2026\M-Amin Network\node_modules\next\dist\compiled\next-server\app-page-turbo.runtime.dev.js:53:220399)
    at retryTask (C:\Transfer\Project 2026\M-Amin Network\node_modules\next\dist\compiled\next-server\app-page-turbo.runtime.dev.js:53:221542)
    at performWork (C:\Transfer\Project 2026\M-Amin Network\node_modules\next\dist\compiled\next-server\app-page-turbo.runtime.dev.js:53:223062)
    at AsyncLocalStorage.run (node:internal/async_local_storage/async_context_frame:63:14)
    at C:\Transfer\Project 2026\M-Amin Network\node_modules\next\dist\compiled\next-server\app-page-turbo.runtime.dev.js:53:226810
    at node:internal/process/task_queues:150:7
    at AsyncResource.runInAsyncScope (node:async_hooks:227:14)
    at AsyncResource.runMicrotask (node:internal/process/task_queues:147:8)

[2026-07-10T20:27:13.892Z] Action: getSetting, Key: m_amin_system_config
Error: Too many connections
Stack: Error: Too many connections
    at getSetting (C:\Transfer\Project 2026\M-Amin Network\.next\dev\server\chunks\ssr\[root-of-the-server]__15u4bti._.js:222:158)
    at RootLayout (C:\Transfer\Project 2026\M-Amin Network\.next\dev\server\chunks\ssr\[root-of-the-server]__15u4bti._.js:428:169)
    at Object.react_stack_bottom_frame (C:\Transfer\Project 2026\M-Amin Network\node_modules\next\dist\compiled\next-server\app-page-turbo.runtime.dev.js:53:268077)
    at AsyncLocalStorage.run (node:internal/async_local_storage/async_context_frame:63:14)
    at renderFunctionComponent (C:\Transfer\Project 2026\M-Amin Network\node_modules\next\dist\compiled\next-server\app-page-turbo.runtime.dev.js:53:159664)
    at renderElement (C:\Transfer\Project 2026\M-Amin Network\node_modules\next\dist\compiled\next-server\app-page-turbo.runtime.dev.js:53:178263)
    at renderModelDestructive (C:\Transfer\Project 2026\M-Amin Network\node_modules\next\dist\compiled\next-server\app-page-turbo.runtime.dev.js:53:182086)
    at retryTask (C:\Transfer\Project 2026\M-Amin Network\node_modules\next\dist\compiled\next-server\app-page-turbo.runtime.dev.js:53:221052)
    at outlineTask (C:\Transfer\Project 2026\M-Amin Network\node_modules\next\dist\compiled\next-server\app-page-turbo.runtime.dev.js:53:164857)
    at renderFunctionComponent (C:\Transfer\Project 2026\M-Amin Network\node_modules\next\dist\compiled\next-server\app-page-turbo.runtime.dev.js:53:158663)
    at renderElement (C:\Transfer\Project 2026\M-Amin Network\node_modules\next\dist\compiled\next-server\app-page-turbo.runtime.dev.js:53:178263)
    at renderModelDestructive (C:\Transfer\Project 2026\M-Amin Network\node_modules\next\dist\compiled\next-server\app-page-turbo.runtime.dev.js:53:182086)
    at C:\Transfer\Project 2026\M-Amin Network\node_modules\next\dist\compiled\next-server\app-page-turbo.runtime.dev.js:53:170748
    at Array.toJSON (C:\Transfer\Project 2026\M-Amin Network\node_modules\next\dist\compiled\next-server\app-page-turbo.runtime.dev.js:53:172065)
    at stringify (<anonymous>)
    at emitChunk (C:\Transfer\Project 2026\M-Amin Network\node_modules\next\dist\compiled\next-server\app-page-turbo.runtime.dev.js:53:220399)
    at retryTask (C:\Transfer\Project 2026\M-Amin Network\node_modules\next\dist\compiled\next-server\app-page-turbo.runtime.dev.js:53:221542)
    at performWork (C:\Transfer\Project 2026\M-Amin Network\node_modules\next\dist\compiled\next-server\app-page-turbo.runtime.dev.js:53:223062)
    at AsyncLocalStorage.run (node:internal/async_local_storage/async_context_frame:63:14)
    at C:\Transfer\Project 2026\M-Amin Network\node_modules\next\dist\compiled\next-server\app-page-turbo.runtime.dev.js:53:226810
    at node:internal/process/task_queues:150:7
    at AsyncResource.runInAsyncScope (node:async_hooks:227:14)
    at AsyncResource.runMicrotask (node:internal/process/task_queues:147:8)

[2026-07-10T20:27:13.894Z] Action: getSetting, Key: m_amin_system_config
Error: Too many connections
Stack: Error: Too many connections
    at getSetting (C:\Transfer\Project 2026\M-Amin Network\.next\dev\server\chunks\ssr\[root-of-the-server]__15u4bti._.js:222:158)
    at RootLayout (C:\Transfer\Project 2026\M-Amin Network\.next\dev\server\chunks\ssr\[root-of-the-server]__15u4bti._.js:428:169)
    at Object.react_stack_bottom_frame (C:\Transfer\Project 2026\M-Amin Network\node_modules\next\dist\compiled\next-server\app-page-turbo.runtime.dev.js:53:268077)
    at AsyncLocalStorage.run (node:internal/async_local_storage/async_context_frame:63:14)
    at renderFunctionComponent (C:\Transfer\Project 2026\M-Amin Network\node_modules\next\dist\compiled\next-server\app-page-turbo.runtime.dev.js:53:159664)
    at renderElement (C:\Transfer\Project 2026\M-Amin Network\node_modules\next\dist\compiled\next-server\app-page-turbo.runtime.dev.js:53:178263)
    at renderModelDestructive (C:\Transfer\Project 2026\M-Amin Network\node_modules\next\dist\compiled\next-server\app-page-turbo.runtime.dev.js:53:182086)
    at retryTask (C:\Transfer\Project 2026\M-Amin Network\node_modules\next\dist\compiled\next-server\app-page-turbo.runtime.dev.js:53:221052)
    at outlineTask (C:\Transfer\Project 2026\M-Amin Network\node_modules\next\dist\compiled\next-server\app-page-turbo.runtime.dev.js:53:164857)
    at renderFunctionComponent (C:\Transfer\Project 2026\M-Amin Network\node_modules\next\dist\compiled\next-server\app-page-turbo.runtime.dev.js:53:158663)
    at renderElement (C:\Transfer\Project 2026\M-Amin Network\node_modules\next\dist\compiled\next-server\app-page-turbo.runtime.dev.js:53:178263)
    at renderModelDestructive (C:\Transfer\Project 2026\M-Amin Network\node_modules\next\dist\compiled\next-server\app-page-turbo.runtime.dev.js:53:182086)
    at C:\Transfer\Project 2026\M-Amin Network\node_modules\next\dist\compiled\next-server\app-page-turbo.runtime.dev.js:53:170748
    at Array.toJSON (C:\Transfer\Project 2026\M-Amin Network\node_modules\next\dist\compiled\next-server\app-page-turbo.runtime.dev.js:53:172065)
    at stringify (<anonymous>)
    at emitChunk (C:\Transfer\Project 2026\M-Amin Network\node_modules\next\dist\compiled\next-server\app-page-turbo.runtime.dev.js:53:220399)
    at retryTask (C:\Transfer\Project 2026\M-Amin Network\node_modules\next\dist\compiled\next-server\app-page-turbo.runtime.dev.js:53:221542)
    at performWork (C:\Transfer\Project 2026\M-Amin Network\node_modules\next\dist\compiled\next-server\app-page-turbo.runtime.dev.js:53:223062)
    at AsyncLocalStorage.run (node:internal/async_local_storage/async_context_frame:63:14)
    at C:\Transfer\Project 2026\M-Amin Network\node_modules\next\dist\compiled\next-server\app-page-turbo.runtime.dev.js:53:226810
    at node:internal/process/task_queues:150:7
    at AsyncResource.runInAsyncScope (node:async_hooks:227:14)
    at AsyncResource.runMicrotask (node:internal/process/task_queues:147:8)

[2026-07-10T20:27:14.011Z] Action: getSetting, Key: m_amin_system_config
Error: Too many connections
Stack: Error: Too many connections
    at getSetting (C:\Transfer\Project 2026\M-Amin Network\.next\dev\server\chunks\ssr\[root-of-the-server]__15u4bti._.js:222:158)
    at RootLayout (C:\Transfer\Project 2026\M-Amin Network\.next\dev\server\chunks\ssr\[root-of-the-server]__15u4bti._.js:428:169)
    at Object.react_stack_bottom_frame (C:\Transfer\Project 2026\M-Amin Network\node_modules\next\dist\compiled\next-server\app-page-turbo.runtime.dev.js:53:268077)
    at AsyncLocalStorage.run (node:internal/async_local_storage/async_context_frame:63:14)
    at renderFunctionComponent (C:\Transfer\Project 2026\M-Amin Network\node_modules\next\dist\compiled\next-server\app-page-turbo.runtime.dev.js:53:159664)
    at renderElement (C:\Transfer\Project 2026\M-Amin Network\node_modules\next\dist\compiled\next-server\app-page-turbo.runtime.dev.js:53:178263)
    at renderModelDestructive (C:\Transfer\Project 2026\M-Amin Network\node_modules\next\dist\compiled\next-server\app-page-turbo.runtime.dev.js:53:182086)
    at retryTask (C:\Transfer\Project 2026\M-Amin Network\node_modules\next\dist\compiled\next-server\app-page-turbo.runtime.dev.js:53:221052)
    at outlineTask (C:\Transfer\Project 2026\M-Amin Network\node_modules\next\dist\compiled\next-server\app-page-turbo.runtime.dev.js:53:164857)
    at renderFunctionComponent (C:\Transfer\Project 2026\M-Amin Network\node_modules\next\dist\compiled\next-server\app-page-turbo.runtime.dev.js:53:158663)
    at renderElement (C:\Transfer\Project 2026\M-Amin Network\node_modules\next\dist\compiled\next-server\app-page-turbo.runtime.dev.js:53:178263)
    at renderModelDestructive (C:\Transfer\Project 2026\M-Amin Network\node_modules\next\dist\compiled\next-server\app-page-turbo.runtime.dev.js:53:182086)
    at C:\Transfer\Project 2026\M-Amin Network\node_modules\next\dist\compiled\next-server\app-page-turbo.runtime.dev.js:53:170748
    at Array.toJSON (C:\Transfer\Project 2026\M-Amin Network\node_modules\next\dist\compiled\next-server\app-page-turbo.runtime.dev.js:53:172065)
    at stringify (<anonymous>)
    at emitChunk (C:\Transfer\Project 2026\M-Amin Network\node_modules\next\dist\compiled\next-server\app-page-turbo.runtime.dev.js:53:220399)
    at retryTask (C:\Transfer\Project 2026\M-Amin Network\node_modules\next\dist\compiled\next-server\app-page-turbo.runtime.dev.js:53:221542)
    at performWork (C:\Transfer\Project 2026\M-Amin Network\node_modules\next\dist\compiled\next-server\app-page-turbo.runtime.dev.js:53:223062)
    at AsyncLocalStorage.run (node:internal/async_local_storage/async_context_frame:63:14)
    at C:\Transfer\Project 2026\M-Amin Network\node_modules\next\dist\compiled\next-server\app-page-turbo.runtime.dev.js:53:226810
    at node:internal/process/task_queues:150:7
    at AsyncResource.runInAsyncScope (node:async_hooks:227:14)
    at AsyncResource.runMicrotask (node:internal/process/task_queues:147:8)

[2026-07-10T20:27:14.014Z] Action: getSetting, Key: m_amin_system_config
Error: Too many connections
Stack: Error: Too many connections
    at getSetting (C:\Transfer\Project 2026\M-Amin Network\.next\dev\server\chunks\ssr\[root-of-the-server]__15u4bti._.js:222:158)
    at RootLayout (C:\Transfer\Project 2026\M-Amin Network\.next\dev\server\chunks\ssr\[root-of-the-server]__15u4bti._.js:428:169)
    at Object.react_stack_bottom_frame (C:\Transfer\Project 2026\M-Amin Network\node_modules\next\dist\compiled\next-server\app-page-turbo.runtime.dev.js:53:268077)
    at AsyncLocalStorage.run (node:internal/async_local_storage/async_context_frame:63:14)
    at renderFunctionComponent (C:\Transfer\Project 2026\M-Amin Network\node_modules\next\dist\compiled\next-server\app-page-turbo.runtime.dev.js:53:159664)
    at renderElement (C:\Transfer\Project 2026\M-Amin Network\node_modules\next\dist\compiled\next-server\app-page-turbo.runtime.dev.js:53:178263)
    at renderModelDestructive (C:\Transfer\Project 2026\M-Amin Network\node_modules\next\dist\compiled\next-server\app-page-turbo.runtime.dev.js:53:182086)
    at retryTask (C:\Transfer\Project 2026\M-Amin Network\node_modules\next\dist\compiled\next-server\app-page-turbo.runtime.dev.js:53:221052)
    at outlineTask (C:\Transfer\Project 2026\M-Amin Network\node_modules\next\dist\compiled\next-server\app-page-turbo.runtime.dev.js:53:164857)
    at renderFunctionComponent (C:\Transfer\Project 2026\M-Amin Network\node_modules\next\dist\compiled\next-server\app-page-turbo.runtime.dev.js:53:158663)
    at renderElement (C:\Transfer\Project 2026\M-Amin Network\node_modules\next\dist\compiled\next-server\app-page-turbo.runtime.dev.js:53:178263)
    at renderModelDestructive (C:\Transfer\Project 2026\M-Amin Network\node_modules\next\dist\compiled\next-server\app-page-turbo.runtime.dev.js:53:182086)
    at C:\Transfer\Project 2026\M-Amin Network\node_modules\next\dist\compiled\next-server\app-page-turbo.runtime.dev.js:53:170748
    at Array.toJSON (C:\Transfer\Project 2026\M-Amin Network\node_modules\next\dist\compiled\next-server\app-page-turbo.runtime.dev.js:53:172065)
    at stringify (<anonymous>)
    at emitChunk (C:\Transfer\Project 2026\M-Amin Network\node_modules\next\dist\compiled\next-server\app-page-turbo.runtime.dev.js:53:220399)
    at retryTask (C:\Transfer\Project 2026\M-Amin Network\node_modules\next\dist\compiled\next-server\app-page-turbo.runtime.dev.js:53:221542)
    at performWork (C:\Transfer\Project 2026\M-Amin Network\node_modules\next\dist\compiled\next-server\app-page-turbo.runtime.dev.js:53:223062)
    at AsyncLocalStorage.run (node:internal/async_local_storage/async_context_frame:63:14)
    at C:\Transfer\Project 2026\M-Amin Network\node_modules\next\dist\compiled\next-server\app-page-turbo.runtime.dev.js:53:226810
    at node:internal/process/task_queues:150:7
    at AsyncResource.runInAsyncScope (node:async_hooks:227:14)
    at AsyncResource.runMicrotask (node:internal/process/task_queues:147:8)

[2026-07-10T20:27:14.115Z] Action: getSetting, Key: m_amin_system_config
Error: Too many connections
Stack: Error: Too many connections
    at getSetting (C:\Transfer\Project 2026\M-Amin Network\.next\dev\server\chunks\ssr\[root-of-the-server]__15u4bti._.js:222:158)
    at RootLayout (C:\Transfer\Project 2026\M-Amin Network\.next\dev\server\chunks\ssr\[root-of-the-server]__15u4bti._.js:428:169)
    at Object.react_stack_bottom_frame (C:\Transfer\Project 2026\M-Amin Network\node_modules\next\dist\compiled\next-server\app-page-turbo.runtime.dev.js:53:268077)
    at AsyncLocalStorage.run (node:internal/async_local_storage/async_context_frame:63:14)
    at renderFunctionComponent (C:\Transfer\Project 2026\M-Amin Network\node_modules\next\dist\compiled\next-server\app-page-turbo.runtime.dev.js:53:159664)
    at renderElement (C:\Transfer\Project 2026\M-Amin Network\node_modules\next\dist\compiled\next-server\app-page-turbo.runtime.dev.js:53:178263)
    at renderModelDestructive (C:\Transfer\Project 2026\M-Amin Network\node_modules\next\dist\compiled\next-server\app-page-turbo.runtime.dev.js:53:182086)
    at retryTask (C:\Transfer\Project 2026\M-Amin Network\node_modules\next\dist\compiled\next-server\app-page-turbo.runtime.dev.js:53:221052)
    at outlineTask (C:\Transfer\Project 2026\M-Amin Network\node_modules\next\dist\compiled\next-server\app-page-turbo.runtime.dev.js:53:164857)
    at renderFunctionComponent (C:\Transfer\Project 2026\M-Amin Network\node_modules\next\dist\compiled\next-server\app-page-turbo.runtime.dev.js:53:158663)
    at renderElement (C:\Transfer\Project 2026\M-Amin Network\node_modules\next\dist\compiled\next-server\app-page-turbo.runtime.dev.js:53:178263)
    at renderModelDestructive (C:\Transfer\Project 2026\M-Amin Network\node_modules\next\dist\compiled\next-server\app-page-turbo.runtime.dev.js:53:182086)
    at C:\Transfer\Project 2026\M-Amin Network\node_modules\next\dist\compiled\next-server\app-page-turbo.runtime.dev.js:53:170748
    at Array.toJSON (C:\Transfer\Project 2026\M-Amin Network\node_modules\next\dist\compiled\next-server\app-page-turbo.runtime.dev.js:53:172065)
    at stringify (<anonymous>)
    at emitChunk (C:\Transfer\Project 2026\M-Amin Network\node_modules\next\dist\compiled\next-server\app-page-turbo.runtime.dev.js:53:220399)
    at retryTask (C:\Transfer\Project 2026\M-Amin Network\node_modules\next\dist\compiled\next-server\app-page-turbo.runtime.dev.js:53:221542)
    at performWork (C:\Transfer\Project 2026\M-Amin Network\node_modules\next\dist\compiled\next-server\app-page-turbo.runtime.dev.js:53:223062)
    at AsyncLocalStorage.run (node:internal/async_local_storage/async_context_frame:63:14)
    at C:\Transfer\Project 2026\M-Amin Network\node_modules\next\dist\compiled\next-server\app-page-turbo.runtime.dev.js:53:226810
    at node:internal/process/task_queues:150:7
    at AsyncResource.runInAsyncScope (node:async_hooks:227:14)
    at AsyncResource.runMicrotask (node:internal/process/task_queues:147:8)

[2026-07-10T20:27:14.119Z] Action: getSetting, Key: m_amin_system_config
Error: Too many connections
Stack: Error: Too many connections
    at getSetting (C:\Transfer\Project 2026\M-Amin Network\.next\dev\server\chunks\ssr\[root-of-the-server]__15u4bti._.js:222:158)
    at RootLayout (C:\Transfer\Project 2026\M-Amin Network\.next\dev\server\chunks\ssr\[root-of-the-server]__15u4bti._.js:428:169)
    at Object.react_stack_bottom_frame (C:\Transfer\Project 2026\M-Amin Network\node_modules\next\dist\compiled\next-server\app-page-turbo.runtime.dev.js:53:268077)
    at AsyncLocalStorage.run (node:internal/async_local_storage/async_context_frame:63:14)
    at renderFunctionComponent (C:\Transfer\Project 2026\M-Amin Network\node_modules\next\dist\compiled\next-server\app-page-turbo.runtime.dev.js:53:159664)
    at renderElement (C:\Transfer\Project 2026\M-Amin Network\node_modules\next\dist\compiled\next-server\app-page-turbo.runtime.dev.js:53:178263)
    at renderModelDestructive (C:\Transfer\Project 2026\M-Amin Network\node_modules\next\dist\compiled\next-server\app-page-turbo.runtime.dev.js:53:182086)
    at retryTask (C:\Transfer\Project 2026\M-Amin Network\node_modules\next\dist\compiled\next-server\app-page-turbo.runtime.dev.js:53:221052)
    at outlineTask (C:\Transfer\Project 2026\M-Amin Network\node_modules\next\dist\compiled\next-server\app-page-turbo.runtime.dev.js:53:164857)
    at renderFunctionComponent (C:\Transfer\Project 2026\M-Amin Network\node_modules\next\dist\compiled\next-server\app-page-turbo.runtime.dev.js:53:158663)
    at renderElement (C:\Transfer\Project 2026\M-Amin Network\node_modules\next\dist\compiled\next-server\app-page-turbo.runtime.dev.js:53:178263)
    at renderModelDestructive (C:\Transfer\Project 2026\M-Amin Network\node_modules\next\dist\compiled\next-server\app-page-turbo.runtime.dev.js:53:182086)
    at C:\Transfer\Project 2026\M-Amin Network\node_modules\next\dist\compiled\next-server\app-page-turbo.runtime.dev.js:53:170748
    at Array.toJSON (C:\Transfer\Project 2026\M-Amin Network\node_modules\next\dist\compiled\next-server\app-page-turbo.runtime.dev.js:53:172065)
    at stringify (<anonymous>)
    at emitChunk (C:\Transfer\Project 2026\M-Amin Network\node_modules\next\dist\compiled\next-server\app-page-turbo.runtime.dev.js:53:220399)
    at retryTask (C:\Transfer\Project 2026\M-Amin Network\node_modules\next\dist\compiled\next-server\app-page-turbo.runtime.dev.js:53:221542)
    at performWork (C:\Transfer\Project 2026\M-Amin Network\node_modules\next\dist\compiled\next-server\app-page-turbo.runtime.dev.js:53:223062)
    at AsyncLocalStorage.run (node:internal/async_local_storage/async_context_frame:63:14)
    at C:\Transfer\Project 2026\M-Amin Network\node_modules\next\dist\compiled\next-server\app-page-turbo.runtime.dev.js:53:226810
    at node:internal/process/task_queues:150:7
    at AsyncResource.runInAsyncScope (node:async_hooks:227:14)
    at AsyncResource.runMicrotask (node:internal/process/task_queues:147:8)

[2026-07-10T20:27:14.121Z] Action: getSetting, Key: m_amin_system_config
Error: Too many connections
Stack: Error: Too many connections
    at getSetting (C:\Transfer\Project 2026\M-Amin Network\.next\dev\server\chunks\ssr\[root-of-the-server]__15u4bti._.js:222:158)
    at RootLayout (C:\Transfer\Project 2026\M-Amin Network\.next\dev\server\chunks\ssr\[root-of-the-server]__15u4bti._.js:428:169)
    at Object.react_stack_bottom_frame (C:\Transfer\Project 2026\M-Amin Network\node_modules\next\dist\compiled\next-server\app-page-turbo.runtime.dev.js:53:268077)
    at AsyncLocalStorage.run (node:internal/async_local_storage/async_context_frame:63:14)
    at renderFunctionComponent (C:\Transfer\Project 2026\M-Amin Network\node_modules\next\dist\compiled\next-server\app-page-turbo.runtime.dev.js:53:159664)
    at renderElement (C:\Transfer\Project 2026\M-Amin Network\node_modules\next\dist\compiled\next-server\app-page-turbo.runtime.dev.js:53:178263)
    at renderModelDestructive (C:\Transfer\Project 2026\M-Amin Network\node_modules\next\dist\compiled\next-server\app-page-turbo.runtime.dev.js:53:182086)
    at retryTask (C:\Transfer\Project 2026\M-Amin Network\node_modules\next\dist\compiled\next-server\app-page-turbo.runtime.dev.js:53:221052)
    at outlineTask (C:\Transfer\Project 2026\M-Amin Network\node_modules\next\dist\compiled\next-server\app-page-turbo.runtime.dev.js:53:164857)
    at renderFunctionComponent (C:\Transfer\Project 2026\M-Amin Network\node_modules\next\dist\compiled\next-server\app-page-turbo.runtime.dev.js:53:158663)
    at renderElement (C:\Transfer\Project 2026\M-Amin Network\node_modules\next\dist\compiled\next-server\app-page-turbo.runtime.dev.js:53:178263)
    at renderModelDestructive (C:\Transfer\Project 2026\M-Amin Network\node_modules\next\dist\compiled\next-server\app-page-turbo.runtime.dev.js:53:182086)
    at C:\Transfer\Project 2026\M-Amin Network\node_modules\next\dist\compiled\next-server\app-page-turbo.runtime.dev.js:53:170748
    at Array.toJSON (C:\Transfer\Project 2026\M-Amin Network\node_modules\next\dist\compiled\next-server\app-page-turbo.runtime.dev.js:53:172065)
    at stringify (<anonymous>)
    at emitChunk (C:\Transfer\Project 2026\M-Amin Network\node_modules\next\dist\compiled\next-server\app-page-turbo.runtime.dev.js:53:220399)
    at retryTask (C:\Transfer\Project 2026\M-Amin Network\node_modules\next\dist\compiled\next-server\app-page-turbo.runtime.dev.js:53:221542)
    at performWork (C:\Transfer\Project 2026\M-Amin Network\node_modules\next\dist\compiled\next-server\app-page-turbo.runtime.dev.js:53:223062)
    at AsyncLocalStorage.run (node:internal/async_local_storage/async_context_frame:63:14)
    at C:\Transfer\Project 2026\M-Amin Network\node_modules\next\dist\compiled\next-server\app-page-turbo.runtime.dev.js:53:226810
    at node:internal/process/task_queues:150:7
    at AsyncResource.runInAsyncScope (node:async_hooks:227:14)
    at AsyncResource.runMicrotask (node:internal/process/task_queues:147:8)

[2026-07-10T20:27:14.164Z] Action: getSetting, Key: m_amin_system_config
Error: Too many connections
Stack: Error: Too many connections
    at getSetting (C:\Transfer\Project 2026\M-Amin Network\.next\dev\server\chunks\ssr\[root-of-the-server]__15u4bti._.js:222:158)
    at RootLayout (C:\Transfer\Project 2026\M-Amin Network\.next\dev\server\chunks\ssr\[root-of-the-server]__15u4bti._.js:428:169)
    at Object.react_stack_bottom_frame (C:\Transfer\Project 2026\M-Amin Network\node_modules\next\dist\compiled\next-server\app-page-turbo.runtime.dev.js:53:268077)
    at AsyncLocalStorage.run (node:internal/async_local_storage/async_context_frame:63:14)
    at renderFunctionComponent (C:\Transfer\Project 2026\M-Amin Network\node_modules\next\dist\compiled\next-server\app-page-turbo.runtime.dev.js:53:159664)
    at renderElement (C:\Transfer\Project 2026\M-Amin Network\node_modules\next\dist\compiled\next-server\app-page-turbo.runtime.dev.js:53:178263)
    at renderModelDestructive (C:\Transfer\Project 2026\M-Amin Network\node_modules\next\dist\compiled\next-server\app-page-turbo.runtime.dev.js:53:182086)
    at retryTask (C:\Transfer\Project 2026\M-Amin Network\node_modules\next\dist\compiled\next-server\app-page-turbo.runtime.dev.js:53:221052)
    at outlineTask (C:\Transfer\Project 2026\M-Amin Network\node_modules\next\dist\compiled\next-server\app-page-turbo.runtime.dev.js:53:164857)
    at renderFunctionComponent (C:\Transfer\Project 2026\M-Amin Network\node_modules\next\dist\compiled\next-server\app-page-turbo.runtime.dev.js:53:158663)
    at renderElement (C:\Transfer\Project 2026\M-Amin Network\node_modules\next\dist\compiled\next-server\app-page-turbo.runtime.dev.js:53:178263)
    at renderModelDestructive (C:\Transfer\Project 2026\M-Amin Network\node_modules\next\dist\compiled\next-server\app-page-turbo.runtime.dev.js:53:182086)
    at C:\Transfer\Project 2026\M-Amin Network\node_modules\next\dist\compiled\next-server\app-page-turbo.runtime.dev.js:53:170748
    at Array.toJSON (C:\Transfer\Project 2026\M-Amin Network\node_modules\next\dist\compiled\next-server\app-page-turbo.runtime.dev.js:53:172065)
    at stringify (<anonymous>)
    at emitChunk (C:\Transfer\Project 2026\M-Amin Network\node_modules\next\dist\compiled\next-server\app-page-turbo.runtime.dev.js:53:220399)
    at retryTask (C:\Transfer\Project 2026\M-Amin Network\node_modules\next\dist\compiled\next-server\app-page-turbo.runtime.dev.js:53:221542)
    at performWork (C:\Transfer\Project 2026\M-Amin Network\node_modules\next\dist\compiled\next-server\app-page-turbo.runtime.dev.js:53:223062)
    at AsyncLocalStorage.run (node:internal/async_local_storage/async_context_frame:63:14)
    at C:\Transfer\Project 2026\M-Amin Network\node_modules\next\dist\compiled\next-server\app-page-turbo.runtime.dev.js:53:226810
    at node:internal/process/task_queues:150:7
    at AsyncResource.runInAsyncScope (node:async_hooks:227:14)
    at AsyncResource.runMicrotask (node:internal/process/task_queues:147:8)

[2026-07-10T20:27:34.347Z] Action: getSetting SELECT, Key: m_amin_system_config
Error: Too many connections
Stack: Error: Too many connections
    at getSetting (C:\Transfer\Project 2026\M-Amin Network\.next\dev\server\chunks\ssr\[root-of-the-server]__15u4bti._.js:266:165)
    at RootLayout (C:\Transfer\Project 2026\M-Amin Network\.next\dev\server\chunks\ssr\[root-of-the-server]__15u4bti._.js:438:169)
    at Object.react_stack_bottom_frame (C:\Transfer\Project 2026\M-Amin Network\node_modules\next\dist\compiled\next-server\app-page-turbo.runtime.dev.js:53:268077)
    at AsyncLocalStorage.run (node:internal/async_local_storage/async_context_frame:63:14)
    at renderFunctionComponent (C:\Transfer\Project 2026\M-Amin Network\node_modules\next\dist\compiled\next-server\app-page-turbo.runtime.dev.js:53:159664)
    at renderElement (C:\Transfer\Project 2026\M-Amin Network\node_modules\next\dist\compiled\next-server\app-page-turbo.runtime.dev.js:53:178263)
    at renderModelDestructive (C:\Transfer\Project 2026\M-Amin Network\node_modules\next\dist\compiled\next-server\app-page-turbo.runtime.dev.js:53:182086)
    at retryTask (C:\Transfer\Project 2026\M-Amin Network\node_modules\next\dist\compiled\next-server\app-page-turbo.runtime.dev.js:53:221052)
    at outlineTask (C:\Transfer\Project 2026\M-Amin Network\node_modules\next\dist\compiled\next-server\app-page-turbo.runtime.dev.js:53:164857)
    at renderFunctionComponent (C:\Transfer\Project 2026\M-Amin Network\node_modules\next\dist\compiled\next-server\app-page-turbo.runtime.dev.js:53:158663)
    at renderElement (C:\Transfer\Project 2026\M-Amin Network\node_modules\next\dist\compiled\next-server\app-page-turbo.runtime.dev.js:53:178263)
    at renderModelDestructive (C:\Transfer\Project 2026\M-Amin Network\node_modules\next\dist\compiled\next-server\app-page-turbo.runtime.dev.js:53:182086)
    at C:\Transfer\Project 2026\M-Amin Network\node_modules\next\dist\compiled\next-server\app-page-turbo.runtime.dev.js:53:170748
    at Array.toJSON (C:\Transfer\Project 2026\M-Amin Network\node_modules\next\dist\compiled\next-server\app-page-turbo.runtime.dev.js:53:172065)
    at stringify (<anonymous>)
    at emitChunk (C:\Transfer\Project 2026\M-Amin Network\node_modules\next\dist\compiled\next-server\app-page-turbo.runtime.dev.js:53:220399)
    at retryTask (C:\Transfer\Project 2026\M-Amin Network\node_modules\next\dist\compiled\next-server\app-page-turbo.runtime.dev.js:53:221542)
    at performWork (C:\Transfer\Project 2026\M-Amin Network\node_modules\next\dist\compiled\next-server\app-page-turbo.runtime.dev.js:53:223062)
    at AsyncLocalStorage.run (node:internal/async_local_storage/async_context_frame:63:14)
    at C:\Transfer\Project 2026\M-Amin Network\node_modules\next\dist\compiled\next-server\app-page-turbo.runtime.dev.js:53:226810
    at node:internal/process/task_queues:150:7
    at AsyncResource.runInAsyncScope (node:async_hooks:227:14)
    at AsyncResource.runMicrotask (node:internal/process/task_queues:147:8)

[2026-07-10T20:27:34.350Z] Action: getSetting, Key: m_amin_system_config
Error: Too many connections
Stack: Error: Too many connections
    at getSetting (C:\Transfer\Project 2026\M-Amin Network\.next\dev\server\chunks\ssr\[root-of-the-server]__15u4bti._.js:266:165)
    at RootLayout (C:\Transfer\Project 2026\M-Amin Network\.next\dev\server\chunks\ssr\[root-of-the-server]__15u4bti._.js:438:169)
    at Object.react_stack_bottom_frame (C:\Transfer\Project 2026\M-Amin Network\node_modules\next\dist\compiled\next-server\app-page-turbo.runtime.dev.js:53:268077)
    at AsyncLocalStorage.run (node:internal/async_local_storage/async_context_frame:63:14)
    at renderFunctionComponent (C:\Transfer\Project 2026\M-Amin Network\node_modules\next\dist\compiled\next-server\app-page-turbo.runtime.dev.js:53:159664)
    at renderElement (C:\Transfer\Project 2026\M-Amin Network\node_modules\next\dist\compiled\next-server\app-page-turbo.runtime.dev.js:53:178263)
    at renderModelDestructive (C:\Transfer\Project 2026\M-Amin Network\node_modules\next\dist\compiled\next-server\app-page-turbo.runtime.dev.js:53:182086)
    at retryTask (C:\Transfer\Project 2026\M-Amin Network\node_modules\next\dist\compiled\next-server\app-page-turbo.runtime.dev.js:53:221052)
    at outlineTask (C:\Transfer\Project 2026\M-Amin Network\node_modules\next\dist\compiled\next-server\app-page-turbo.runtime.dev.js:53:164857)
    at renderFunctionComponent (C:\Transfer\Project 2026\M-Amin Network\node_modules\next\dist\compiled\next-server\app-page-turbo.runtime.dev.js:53:158663)
    at renderElement (C:\Transfer\Project 2026\M-Amin Network\node_modules\next\dist\compiled\next-server\app-page-turbo.runtime.dev.js:53:178263)
    at renderModelDestructive (C:\Transfer\Project 2026\M-Amin Network\node_modules\next\dist\compiled\next-server\app-page-turbo.runtime.dev.js:53:182086)
    at C:\Transfer\Project 2026\M-Amin Network\node_modules\next\dist\compiled\next-server\app-page-turbo.runtime.dev.js:53:170748
    at Array.toJSON (C:\Transfer\Project 2026\M-Amin Network\node_modules\next\dist\compiled\next-server\app-page-turbo.runtime.dev.js:53:172065)
    at stringify (<anonymous>)
    at emitChunk (C:\Transfer\Project 2026\M-Amin Network\node_modules\next\dist\compiled\next-server\app-page-turbo.runtime.dev.js:53:220399)
    at retryTask (C:\Transfer\Project 2026\M-Amin Network\node_modules\next\dist\compiled\next-server\app-page-turbo.runtime.dev.js:53:221542)
    at performWork (C:\Transfer\Project 2026\M-Amin Network\node_modules\next\dist\compiled\next-server\app-page-turbo.runtime.dev.js:53:223062)
    at AsyncLocalStorage.run (node:internal/async_local_storage/async_context_frame:63:14)
    at C:\Transfer\Project 2026\M-Amin Network\node_modules\next\dist\compiled\next-server\app-page-turbo.runtime.dev.js:53:226810
    at node:internal/process/task_queues:150:7
    at AsyncResource.runInAsyncScope (node:async_hooks:227:14)
    at AsyncResource.runMicrotask (node:internal/process/task_queues:147:8)

[2026-07-10T20:27:34.376Z] Action: getSetting SELECT, Key: m_amin_system_config
Error: Too many connections
Stack: Error: Too many connections
    at getSetting (C:\Transfer\Project 2026\M-Amin Network\.next\dev\server\chunks\ssr\[root-of-the-server]__15u4bti._.js:266:165)
    at RootLayout (C:\Transfer\Project 2026\M-Amin Network\.next\dev\server\chunks\ssr\[root-of-the-server]__15u4bti._.js:438:169)
    at Object.react_stack_bottom_frame (C:\Transfer\Project 2026\M-Amin Network\node_modules\next\dist\compiled\next-server\app-page-turbo.runtime.dev.js:53:268077)
    at AsyncLocalStorage.run (node:internal/async_local_storage/async_context_frame:63:14)
    at renderFunctionComponent (C:\Transfer\Project 2026\M-Amin Network\node_modules\next\dist\compiled\next-server\app-page-turbo.runtime.dev.js:53:159664)
    at renderElement (C:\Transfer\Project 2026\M-Amin Network\node_modules\next\dist\compiled\next-server\app-page-turbo.runtime.dev.js:53:178263)
    at renderModelDestructive (C:\Transfer\Project 2026\M-Amin Network\node_modules\next\dist\compiled\next-server\app-page-turbo.runtime.dev.js:53:182086)
    at retryTask (C:\Transfer\Project 2026\M-Amin Network\node_modules\next\dist\compiled\next-server\app-page-turbo.runtime.dev.js:53:221052)
    at outlineTask (C:\Transfer\Project 2026\M-Amin Network\node_modules\next\dist\compiled\next-server\app-page-turbo.runtime.dev.js:53:164857)
    at renderFunctionComponent (C:\Transfer\Project 2026\M-Amin Network\node_modules\next\dist\compiled\next-server\app-page-turbo.runtime.dev.js:53:158663)
    at renderElement (C:\Transfer\Project 2026\M-Amin Network\node_modules\next\dist\compiled\next-server\app-page-turbo.runtime.dev.js:53:178263)
    at renderModelDestructive (C:\Transfer\Project 2026\M-Amin Network\node_modules\next\dist\compiled\next-server\app-page-turbo.runtime.dev.js:53:182086)
    at C:\Transfer\Project 2026\M-Amin Network\node_modules\next\dist\compiled\next-server\app-page-turbo.runtime.dev.js:53:170748
    at Array.toJSON (C:\Transfer\Project 2026\M-Amin Network\node_modules\next\dist\compiled\next-server\app-page-turbo.runtime.dev.js:53:172065)
    at stringify (<anonymous>)
    at emitChunk (C:\Transfer\Project 2026\M-Amin Network\node_modules\next\dist\compiled\next-server\app-page-turbo.runtime.dev.js:53:220399)
    at retryTask (C:\Transfer\Project 2026\M-Amin Network\node_modules\next\dist\compiled\next-server\app-page-turbo.runtime.dev.js:53:221542)
    at performWork (C:\Transfer\Project 2026\M-Amin Network\node_modules\next\dist\compiled\next-server\app-page-turbo.runtime.dev.js:53:223062)
    at AsyncLocalStorage.run (node:internal/async_local_storage/async_context_frame:63:14)
    at C:\Transfer\Project 2026\M-Amin Network\node_modules\next\dist\compiled\next-server\app-page-turbo.runtime.dev.js:53:226810
    at node:internal/process/task_queues:150:7
    at AsyncResource.runInAsyncScope (node:async_hooks:227:14)
    at AsyncResource.runMicrotask (node:internal/process/task_queues:147:8)

[2026-07-10T20:27:34.379Z] Action: getSetting, Key: m_amin_system_config
Error: Too many connections
Stack: Error: Too many connections
    at getSetting (C:\Transfer\Project 2026\M-Amin Network\.next\dev\server\chunks\ssr\[root-of-the-server]__15u4bti._.js:266:165)
    at RootLayout (C:\Transfer\Project 2026\M-Amin Network\.next\dev\server\chunks\ssr\[root-of-the-server]__15u4bti._.js:438:169)
    at Object.react_stack_bottom_frame (C:\Transfer\Project 2026\M-Amin Network\node_modules\next\dist\compiled\next-server\app-page-turbo.runtime.dev.js:53:268077)
    at AsyncLocalStorage.run (node:internal/async_local_storage/async_context_frame:63:14)
    at renderFunctionComponent (C:\Transfer\Project 2026\M-Amin Network\node_modules\next\dist\compiled\next-server\app-page-turbo.runtime.dev.js:53:159664)
    at renderElement (C:\Transfer\Project 2026\M-Amin Network\node_modules\next\dist\compiled\next-server\app-page-turbo.runtime.dev.js:53:178263)
    at renderModelDestructive (C:\Transfer\Project 2026\M-Amin Network\node_modules\next\dist\compiled\next-server\app-page-turbo.runtime.dev.js:53:182086)
    at retryTask (C:\Transfer\Project 2026\M-Amin Network\node_modules\next\dist\compiled\next-server\app-page-turbo.runtime.dev.js:53:221052)
    at outlineTask (C:\Transfer\Project 2026\M-Amin Network\node_modules\next\dist\compiled\next-server\app-page-turbo.runtime.dev.js:53:164857)
    at renderFunctionComponent (C:\Transfer\Project 2026\M-Amin Network\node_modules\next\dist\compiled\next-server\app-page-turbo.runtime.dev.js:53:158663)
    at renderElement (C:\Transfer\Project 2026\M-Amin Network\node_modules\next\dist\compiled\next-server\app-page-turbo.runtime.dev.js:53:178263)
    at renderModelDestructive (C:\Transfer\Project 2026\M-Amin Network\node_modules\next\dist\compiled\next-server\app-page-turbo.runtime.dev.js:53:182086)
    at C:\Transfer\Project 2026\M-Amin Network\node_modules\next\dist\compiled\next-server\app-page-turbo.runtime.dev.js:53:170748
    at Array.toJSON (C:\Transfer\Project 2026\M-Amin Network\node_modules\next\dist\compiled\next-server\app-page-turbo.runtime.dev.js:53:172065)
    at stringify (<anonymous>)
    at emitChunk (C:\Transfer\Project 2026\M-Amin Network\node_modules\next\dist\compiled\next-server\app-page-turbo.runtime.dev.js:53:220399)
    at retryTask (C:\Transfer\Project 2026\M-Amin Network\node_modules\next\dist\compiled\next-server\app-page-turbo.runtime.dev.js:53:221542)
    at performWork (C:\Transfer\Project 2026\M-Amin Network\node_modules\next\dist\compiled\next-server\app-page-turbo.runtime.dev.js:53:223062)
    at AsyncLocalStorage.run (node:internal/async_local_storage/async_context_frame:63:14)
    at C:\Transfer\Project 2026\M-Amin Network\node_modules\next\dist\compiled\next-server\app-page-turbo.runtime.dev.js:53:226810
    at node:internal/process/task_queues:150:7
    at AsyncResource.runInAsyncScope (node:async_hooks:227:14)
    at AsyncResource.runMicrotask (node:internal/process/task_queues:147:8)

[2026-07-10T20:27:34.738Z] Action: getSetting SELECT, Key: m_amin_system_config
Error: Too many connections
Stack: Error: Too many connections
    at getSetting (C:\Transfer\Project 2026\M-Amin Network\.next\dev\server\chunks\ssr\[root-of-the-server]__15u4bti._.js:266:165)
    at RootLayout (C:\Transfer\Project 2026\M-Amin Network\.next\dev\server\chunks\ssr\[root-of-the-server]__15u4bti._.js:438:169)
    at Object.react_stack_bottom_frame (C:\Transfer\Project 2026\M-Amin Network\node_modules\next\dist\compiled\next-server\app-page-turbo.runtime.dev.js:53:268077)
    at AsyncLocalStorage.run (node:internal/async_local_storage/async_context_frame:63:14)
    at renderFunctionComponent (C:\Transfer\Project 2026\M-Amin Network\node_modules\next\dist\compiled\next-server\app-page-turbo.runtime.dev.js:53:159664)
    at renderElement (C:\Transfer\Project 2026\M-Amin Network\node_modules\next\dist\compiled\next-server\app-page-turbo.runtime.dev.js:53:178263)
    at renderModelDestructive (C:\Transfer\Project 2026\M-Amin Network\node_modules\next\dist\compiled\next-server\app-page-turbo.runtime.dev.js:53:182086)
    at retryTask (C:\Transfer\Project 2026\M-Amin Network\node_modules\next\dist\compiled\next-server\app-page-turbo.runtime.dev.js:53:221052)
    at outlineTask (C:\Transfer\Project 2026\M-Amin Network\node_modules\next\dist\compiled\next-server\app-page-turbo.runtime.dev.js:53:164857)
    at renderFunctionComponent (C:\Transfer\Project 2026\M-Amin Network\node_modules\next\dist\compiled\next-server\app-page-turbo.runtime.dev.js:53:158663)
    at renderElement (C:\Transfer\Project 2026\M-Amin Network\node_modules\next\dist\compiled\next-server\app-page-turbo.runtime.dev.js:53:178263)
    at renderModelDestructive (C:\Transfer\Project 2026\M-Amin Network\node_modules\next\dist\compiled\next-server\app-page-turbo.runtime.dev.js:53:182086)
    at C:\Transfer\Project 2026\M-Amin Network\node_modules\next\dist\compiled\next-server\app-page-turbo.runtime.dev.js:53:170748
    at Array.toJSON (C:\Transfer\Project 2026\M-Amin Network\node_modules\next\dist\compiled\next-server\app-page-turbo.runtime.dev.js:53:172065)
    at stringify (<anonymous>)
    at emitChunk (C:\Transfer\Project 2026\M-Amin Network\node_modules\next\dist\compiled\next-server\app-page-turbo.runtime.dev.js:53:220399)
    at retryTask (C:\Transfer\Project 2026\M-Amin Network\node_modules\next\dist\compiled\next-server\app-page-turbo.runtime.dev.js:53:221542)
    at performWork (C:\Transfer\Project 2026\M-Amin Network\node_modules\next\dist\compiled\next-server\app-page-turbo.runtime.dev.js:53:223062)
    at AsyncLocalStorage.run (node:internal/async_local_storage/async_context_frame:63:14)
    at C:\Transfer\Project 2026\M-Amin Network\node_modules\next\dist\compiled\next-server\app-page-turbo.runtime.dev.js:53:226810
    at node:internal/process/task_queues:150:7
    at AsyncResource.runInAsyncScope (node:async_hooks:227:14)
    at AsyncResource.runMicrotask (node:internal/process/task_queues:147:8)

[2026-07-10T20:27:34.743Z] Action: getSetting, Key: m_amin_system_config
Error: Too many connections
Stack: Error: Too many connections
    at getSetting (C:\Transfer\Project 2026\M-Amin Network\.next\dev\server\chunks\ssr\[root-of-the-server]__15u4bti._.js:266:165)
    at RootLayout (C:\Transfer\Project 2026\M-Amin Network\.next\dev\server\chunks\ssr\[root-of-the-server]__15u4bti._.js:438:169)
    at Object.react_stack_bottom_frame (C:\Transfer\Project 2026\M-Amin Network\node_modules\next\dist\compiled\next-server\app-page-turbo.runtime.dev.js:53:268077)
    at AsyncLocalStorage.run (node:internal/async_local_storage/async_context_frame:63:14)
    at renderFunctionComponent (C:\Transfer\Project 2026\M-Amin Network\node_modules\next\dist\compiled\next-server\app-page-turbo.runtime.dev.js:53:159664)
    at renderElement (C:\Transfer\Project 2026\M-Amin Network\node_modules\next\dist\compiled\next-server\app-page-turbo.runtime.dev.js:53:178263)
    at renderModelDestructive (C:\Transfer\Project 2026\M-Amin Network\node_modules\next\dist\compiled\next-server\app-page-turbo.runtime.dev.js:53:182086)
    at retryTask (C:\Transfer\Project 2026\M-Amin Network\node_modules\next\dist\compiled\next-server\app-page-turbo.runtime.dev.js:53:221052)
    at outlineTask (C:\Transfer\Project 2026\M-Amin Network\node_modules\next\dist\compiled\next-server\app-page-turbo.runtime.dev.js:53:164857)
    at renderFunctionComponent (C:\Transfer\Project 2026\M-Amin Network\node_modules\next\dist\compiled\next-server\app-page-turbo.runtime.dev.js:53:158663)
    at renderElement (C:\Transfer\Project 2026\M-Amin Network\node_modules\next\dist\compiled\next-server\app-page-turbo.runtime.dev.js:53:178263)
    at renderModelDestructive (C:\Transfer\Project 2026\M-Amin Network\node_modules\next\dist\compiled\next-server\app-page-turbo.runtime.dev.js:53:182086)
    at C:\Transfer\Project 2026\M-Amin Network\node_modules\next\dist\compiled\next-server\app-page-turbo.runtime.dev.js:53:170748
    at Array.toJSON (C:\Transfer\Project 2026\M-Amin Network\node_modules\next\dist\compiled\next-server\app-page-turbo.runtime.dev.js:53:172065)
    at stringify (<anonymous>)
    at emitChunk (C:\Transfer\Project 2026\M-Amin Network\node_modules\next\dist\compiled\next-server\app-page-turbo.runtime.dev.js:53:220399)
    at retryTask (C:\Transfer\Project 2026\M-Amin Network\node_modules\next\dist\compiled\next-server\app-page-turbo.runtime.dev.js:53:221542)
    at performWork (C:\Transfer\Project 2026\M-Amin Network\node_modules\next\dist\compiled\next-server\app-page-turbo.runtime.dev.js:53:223062)
    at AsyncLocalStorage.run (node:internal/async_local_storage/async_context_frame:63:14)
    at C:\Transfer\Project 2026\M-Amin Network\node_modules\next\dist\compiled\next-server\app-page-turbo.runtime.dev.js:53:226810
    at node:internal/process/task_queues:150:7
    at AsyncResource.runInAsyncScope (node:async_hooks:227:14)
    at AsyncResource.runMicrotask (node:internal/process/task_queues:147:8)

[2026-07-10T20:27:34.744Z] Action: getSetting SELECT, Key: m_amin_system_config
Error: Too many connections
Stack: Error: Too many connections
    at getSetting (C:\Transfer\Project 2026\M-Amin Network\.next\dev\server\chunks\ssr\[root-of-the-server]__15u4bti._.js:266:165)
    at RootLayout (C:\Transfer\Project 2026\M-Amin Network\.next\dev\server\chunks\ssr\[root-of-the-server]__15u4bti._.js:438:169)
    at Object.react_stack_bottom_frame (C:\Transfer\Project 2026\M-Amin Network\node_modules\next\dist\compiled\next-server\app-page-turbo.runtime.dev.js:53:268077)
    at AsyncLocalStorage.run (node:internal/async_local_storage/async_context_frame:63:14)
    at renderFunctionComponent (C:\Transfer\Project 2026\M-Amin Network\node_modules\next\dist\compiled\next-server\app-page-turbo.runtime.dev.js:53:159664)
    at renderElement (C:\Transfer\Project 2026\M-Amin Network\node_modules\next\dist\compiled\next-server\app-page-turbo.runtime.dev.js:53:178263)
    at renderModelDestructive (C:\Transfer\Project 2026\M-Amin Network\node_modules\next\dist\compiled\next-server\app-page-turbo.runtime.dev.js:53:182086)
    at retryTask (C:\Transfer\Project 2026\M-Amin Network\node_modules\next\dist\compiled\next-server\app-page-turbo.runtime.dev.js:53:221052)
    at outlineTask (C:\Transfer\Project 2026\M-Amin Network\node_modules\next\dist\compiled\next-server\app-page-turbo.runtime.dev.js:53:164857)
    at renderFunctionComponent (C:\Transfer\Project 2026\M-Amin Network\node_modules\next\dist\compiled\next-server\app-page-turbo.runtime.dev.js:53:158663)
    at renderElement (C:\Transfer\Project 2026\M-Amin Network\node_modules\next\dist\compiled\next-server\app-page-turbo.runtime.dev.js:53:178263)
    at renderModelDestructive (C:\Transfer\Project 2026\M-Amin Network\node_modules\next\dist\compiled\next-server\app-page-turbo.runtime.dev.js:53:182086)
    at C:\Transfer\Project 2026\M-Amin Network\node_modules\next\dist\compiled\next-server\app-page-turbo.runtime.dev.js:53:170748
    at Array.toJSON (C:\Transfer\Project 2026\M-Amin Network\node_modules\next\dist\compiled\next-server\app-page-turbo.runtime.dev.js:53:172065)
    at stringify (<anonymous>)
    at emitChunk (C:\Transfer\Project 2026\M-Amin Network\node_modules\next\dist\compiled\next-server\app-page-turbo.runtime.dev.js:53:220399)
    at retryTask (C:\Transfer\Project 2026\M-Amin Network\node_modules\next\dist\compiled\next-server\app-page-turbo.runtime.dev.js:53:221542)
    at performWork (C:\Transfer\Project 2026\M-Amin Network\node_modules\next\dist\compiled\next-server\app-page-turbo.runtime.dev.js:53:223062)
    at AsyncLocalStorage.run (node:internal/async_local_storage/async_context_frame:63:14)
    at C:\Transfer\Project 2026\M-Amin Network\node_modules\next\dist\compiled\next-server\app-page-turbo.runtime.dev.js:53:226810
    at node:internal/process/task_queues:150:7
    at AsyncResource.runInAsyncScope (node:async_hooks:227:14)
    at AsyncResource.runMicrotask (node:internal/process/task_queues:147:8)

[2026-07-10T20:27:34.747Z] Action: getSetting, Key: m_amin_system_config
Error: Too many connections
Stack: Error: Too many connections
    at getSetting (C:\Transfer\Project 2026\M-Amin Network\.next\dev\server\chunks\ssr\[root-of-the-server]__15u4bti._.js:266:165)
    at RootLayout (C:\Transfer\Project 2026\M-Amin Network\.next\dev\server\chunks\ssr\[root-of-the-server]__15u4bti._.js:438:169)
    at Object.react_stack_bottom_frame (C:\Transfer\Project 2026\M-Amin Network\node_modules\next\dist\compiled\next-server\app-page-turbo.runtime.dev.js:53:268077)
    at AsyncLocalStorage.run (node:internal/async_local_storage/async_context_frame:63:14)
    at renderFunctionComponent (C:\Transfer\Project 2026\M-Amin Network\node_modules\next\dist\compiled\next-server\app-page-turbo.runtime.dev.js:53:159664)
    at renderElement (C:\Transfer\Project 2026\M-Amin Network\node_modules\next\dist\compiled\next-server\app-page-turbo.runtime.dev.js:53:178263)
    at renderModelDestructive (C:\Transfer\Project 2026\M-Amin Network\node_modules\next\dist\compiled\next-server\app-page-turbo.runtime.dev.js:53:182086)
    at retryTask (C:\Transfer\Project 2026\M-Amin Network\node_modules\next\dist\compiled\next-server\app-page-turbo.runtime.dev.js:53:221052)
    at outlineTask (C:\Transfer\Project 2026\M-Amin Network\node_modules\next\dist\compiled\next-server\app-page-turbo.runtime.dev.js:53:164857)
    at renderFunctionComponent (C:\Transfer\Project 2026\M-Amin Network\node_modules\next\dist\compiled\next-server\app-page-turbo.runtime.dev.js:53:158663)
    at renderElement (C:\Transfer\Project 2026\M-Amin Network\node_modules\next\dist\compiled\next-server\app-page-turbo.runtime.dev.js:53:178263)
    at renderModelDestructive (C:\Transfer\Project 2026\M-Amin Network\node_modules\next\dist\compiled\next-server\app-page-turbo.runtime.dev.js:53:182086)
    at C:\Transfer\Project 2026\M-Amin Network\node_modules\next\dist\compiled\next-server\app-page-turbo.runtime.dev.js:53:170748
    at Array.toJSON (C:\Transfer\Project 2026\M-Amin Network\node_modules\next\dist\compiled\next-server\app-page-turbo.runtime.dev.js:53:172065)
    at stringify (<anonymous>)
    at emitChunk (C:\Transfer\Project 2026\M-Amin Network\node_modules\next\dist\compiled\next-server\app-page-turbo.runtime.dev.js:53:220399)
    at retryTask (C:\Transfer\Project 2026\M-Amin Network\node_modules\next\dist\compiled\next-server\app-page-turbo.runtime.dev.js:53:221542)
    at performWork (C:\Transfer\Project 2026\M-Amin Network\node_modules\next\dist\compiled\next-server\app-page-turbo.runtime.dev.js:53:223062)
    at AsyncLocalStorage.run (node:internal/async_local_storage/async_context_frame:63:14)
    at C:\Transfer\Project 2026\M-Amin Network\node_modules\next\dist\compiled\next-server\app-page-turbo.runtime.dev.js:53:226810
    at node:internal/process/task_queues:150:7
    at AsyncResource.runInAsyncScope (node:async_hooks:227:14)
    at AsyncResource.runMicrotask (node:internal/process/task_queues:147:8)

[2026-07-10T20:27:34.763Z] Action: getSetting SELECT, Key: m_amin_system_config
Error: Too many connections
Stack: Error: Too many connections
    at getSetting (C:\Transfer\Project 2026\M-Amin Network\.next\dev\server\chunks\ssr\[root-of-the-server]__15u4bti._.js:266:165)
    at RootLayout (C:\Transfer\Project 2026\M-Amin Network\.next\dev\server\chunks\ssr\[root-of-the-server]__15u4bti._.js:438:169)
    at Object.react_stack_bottom_frame (C:\Transfer\Project 2026\M-Amin Network\node_modules\next\dist\compiled\next-server\app-page-turbo.runtime.dev.js:53:268077)
    at AsyncLocalStorage.run (node:internal/async_local_storage/async_context_frame:63:14)
    at renderFunctionComponent (C:\Transfer\Project 2026\M-Amin Network\node_modules\next\dist\compiled\next-server\app-page-turbo.runtime.dev.js:53:159664)
    at renderElement (C:\Transfer\Project 2026\M-Amin Network\node_modules\next\dist\compiled\next-server\app-page-turbo.runtime.dev.js:53:178263)
    at renderModelDestructive (C:\Transfer\Project 2026\M-Amin Network\node_modules\next\dist\compiled\next-server\app-page-turbo.runtime.dev.js:53:182086)
    at retryTask (C:\Transfer\Project 2026\M-Amin Network\node_modules\next\dist\compiled\next-server\app-page-turbo.runtime.dev.js:53:221052)
    at outlineTask (C:\Transfer\Project 2026\M-Amin Network\node_modules\next\dist\compiled\next-server\app-page-turbo.runtime.dev.js:53:164857)
    at renderFunctionComponent (C:\Transfer\Project 2026\M-Amin Network\node_modules\next\dist\compiled\next-server\app-page-turbo.runtime.dev.js:53:158663)
    at renderElement (C:\Transfer\Project 2026\M-Amin Network\node_modules\next\dist\compiled\next-server\app-page-turbo.runtime.dev.js:53:178263)
    at renderModelDestructive (C:\Transfer\Project 2026\M-Amin Network\node_modules\next\dist\compiled\next-server\app-page-turbo.runtime.dev.js:53:182086)
    at C:\Transfer\Project 2026\M-Amin Network\node_modules\next\dist\compiled\next-server\app-page-turbo.runtime.dev.js:53:170748
    at Array.toJSON (C:\Transfer\Project 2026\M-Amin Network\node_modules\next\dist\compiled\next-server\app-page-turbo.runtime.dev.js:53:172065)
    at stringify (<anonymous>)
    at emitChunk (C:\Transfer\Project 2026\M-Amin Network\node_modules\next\dist\compiled\next-server\app-page-turbo.runtime.dev.js:53:220399)
    at retryTask (C:\Transfer\Project 2026\M-Amin Network\node_modules\next\dist\compiled\next-server\app-page-turbo.runtime.dev.js:53:221542)
    at performWork (C:\Transfer\Project 2026\M-Amin Network\node_modules\next\dist\compiled\next-server\app-page-turbo.runtime.dev.js:53:223062)
    at AsyncLocalStorage.run (node:internal/async_local_storage/async_context_frame:63:14)
    at C:\Transfer\Project 2026\M-Amin Network\node_modules\next\dist\compiled\next-server\app-page-turbo.runtime.dev.js:53:226810
    at node:internal/process/task_queues:150:7
    at AsyncResource.runInAsyncScope (node:async_hooks:227:14)
    at AsyncResource.runMicrotask (node:internal/process/task_queues:147:8)

[2026-07-10T20:27:34.768Z] Action: getSetting, Key: m_amin_system_config
Error: Too many connections
Stack: Error: Too many connections
    at getSetting (C:\Transfer\Project 2026\M-Amin Network\.next\dev\server\chunks\ssr\[root-of-the-server]__15u4bti._.js:266:165)
    at RootLayout (C:\Transfer\Project 2026\M-Amin Network\.next\dev\server\chunks\ssr\[root-of-the-server]__15u4bti._.js:438:169)
    at Object.react_stack_bottom_frame (C:\Transfer\Project 2026\M-Amin Network\node_modules\next\dist\compiled\next-server\app-page-turbo.runtime.dev.js:53:268077)
    at AsyncLocalStorage.run (node:internal/async_local_storage/async_context_frame:63:14)
    at renderFunctionComponent (C:\Transfer\Project 2026\M-Amin Network\node_modules\next\dist\compiled\next-server\app-page-turbo.runtime.dev.js:53:159664)
    at renderElement (C:\Transfer\Project 2026\M-Amin Network\node_modules\next\dist\compiled\next-server\app-page-turbo.runtime.dev.js:53:178263)
    at renderModelDestructive (C:\Transfer\Project 2026\M-Amin Network\node_modules\next\dist\compiled\next-server\app-page-turbo.runtime.dev.js:53:182086)
    at retryTask (C:\Transfer\Project 2026\M-Amin Network\node_modules\next\dist\compiled\next-server\app-page-turbo.runtime.dev.js:53:221052)
    at outlineTask (C:\Transfer\Project 2026\M-Amin Network\node_modules\next\dist\compiled\next-server\app-page-turbo.runtime.dev.js:53:164857)
    at renderFunctionComponent (C:\Transfer\Project 2026\M-Amin Network\node_modules\next\dist\compiled\next-server\app-page-turbo.runtime.dev.js:53:158663)
    at renderElement (C:\Transfer\Project 2026\M-Amin Network\node_modules\next\dist\compiled\next-server\app-page-turbo.runtime.dev.js:53:178263)
    at renderModelDestructive (C:\Transfer\Project 2026\M-Amin Network\node_modules\next\dist\compiled\next-server\app-page-turbo.runtime.dev.js:53:182086)
    at C:\Transfer\Project 2026\M-Amin Network\node_modules\next\dist\compiled\next-server\app-page-turbo.runtime.dev.js:53:170748
    at Array.toJSON (C:\Transfer\Project 2026\M-Amin Network\node_modules\next\dist\compiled\next-server\app-page-turbo.runtime.dev.js:53:172065)
    at stringify (<anonymous>)
    at emitChunk (C:\Transfer\Project 2026\M-Amin Network\node_modules\next\dist\compiled\next-server\app-page-turbo.runtime.dev.js:53:220399)
    at retryTask (C:\Transfer\Project 2026\M-Amin Network\node_modules\next\dist\compiled\next-server\app-page-turbo.runtime.dev.js:53:221542)
    at performWork (C:\Transfer\Project 2026\M-Amin Network\node_modules\next\dist\compiled\next-server\app-page-turbo.runtime.dev.js:53:223062)
    at AsyncLocalStorage.run (node:internal/async_local_storage/async_context_frame:63:14)
    at C:\Transfer\Project 2026\M-Amin Network\node_modules\next\dist\compiled\next-server\app-page-turbo.runtime.dev.js:53:226810
    at node:internal/process/task_queues:150:7
    at AsyncResource.runInAsyncScope (node:async_hooks:227:14)
    at AsyncResource.runMicrotask (node:internal/process/task_queues:147:8)

[2026-07-10T20:27:35.060Z] Action: getSetting SELECT, Key: m_amin_system_config
Error: Too many connections
Stack: Error: Too many connections
    at getSetting (C:\Transfer\Project 2026\M-Amin Network\.next\dev\server\chunks\ssr\[root-of-the-server]__15u4bti._.js:266:165)
    at RootLayout (C:\Transfer\Project 2026\M-Amin Network\.next\dev\server\chunks\ssr\[root-of-the-server]__15u4bti._.js:438:169)
    at Object.react_stack_bottom_frame (C:\Transfer\Project 2026\M-Amin Network\node_modules\next\dist\compiled\next-server\app-page-turbo.runtime.dev.js:53:268077)
    at AsyncLocalStorage.run (node:internal/async_local_storage/async_context_frame:63:14)
    at renderFunctionComponent (C:\Transfer\Project 2026\M-Amin Network\node_modules\next\dist\compiled\next-server\app-page-turbo.runtime.dev.js:53:159664)
    at renderElement (C:\Transfer\Project 2026\M-Amin Network\node_modules\next\dist\compiled\next-server\app-page-turbo.runtime.dev.js:53:178263)
    at renderModelDestructive (C:\Transfer\Project 2026\M-Amin Network\node_modules\next\dist\compiled\next-server\app-page-turbo.runtime.dev.js:53:182086)
    at retryTask (C:\Transfer\Project 2026\M-Amin Network\node_modules\next\dist\compiled\next-server\app-page-turbo.runtime.dev.js:53:221052)
    at outlineTask (C:\Transfer\Project 2026\M-Amin Network\node_modules\next\dist\compiled\next-server\app-page-turbo.runtime.dev.js:53:164857)
    at renderFunctionComponent (C:\Transfer\Project 2026\M-Amin Network\node_modules\next\dist\compiled\next-server\app-page-turbo.runtime.dev.js:53:158663)
    at renderElement (C:\Transfer\Project 2026\M-Amin Network\node_modules\next\dist\compiled\next-server\app-page-turbo.runtime.dev.js:53:178263)
    at renderModelDestructive (C:\Transfer\Project 2026\M-Amin Network\node_modules\next\dist\compiled\next-server\app-page-turbo.runtime.dev.js:53:182086)
    at C:\Transfer\Project 2026\M-Amin Network\node_modules\next\dist\compiled\next-server\app-page-turbo.runtime.dev.js:53:170748
    at Array.toJSON (C:\Transfer\Project 2026\M-Amin Network\node_modules\next\dist\compiled\next-server\app-page-turbo.runtime.dev.js:53:172065)
    at stringify (<anonymous>)
    at emitChunk (C:\Transfer\Project 2026\M-Amin Network\node_modules\next\dist\compiled\next-server\app-page-turbo.runtime.dev.js:53:220399)
    at retryTask (C:\Transfer\Project 2026\M-Amin Network\node_modules\next\dist\compiled\next-server\app-page-turbo.runtime.dev.js:53:221542)
    at performWork (C:\Transfer\Project 2026\M-Amin Network\node_modules\next\dist\compiled\next-server\app-page-turbo.runtime.dev.js:53:223062)
    at AsyncLocalStorage.run (node:internal/async_local_storage/async_context_frame:63:14)
    at C:\Transfer\Project 2026\M-Amin Network\node_modules\next\dist\compiled\next-server\app-page-turbo.runtime.dev.js:53:226810
    at node:internal/process/task_queues:150:7
    at AsyncResource.runInAsyncScope (node:async_hooks:227:14)
    at AsyncResource.runMicrotask (node:internal/process/task_queues:147:8)

[2026-07-10T20:27:35.061Z] Action: getSetting, Key: m_amin_system_config
Error: Too many connections
Stack: Error: Too many connections
    at getSetting (C:\Transfer\Project 2026\M-Amin Network\.next\dev\server\chunks\ssr\[root-of-the-server]__15u4bti._.js:266:165)
    at RootLayout (C:\Transfer\Project 2026\M-Amin Network\.next\dev\server\chunks\ssr\[root-of-the-server]__15u4bti._.js:438:169)
    at Object.react_stack_bottom_frame (C:\Transfer\Project 2026\M-Amin Network\node_modules\next\dist\compiled\next-server\app-page-turbo.runtime.dev.js:53:268077)
    at AsyncLocalStorage.run (node:internal/async_local_storage/async_context_frame:63:14)
    at renderFunctionComponent (C:\Transfer\Project 2026\M-Amin Network\node_modules\next\dist\compiled\next-server\app-page-turbo.runtime.dev.js:53:159664)
    at renderElement (C:\Transfer\Project 2026\M-Amin Network\node_modules\next\dist\compiled\next-server\app-page-turbo.runtime.dev.js:53:178263)
    at renderModelDestructive (C:\Transfer\Project 2026\M-Amin Network\node_modules\next\dist\compiled\next-server\app-page-turbo.runtime.dev.js:53:182086)
    at retryTask (C:\Transfer\Project 2026\M-Amin Network\node_modules\next\dist\compiled\next-server\app-page-turbo.runtime.dev.js:53:221052)
    at outlineTask (C:\Transfer\Project 2026\M-Amin Network\node_modules\next\dist\compiled\next-server\app-page-turbo.runtime.dev.js:53:164857)
    at renderFunctionComponent (C:\Transfer\Project 2026\M-Amin Network\node_modules\next\dist\compiled\next-server\app-page-turbo.runtime.dev.js:53:158663)
    at renderElement (C:\Transfer\Project 2026\M-Amin Network\node_modules\next\dist\compiled\next-server\app-page-turbo.runtime.dev.js:53:178263)
    at renderModelDestructive (C:\Transfer\Project 2026\M-Amin Network\node_modules\next\dist\compiled\next-server\app-page-turbo.runtime.dev.js:53:182086)
    at C:\Transfer\Project 2026\M-Amin Network\node_modules\next\dist\compiled\next-server\app-page-turbo.runtime.dev.js:53:170748
    at Array.toJSON (C:\Transfer\Project 2026\M-Amin Network\node_modules\next\dist\compiled\next-server\app-page-turbo.runtime.dev.js:53:172065)
    at stringify (<anonymous>)
    at emitChunk (C:\Transfer\Project 2026\M-Amin Network\node_modules\next\dist\compiled\next-server\app-page-turbo.runtime.dev.js:53:220399)
    at retryTask (C:\Transfer\Project 2026\M-Amin Network\node_modules\next\dist\compiled\next-server\app-page-turbo.runtime.dev.js:53:221542)
    at performWork (C:\Transfer\Project 2026\M-Amin Network\node_modules\next\dist\compiled\next-server\app-page-turbo.runtime.dev.js:53:223062)
    at AsyncLocalStorage.run (node:internal/async_local_storage/async_context_frame:63:14)
    at C:\Transfer\Project 2026\M-Amin Network\node_modules\next\dist\compiled\next-server\app-page-turbo.runtime.dev.js:53:226810
    at node:internal/process/task_queues:150:7
    at AsyncResource.runInAsyncScope (node:async_hooks:227:14)
    at AsyncResource.runMicrotask (node:internal/process/task_queues:147:8)

[2026-07-10T20:27:35.062Z] Action: getSetting SELECT, Key: m_amin_system_config
Error: Too many connections
Stack: Error: Too many connections
    at getSetting (C:\Transfer\Project 2026\M-Amin Network\.next\dev\server\chunks\ssr\[root-of-the-server]__15u4bti._.js:266:165)
    at RootLayout (C:\Transfer\Project 2026\M-Amin Network\.next\dev\server\chunks\ssr\[root-of-the-server]__15u4bti._.js:438:169)
    at Object.react_stack_bottom_frame (C:\Transfer\Project 2026\M-Amin Network\node_modules\next\dist\compiled\next-server\app-page-turbo.runtime.dev.js:53:268077)
    at AsyncLocalStorage.run (node:internal/async_local_storage/async_context_frame:63:14)
    at renderFunctionComponent (C:\Transfer\Project 2026\M-Amin Network\node_modules\next\dist\compiled\next-server\app-page-turbo.runtime.dev.js:53:159664)
    at renderElement (C:\Transfer\Project 2026\M-Amin Network\node_modules\next\dist\compiled\next-server\app-page-turbo.runtime.dev.js:53:178263)
    at renderModelDestructive (C:\Transfer\Project 2026\M-Amin Network\node_modules\next\dist\compiled\next-server\app-page-turbo.runtime.dev.js:53:182086)
    at retryTask (C:\Transfer\Project 2026\M-Amin Network\node_modules\next\dist\compiled\next-server\app-page-turbo.runtime.dev.js:53:221052)
    at outlineTask (C:\Transfer\Project 2026\M-Amin Network\node_modules\next\dist\compiled\next-server\app-page-turbo.runtime.dev.js:53:164857)
    at renderFunctionComponent (C:\Transfer\Project 2026\M-Amin Network\node_modules\next\dist\compiled\next-server\app-page-turbo.runtime.dev.js:53:158663)
    at renderElement (C:\Transfer\Project 2026\M-Amin Network\node_modules\next\dist\compiled\next-server\app-page-turbo.runtime.dev.js:53:178263)
    at renderModelDestructive (C:\Transfer\Project 2026\M-Amin Network\node_modules\next\dist\compiled\next-server\app-page-turbo.runtime.dev.js:53:182086)
    at C:\Transfer\Project 2026\M-Amin Network\node_modules\next\dist\compiled\next-server\app-page-turbo.runtime.dev.js:53:170748
    at Array.toJSON (C:\Transfer\Project 2026\M-Amin Network\node_modules\next\dist\compiled\next-server\app-page-turbo.runtime.dev.js:53:172065)
    at stringify (<anonymous>)
    at emitChunk (C:\Transfer\Project 2026\M-Amin Network\node_modules\next\dist\compiled\next-server\app-page-turbo.runtime.dev.js:53:220399)
    at retryTask (C:\Transfer\Project 2026\M-Amin Network\node_modules\next\dist\compiled\next-server\app-page-turbo.runtime.dev.js:53:221542)
    at performWork (C:\Transfer\Project 2026\M-Amin Network\node_modules\next\dist\compiled\next-server\app-page-turbo.runtime.dev.js:53:223062)
    at AsyncLocalStorage.run (node:internal/async_local_storage/async_context_frame:63:14)
    at C:\Transfer\Project 2026\M-Amin Network\node_modules\next\dist\compiled\next-server\app-page-turbo.runtime.dev.js:53:226810
    at node:internal/process/task_queues:150:7
    at AsyncResource.runInAsyncScope (node:async_hooks:227:14)
    at AsyncResource.runMicrotask (node:internal/process/task_queues:147:8)

[2026-07-10T20:27:35.064Z] Action: getSetting, Key: m_amin_system_config
Error: Too many connections
Stack: Error: Too many connections
    at getSetting (C:\Transfer\Project 2026\M-Amin Network\.next\dev\server\chunks\ssr\[root-of-the-server]__15u4bti._.js:266:165)
    at RootLayout (C:\Transfer\Project 2026\M-Amin Network\.next\dev\server\chunks\ssr\[root-of-the-server]__15u4bti._.js:438:169)
    at Object.react_stack_bottom_frame (C:\Transfer\Project 2026\M-Amin Network\node_modules\next\dist\compiled\next-server\app-page-turbo.runtime.dev.js:53:268077)
    at AsyncLocalStorage.run (node:internal/async_local_storage/async_context_frame:63:14)
    at renderFunctionComponent (C:\Transfer\Project 2026\M-Amin Network\node_modules\next\dist\compiled\next-server\app-page-turbo.runtime.dev.js:53:159664)
    at renderElement (C:\Transfer\Project 2026\M-Amin Network\node_modules\next\dist\compiled\next-server\app-page-turbo.runtime.dev.js:53:178263)
    at renderModelDestructive (C:\Transfer\Project 2026\M-Amin Network\node_modules\next\dist\compiled\next-server\app-page-turbo.runtime.dev.js:53:182086)
    at retryTask (C:\Transfer\Project 2026\M-Amin Network\node_modules\next\dist\compiled\next-server\app-page-turbo.runtime.dev.js:53:221052)
    at outlineTask (C:\Transfer\Project 2026\M-Amin Network\node_modules\next\dist\compiled\next-server\app-page-turbo.runtime.dev.js:53:164857)
    at renderFunctionComponent (C:\Transfer\Project 2026\M-Amin Network\node_modules\next\dist\compiled\next-server\app-page-turbo.runtime.dev.js:53:158663)
    at renderElement (C:\Transfer\Project 2026\M-Amin Network\node_modules\next\dist\compiled\next-server\app-page-turbo.runtime.dev.js:53:178263)
    at renderModelDestructive (C:\Transfer\Project 2026\M-Amin Network\node_modules\next\dist\compiled\next-server\app-page-turbo.runtime.dev.js:53:182086)
    at C:\Transfer\Project 2026\M-Amin Network\node_modules\next\dist\compiled\next-server\app-page-turbo.runtime.dev.js:53:170748
    at Array.toJSON (C:\Transfer\Project 2026\M-Amin Network\node_modules\next\dist\compiled\next-server\app-page-turbo.runtime.dev.js:53:172065)
    at stringify (<anonymous>)
    at emitChunk (C:\Transfer\Project 2026\M-Amin Network\node_modules\next\dist\compiled\next-server\app-page-turbo.runtime.dev.js:53:220399)
    at retryTask (C:\Transfer\Project 2026\M-Amin Network\node_modules\next\dist\compiled\next-server\app-page-turbo.runtime.dev.js:53:221542)
    at performWork (C:\Transfer\Project 2026\M-Amin Network\node_modules\next\dist\compiled\next-server\app-page-turbo.runtime.dev.js:53:223062)
    at AsyncLocalStorage.run (node:internal/async_local_storage/async_context_frame:63:14)
    at C:\Transfer\Project 2026\M-Amin Network\node_modules\next\dist\compiled\next-server\app-page-turbo.runtime.dev.js:53:226810
    at node:internal/process/task_queues:150:7
    at AsyncResource.runInAsyncScope (node:async_hooks:227:14)
    at AsyncResource.runMicrotask (node:internal/process/task_queues:147:8)

[2026-07-10T20:27:35.065Z] Action: getSetting SELECT, Key: m_amin_system_config
Error: Too many connections
Stack: Error: Too many connections
    at getSetting (C:\Transfer\Project 2026\M-Amin Network\.next\dev\server\chunks\ssr\[root-of-the-server]__15u4bti._.js:266:165)
    at RootLayout (C:\Transfer\Project 2026\M-Amin Network\.next\dev\server\chunks\ssr\[root-of-the-server]__15u4bti._.js:438:169)
    at Object.react_stack_bottom_frame (C:\Transfer\Project 2026\M-Amin Network\node_modules\next\dist\compiled\next-server\app-page-turbo.runtime.dev.js:53:268077)
    at AsyncLocalStorage.run (node:internal/async_local_storage/async_context_frame:63:14)
    at renderFunctionComponent (C:\Transfer\Project 2026\M-Amin Network\node_modules\next\dist\compiled\next-server\app-page-turbo.runtime.dev.js:53:159664)
    at renderElement (C:\Transfer\Project 2026\M-Amin Network\node_modules\next\dist\compiled\next-server\app-page-turbo.runtime.dev.js:53:178263)
    at renderModelDestructive (C:\Transfer\Project 2026\M-Amin Network\node_modules\next\dist\compiled\next-server\app-page-turbo.runtime.dev.js:53:182086)
    at retryTask (C:\Transfer\Project 2026\M-Amin Network\node_modules\next\dist\compiled\next-server\app-page-turbo.runtime.dev.js:53:221052)
    at outlineTask (C:\Transfer\Project 2026\M-Amin Network\node_modules\next\dist\compiled\next-server\app-page-turbo.runtime.dev.js:53:164857)
    at renderFunctionComponent (C:\Transfer\Project 2026\M-Amin Network\node_modules\next\dist\compiled\next-server\app-page-turbo.runtime.dev.js:53:158663)
    at renderElement (C:\Transfer\Project 2026\M-Amin Network\node_modules\next\dist\compiled\next-server\app-page-turbo.runtime.dev.js:53:178263)
    at renderModelDestructive (C:\Transfer\Project 2026\M-Amin Network\node_modules\next\dist\compiled\next-server\app-page-turbo.runtime.dev.js:53:182086)
    at C:\Transfer\Project 2026\M-Amin Network\node_modules\next\dist\compiled\next-server\app-page-turbo.runtime.dev.js:53:170748
    at Array.toJSON (C:\Transfer\Project 2026\M-Amin Network\node_modules\next\dist\compiled\next-server\app-page-turbo.runtime.dev.js:53:172065)
    at stringify (<anonymous>)
    at emitChunk (C:\Transfer\Project 2026\M-Amin Network\node_modules\next\dist\compiled\next-server\app-page-turbo.runtime.dev.js:53:220399)
    at retryTask (C:\Transfer\Project 2026\M-Amin Network\node_modules\next\dist\compiled\next-server\app-page-turbo.runtime.dev.js:53:221542)
    at performWork (C:\Transfer\Project 2026\M-Amin Network\node_modules\next\dist\compiled\next-server\app-page-turbo.runtime.dev.js:53:223062)
    at AsyncLocalStorage.run (node:internal/async_local_storage/async_context_frame:63:14)
    at C:\Transfer\Project 2026\M-Amin Network\node_modules\next\dist\compiled\next-server\app-page-turbo.runtime.dev.js:53:226810
    at node:internal/process/task_queues:150:7
    at AsyncResource.runInAsyncScope (node:async_hooks:227:14)
    at AsyncResource.runMicrotask (node:internal/process/task_queues:147:8)

[2026-07-10T20:27:35.067Z] Action: getSetting, Key: m_amin_system_config
Error: Too many connections
Stack: Error: Too many connections
    at getSetting (C:\Transfer\Project 2026\M-Amin Network\.next\dev\server\chunks\ssr\[root-of-the-server]__15u4bti._.js:266:165)
    at RootLayout (C:\Transfer\Project 2026\M-Amin Network\.next\dev\server\chunks\ssr\[root-of-the-server]__15u4bti._.js:438:169)
    at Object.react_stack_bottom_frame (C:\Transfer\Project 2026\M-Amin Network\node_modules\next\dist\compiled\next-server\app-page-turbo.runtime.dev.js:53:268077)
    at AsyncLocalStorage.run (node:internal/async_local_storage/async_context_frame:63:14)
    at renderFunctionComponent (C:\Transfer\Project 2026\M-Amin Network\node_modules\next\dist\compiled\next-server\app-page-turbo.runtime.dev.js:53:159664)
    at renderElement (C:\Transfer\Project 2026\M-Amin Network\node_modules\next\dist\compiled\next-server\app-page-turbo.runtime.dev.js:53:178263)
    at renderModelDestructive (C:\Transfer\Project 2026\M-Amin Network\node_modules\next\dist\compiled\next-server\app-page-turbo.runtime.dev.js:53:182086)
    at retryTask (C:\Transfer\Project 2026\M-Amin Network\node_modules\next\dist\compiled\next-server\app-page-turbo.runtime.dev.js:53:221052)
    at outlineTask (C:\Transfer\Project 2026\M-Amin Network\node_modules\next\dist\compiled\next-server\app-page-turbo.runtime.dev.js:53:164857)
    at renderFunctionComponent (C:\Transfer\Project 2026\M-Amin Network\node_modules\next\dist\compiled\next-server\app-page-turbo.runtime.dev.js:53:158663)
    at renderElement (C:\Transfer\Project 2026\M-Amin Network\node_modules\next\dist\compiled\next-server\app-page-turbo.runtime.dev.js:53:178263)
    at renderModelDestructive (C:\Transfer\Project 2026\M-Amin Network\node_modules\next\dist\compiled\next-server\app-page-turbo.runtime.dev.js:53:182086)
    at C:\Transfer\Project 2026\M-Amin Network\node_modules\next\dist\compiled\next-server\app-page-turbo.runtime.dev.js:53:170748
    at Array.toJSON (C:\Transfer\Project 2026\M-Amin Network\node_modules\next\dist\compiled\next-server\app-page-turbo.runtime.dev.js:53:172065)
    at stringify (<anonymous>)
    at emitChunk (C:\Transfer\Project 2026\M-Amin Network\node_modules\next\dist\compiled\next-server\app-page-turbo.runtime.dev.js:53:220399)
    at retryTask (C:\Transfer\Project 2026\M-Amin Network\node_modules\next\dist\compiled\next-server\app-page-turbo.runtime.dev.js:53:221542)
    at performWork (C:\Transfer\Project 2026\M-Amin Network\node_modules\next\dist\compiled\next-server\app-page-turbo.runtime.dev.js:53:223062)
    at AsyncLocalStorage.run (node:internal/async_local_storage/async_context_frame:63:14)
    at C:\Transfer\Project 2026\M-Amin Network\node_modules\next\dist\compiled\next-server\app-page-turbo.runtime.dev.js:53:226810
    at node:internal/process/task_queues:150:7
    at AsyncResource.runInAsyncScope (node:async_hooks:227:14)
    at AsyncResource.runMicrotask (node:internal/process/task_queues:147:8)

[2026-07-10T20:27:35.069Z] Action: getSetting SELECT, Key: m_amin_system_config
Error: Too many connections
Stack: Error: Too many connections
    at getSetting (C:\Transfer\Project 2026\M-Amin Network\.next\dev\server\chunks\ssr\[root-of-the-server]__15u4bti._.js:266:165)
    at RootLayout (C:\Transfer\Project 2026\M-Amin Network\.next\dev\server\chunks\ssr\[root-of-the-server]__15u4bti._.js:438:169)
    at Object.react_stack_bottom_frame (C:\Transfer\Project 2026\M-Amin Network\node_modules\next\dist\compiled\next-server\app-page-turbo.runtime.dev.js:53:268077)
    at AsyncLocalStorage.run (node:internal/async_local_storage/async_context_frame:63:14)
    at renderFunctionComponent (C:\Transfer\Project 2026\M-Amin Network\node_modules\next\dist\compiled\next-server\app-page-turbo.runtime.dev.js:53:159664)
    at renderElement (C:\Transfer\Project 2026\M-Amin Network\node_modules\next\dist\compiled\next-server\app-page-turbo.runtime.dev.js:53:178263)
    at renderModelDestructive (C:\Transfer\Project 2026\M-Amin Network\node_modules\next\dist\compiled\next-server\app-page-turbo.runtime.dev.js:53:182086)
    at retryTask (C:\Transfer\Project 2026\M-Amin Network\node_modules\next\dist\compiled\next-server\app-page-turbo.runtime.dev.js:53:221052)
    at outlineTask (C:\Transfer\Project 2026\M-Amin Network\node_modules\next\dist\compiled\next-server\app-page-turbo.runtime.dev.js:53:164857)
    at renderFunctionComponent (C:\Transfer\Project 2026\M-Amin Network\node_modules\next\dist\compiled\next-server\app-page-turbo.runtime.dev.js:53:158663)
    at renderElement (C:\Transfer\Project 2026\M-Amin Network\node_modules\next\dist\compiled\next-server\app-page-turbo.runtime.dev.js:53:178263)
    at renderModelDestructive (C:\Transfer\Project 2026\M-Amin Network\node_modules\next\dist\compiled\next-server\app-page-turbo.runtime.dev.js:53:182086)
    at C:\Transfer\Project 2026\M-Amin Network\node_modules\next\dist\compiled\next-server\app-page-turbo.runtime.dev.js:53:170748
    at Array.toJSON (C:\Transfer\Project 2026\M-Amin Network\node_modules\next\dist\compiled\next-server\app-page-turbo.runtime.dev.js:53:172065)
    at stringify (<anonymous>)
    at emitChunk (C:\Transfer\Project 2026\M-Amin Network\node_modules\next\dist\compiled\next-server\app-page-turbo.runtime.dev.js:53:220399)
    at retryTask (C:\Transfer\Project 2026\M-Amin Network\node_modules\next\dist\compiled\next-server\app-page-turbo.runtime.dev.js:53:221542)
    at performWork (C:\Transfer\Project 2026\M-Amin Network\node_modules\next\dist\compiled\next-server\app-page-turbo.runtime.dev.js:53:223062)
    at AsyncLocalStorage.run (node:internal/async_local_storage/async_context_frame:63:14)
    at C:\Transfer\Project 2026\M-Amin Network\node_modules\next\dist\compiled\next-server\app-page-turbo.runtime.dev.js:53:226810
    at node:internal/process/task_queues:150:7
    at AsyncResource.runInAsyncScope (node:async_hooks:227:14)
    at AsyncResource.runMicrotask (node:internal/process/task_queues:147:8)

[2026-07-10T20:27:35.071Z] Action: getSetting, Key: m_amin_system_config
Error: Too many connections
Stack: Error: Too many connections
    at getSetting (C:\Transfer\Project 2026\M-Amin Network\.next\dev\server\chunks\ssr\[root-of-the-server]__15u4bti._.js:266:165)
    at RootLayout (C:\Transfer\Project 2026\M-Amin Network\.next\dev\server\chunks\ssr\[root-of-the-server]__15u4bti._.js:438:169)
    at Object.react_stack_bottom_frame (C:\Transfer\Project 2026\M-Amin Network\node_modules\next\dist\compiled\next-server\app-page-turbo.runtime.dev.js:53:268077)
    at AsyncLocalStorage.run (node:internal/async_local_storage/async_context_frame:63:14)
    at renderFunctionComponent (C:\Transfer\Project 2026\M-Amin Network\node_modules\next\dist\compiled\next-server\app-page-turbo.runtime.dev.js:53:159664)
    at renderElement (C:\Transfer\Project 2026\M-Amin Network\node_modules\next\dist\compiled\next-server\app-page-turbo.runtime.dev.js:53:178263)
    at renderModelDestructive (C:\Transfer\Project 2026\M-Amin Network\node_modules\next\dist\compiled\next-server\app-page-turbo.runtime.dev.js:53:182086)
    at retryTask (C:\Transfer\Project 2026\M-Amin Network\node_modules\next\dist\compiled\next-server\app-page-turbo.runtime.dev.js:53:221052)
    at outlineTask (C:\Transfer\Project 2026\M-Amin Network\node_modules\next\dist\compiled\next-server\app-page-turbo.runtime.dev.js:53:164857)
    at renderFunctionComponent (C:\Transfer\Project 2026\M-Amin Network\node_modules\next\dist\compiled\next-server\app-page-turbo.runtime.dev.js:53:158663)
    at renderElement (C:\Transfer\Project 2026\M-Amin Network\node_modules\next\dist\compiled\next-server\app-page-turbo.runtime.dev.js:53:178263)
    at renderModelDestructive (C:\Transfer\Project 2026\M-Amin Network\node_modules\next\dist\compiled\next-server\app-page-turbo.runtime.dev.js:53:182086)
    at C:\Transfer\Project 2026\M-Amin Network\node_modules\next\dist\compiled\next-server\app-page-turbo.runtime.dev.js:53:170748
    at Array.toJSON (C:\Transfer\Project 2026\M-Amin Network\node_modules\next\dist\compiled\next-server\app-page-turbo.runtime.dev.js:53:172065)
    at stringify (<anonymous>)
    at emitChunk (C:\Transfer\Project 2026\M-Amin Network\node_modules\next\dist\compiled\next-server\app-page-turbo.runtime.dev.js:53:220399)
    at retryTask (C:\Transfer\Project 2026\M-Amin Network\node_modules\next\dist\compiled\next-server\app-page-turbo.runtime.dev.js:53:221542)
    at performWork (C:\Transfer\Project 2026\M-Amin Network\node_modules\next\dist\compiled\next-server\app-page-turbo.runtime.dev.js:53:223062)
    at AsyncLocalStorage.run (node:internal/async_local_storage/async_context_frame:63:14)
    at C:\Transfer\Project 2026\M-Amin Network\node_modules\next\dist\compiled\next-server\app-page-turbo.runtime.dev.js:53:226810
    at node:internal/process/task_queues:150:7
    at AsyncResource.runInAsyncScope (node:async_hooks:227:14)
    at AsyncResource.runMicrotask (node:internal/process/task_queues:147:8)

[2026-07-10T20:27:35.107Z] Action: getSetting SELECT, Key: m_amin_system_config
Error: Too many connections
Stack: Error: Too many connections
    at getSetting (C:\Transfer\Project 2026\M-Amin Network\.next\dev\server\chunks\ssr\[root-of-the-server]__15u4bti._.js:266:165)
    at RootLayout (C:\Transfer\Project 2026\M-Amin Network\.next\dev\server\chunks\ssr\[root-of-the-server]__15u4bti._.js:438:169)
    at Object.react_stack_bottom_frame (C:\Transfer\Project 2026\M-Amin Network\node_modules\next\dist\compiled\next-server\app-page-turbo.runtime.dev.js:53:268077)
    at AsyncLocalStorage.run (node:internal/async_local_storage/async_context_frame:63:14)
    at renderFunctionComponent (C:\Transfer\Project 2026\M-Amin Network\node_modules\next\dist\compiled\next-server\app-page-turbo.runtime.dev.js:53:159664)
    at renderElement (C:\Transfer\Project 2026\M-Amin Network\node_modules\next\dist\compiled\next-server\app-page-turbo.runtime.dev.js:53:178263)
    at renderModelDestructive (C:\Transfer\Project 2026\M-Amin Network\node_modules\next\dist\compiled\next-server\app-page-turbo.runtime.dev.js:53:182086)
    at retryTask (C:\Transfer\Project 2026\M-Amin Network\node_modules\next\dist\compiled\next-server\app-page-turbo.runtime.dev.js:53:221052)
    at outlineTask (C:\Transfer\Project 2026\M-Amin Network\node_modules\next\dist\compiled\next-server\app-page-turbo.runtime.dev.js:53:164857)
    at renderFunctionComponent (C:\Transfer\Project 2026\M-Amin Network\node_modules\next\dist\compiled\next-server\app-page-turbo.runtime.dev.js:53:158663)
    at renderElement (C:\Transfer\Project 2026\M-Amin Network\node_modules\next\dist\compiled\next-server\app-page-turbo.runtime.dev.js:53:178263)
    at renderModelDestructive (C:\Transfer\Project 2026\M-Amin Network\node_modules\next\dist\compiled\next-server\app-page-turbo.runtime.dev.js:53:182086)
    at C:\Transfer\Project 2026\M-Amin Network\node_modules\next\dist\compiled\next-server\app-page-turbo.runtime.dev.js:53:170748
    at Array.toJSON (C:\Transfer\Project 2026\M-Amin Network\node_modules\next\dist\compiled\next-server\app-page-turbo.runtime.dev.js:53:172065)
    at stringify (<anonymous>)
    at emitChunk (C:\Transfer\Project 2026\M-Amin Network\node_modules\next\dist\compiled\next-server\app-page-turbo.runtime.dev.js:53:220399)
    at retryTask (C:\Transfer\Project 2026\M-Amin Network\node_modules\next\dist\compiled\next-server\app-page-turbo.runtime.dev.js:53:221542)
    at performWork (C:\Transfer\Project 2026\M-Amin Network\node_modules\next\dist\compiled\next-server\app-page-turbo.runtime.dev.js:53:223062)
    at AsyncLocalStorage.run (node:internal/async_local_storage/async_context_frame:63:14)
    at C:\Transfer\Project 2026\M-Amin Network\node_modules\next\dist\compiled\next-server\app-page-turbo.runtime.dev.js:53:226810
    at node:internal/process/task_queues:150:7
    at AsyncResource.runInAsyncScope (node:async_hooks:227:14)
    at AsyncResource.runMicrotask (node:internal/process/task_queues:147:8)

[2026-07-10T20:27:35.109Z] Action: getSetting, Key: m_amin_system_config
Error: Too many connections
Stack: Error: Too many connections
    at getSetting (C:\Transfer\Project 2026\M-Amin Network\.next\dev\server\chunks\ssr\[root-of-the-server]__15u4bti._.js:266:165)
    at RootLayout (C:\Transfer\Project 2026\M-Amin Network\.next\dev\server\chunks\ssr\[root-of-the-server]__15u4bti._.js:438:169)
    at Object.react_stack_bottom_frame (C:\Transfer\Project 2026\M-Amin Network\node_modules\next\dist\compiled\next-server\app-page-turbo.runtime.dev.js:53:268077)
    at AsyncLocalStorage.run (node:internal/async_local_storage/async_context_frame:63:14)
    at renderFunctionComponent (C:\Transfer\Project 2026\M-Amin Network\node_modules\next\dist\compiled\next-server\app-page-turbo.runtime.dev.js:53:159664)
    at renderElement (C:\Transfer\Project 2026\M-Amin Network\node_modules\next\dist\compiled\next-server\app-page-turbo.runtime.dev.js:53:178263)
    at renderModelDestructive (C:\Transfer\Project 2026\M-Amin Network\node_modules\next\dist\compiled\next-server\app-page-turbo.runtime.dev.js:53:182086)
    at retryTask (C:\Transfer\Project 2026\M-Amin Network\node_modules\next\dist\compiled\next-server\app-page-turbo.runtime.dev.js:53:221052)
    at outlineTask (C:\Transfer\Project 2026\M-Amin Network\node_modules\next\dist\compiled\next-server\app-page-turbo.runtime.dev.js:53:164857)
    at renderFunctionComponent (C:\Transfer\Project 2026\M-Amin Network\node_modules\next\dist\compiled\next-server\app-page-turbo.runtime.dev.js:53:158663)
    at renderElement (C:\Transfer\Project 2026\M-Amin Network\node_modules\next\dist\compiled\next-server\app-page-turbo.runtime.dev.js:53:178263)
    at renderModelDestructive (C:\Transfer\Project 2026\M-Amin Network\node_modules\next\dist\compiled\next-server\app-page-turbo.runtime.dev.js:53:182086)
    at C:\Transfer\Project 2026\M-Amin Network\node_modules\next\dist\compiled\next-server\app-page-turbo.runtime.dev.js:53:170748
    at Array.toJSON (C:\Transfer\Project 2026\M-Amin Network\node_modules\next\dist\compiled\next-server\app-page-turbo.runtime.dev.js:53:172065)
    at stringify (<anonymous>)
    at emitChunk (C:\Transfer\Project 2026\M-Amin Network\node_modules\next\dist\compiled\next-server\app-page-turbo.runtime.dev.js:53:220399)
    at retryTask (C:\Transfer\Project 2026\M-Amin Network\node_modules\next\dist\compiled\next-server\app-page-turbo.runtime.dev.js:53:221542)
    at performWork (C:\Transfer\Project 2026\M-Amin Network\node_modules\next\dist\compiled\next-server\app-page-turbo.runtime.dev.js:53:223062)
    at AsyncLocalStorage.run (node:internal/async_local_storage/async_context_frame:63:14)
    at C:\Transfer\Project 2026\M-Amin Network\node_modules\next\dist\compiled\next-server\app-page-turbo.runtime.dev.js:53:226810
    at node:internal/process/task_queues:150:7
    at AsyncResource.runInAsyncScope (node:async_hooks:227:14)
    at AsyncResource.runMicrotask (node:internal/process/task_queues:147:8)

[2026-07-10T20:27:35.180Z] Action: getSetting SELECT, Key: m_amin_system_config
Error: Too many connections
Stack: Error: Too many connections
    at getSetting (C:\Transfer\Project 2026\M-Amin Network\.next\dev\server\chunks\ssr\[root-of-the-server]__15u4bti._.js:266:165)
    at RootLayout (C:\Transfer\Project 2026\M-Amin Network\.next\dev\server\chunks\ssr\[root-of-the-server]__15u4bti._.js:438:169)
    at Object.react_stack_bottom_frame (C:\Transfer\Project 2026\M-Amin Network\node_modules\next\dist\compiled\next-server\app-page-turbo.runtime.dev.js:53:268077)
    at AsyncLocalStorage.run (node:internal/async_local_storage/async_context_frame:63:14)
    at renderFunctionComponent (C:\Transfer\Project 2026\M-Amin Network\node_modules\next\dist\compiled\next-server\app-page-turbo.runtime.dev.js:53:159664)
    at renderElement (C:\Transfer\Project 2026\M-Amin Network\node_modules\next\dist\compiled\next-server\app-page-turbo.runtime.dev.js:53:178263)
    at renderModelDestructive (C:\Transfer\Project 2026\M-Amin Network\node_modules\next\dist\compiled\next-server\app-page-turbo.runtime.dev.js:53:182086)
    at retryTask (C:\Transfer\Project 2026\M-Amin Network\node_modules\next\dist\compiled\next-server\app-page-turbo.runtime.dev.js:53:221052)
    at outlineTask (C:\Transfer\Project 2026\M-Amin Network\node_modules\next\dist\compiled\next-server\app-page-turbo.runtime.dev.js:53:164857)
    at renderFunctionComponent (C:\Transfer\Project 2026\M-Amin Network\node_modules\next\dist\compiled\next-server\app-page-turbo.runtime.dev.js:53:158663)
    at renderElement (C:\Transfer\Project 2026\M-Amin Network\node_modules\next\dist\compiled\next-server\app-page-turbo.runtime.dev.js:53:178263)
    at renderModelDestructive (C:\Transfer\Project 2026\M-Amin Network\node_modules\next\dist\compiled\next-server\app-page-turbo.runtime.dev.js:53:182086)
    at C:\Transfer\Project 2026\M-Amin Network\node_modules\next\dist\compiled\next-server\app-page-turbo.runtime.dev.js:53:170748
    at Array.toJSON (C:\Transfer\Project 2026\M-Amin Network\node_modules\next\dist\compiled\next-server\app-page-turbo.runtime.dev.js:53:172065)
    at stringify (<anonymous>)
    at emitChunk (C:\Transfer\Project 2026\M-Amin Network\node_modules\next\dist\compiled\next-server\app-page-turbo.runtime.dev.js:53:220399)
    at retryTask (C:\Transfer\Project 2026\M-Amin Network\node_modules\next\dist\compiled\next-server\app-page-turbo.runtime.dev.js:53:221542)
    at performWork (C:\Transfer\Project 2026\M-Amin Network\node_modules\next\dist\compiled\next-server\app-page-turbo.runtime.dev.js:53:223062)
    at AsyncLocalStorage.run (node:internal/async_local_storage/async_context_frame:63:14)
    at C:\Transfer\Project 2026\M-Amin Network\node_modules\next\dist\compiled\next-server\app-page-turbo.runtime.dev.js:53:226810
    at node:internal/process/task_queues:150:7
    at AsyncResource.runInAsyncScope (node:async_hooks:227:14)
    at AsyncResource.runMicrotask (node:internal/process/task_queues:147:8)

[2026-07-10T20:27:35.182Z] Action: getSetting, Key: m_amin_system_config
Error: Too many connections
Stack: Error: Too many connections
    at getSetting (C:\Transfer\Project 2026\M-Amin Network\.next\dev\server\chunks\ssr\[root-of-the-server]__15u4bti._.js:266:165)
    at RootLayout (C:\Transfer\Project 2026\M-Amin Network\.next\dev\server\chunks\ssr\[root-of-the-server]__15u4bti._.js:438:169)
    at Object.react_stack_bottom_frame (C:\Transfer\Project 2026\M-Amin Network\node_modules\next\dist\compiled\next-server\app-page-turbo.runtime.dev.js:53:268077)
    at AsyncLocalStorage.run (node:internal/async_local_storage/async_context_frame:63:14)
    at renderFunctionComponent (C:\Transfer\Project 2026\M-Amin Network\node_modules\next\dist\compiled\next-server\app-page-turbo.runtime.dev.js:53:159664)
    at renderElement (C:\Transfer\Project 2026\M-Amin Network\node_modules\next\dist\compiled\next-server\app-page-turbo.runtime.dev.js:53:178263)
    at renderModelDestructive (C:\Transfer\Project 2026\M-Amin Network\node_modules\next\dist\compiled\next-server\app-page-turbo.runtime.dev.js:53:182086)
    at retryTask (C:\Transfer\Project 2026\M-Amin Network\node_modules\next\dist\compiled\next-server\app-page-turbo.runtime.dev.js:53:221052)
    at outlineTask (C:\Transfer\Project 2026\M-Amin Network\node_modules\next\dist\compiled\next-server\app-page-turbo.runtime.dev.js:53:164857)
    at renderFunctionComponent (C:\Transfer\Project 2026\M-Amin Network\node_modules\next\dist\compiled\next-server\app-page-turbo.runtime.dev.js:53:158663)
    at renderElement (C:\Transfer\Project 2026\M-Amin Network\node_modules\next\dist\compiled\next-server\app-page-turbo.runtime.dev.js:53:178263)
    at renderModelDestructive (C:\Transfer\Project 2026\M-Amin Network\node_modules\next\dist\compiled\next-server\app-page-turbo.runtime.dev.js:53:182086)
    at C:\Transfer\Project 2026\M-Amin Network\node_modules\next\dist\compiled\next-server\app-page-turbo.runtime.dev.js:53:170748
    at Array.toJSON (C:\Transfer\Project 2026\M-Amin Network\node_modules\next\dist\compiled\next-server\app-page-turbo.runtime.dev.js:53:172065)
    at stringify (<anonymous>)
    at emitChunk (C:\Transfer\Project 2026\M-Amin Network\node_modules\next\dist\compiled\next-server\app-page-turbo.runtime.dev.js:53:220399)
    at retryTask (C:\Transfer\Project 2026\M-Amin Network\node_modules\next\dist\compiled\next-server\app-page-turbo.runtime.dev.js:53:221542)
    at performWork (C:\Transfer\Project 2026\M-Amin Network\node_modules\next\dist\compiled\next-server\app-page-turbo.runtime.dev.js:53:223062)
    at AsyncLocalStorage.run (node:internal/async_local_storage/async_context_frame:63:14)
    at C:\Transfer\Project 2026\M-Amin Network\node_modules\next\dist\compiled\next-server\app-page-turbo.runtime.dev.js:53:226810
    at node:internal/process/task_queues:150:7
    at AsyncResource.runInAsyncScope (node:async_hooks:227:14)
    at AsyncResource.runMicrotask (node:internal/process/task_queues:147:8)

[2026-07-10T20:27:35.287Z] Action: getSetting SELECT, Key: m_amin_system_config
Error: Too many connections
Stack: Error: Too many connections
    at getSetting (C:\Transfer\Project 2026\M-Amin Network\.next\dev\server\chunks\ssr\[root-of-the-server]__15u4bti._.js:266:165)
    at RootLayout (C:\Transfer\Project 2026\M-Amin Network\.next\dev\server\chunks\ssr\[root-of-the-server]__15u4bti._.js:438:169)
    at Object.react_stack_bottom_frame (C:\Transfer\Project 2026\M-Amin Network\node_modules\next\dist\compiled\next-server\app-page-turbo.runtime.dev.js:53:268077)
    at AsyncLocalStorage.run (node:internal/async_local_storage/async_context_frame:63:14)
    at renderFunctionComponent (C:\Transfer\Project 2026\M-Amin Network\node_modules\next\dist\compiled\next-server\app-page-turbo.runtime.dev.js:53:159664)
    at renderElement (C:\Transfer\Project 2026\M-Amin Network\node_modules\next\dist\compiled\next-server\app-page-turbo.runtime.dev.js:53:178263)
    at renderModelDestructive (C:\Transfer\Project 2026\M-Amin Network\node_modules\next\dist\compiled\next-server\app-page-turbo.runtime.dev.js:53:182086)
    at retryTask (C:\Transfer\Project 2026\M-Amin Network\node_modules\next\dist\compiled\next-server\app-page-turbo.runtime.dev.js:53:221052)
    at outlineTask (C:\Transfer\Project 2026\M-Amin Network\node_modules\next\dist\compiled\next-server\app-page-turbo.runtime.dev.js:53:164857)
    at renderFunctionComponent (C:\Transfer\Project 2026\M-Amin Network\node_modules\next\dist\compiled\next-server\app-page-turbo.runtime.dev.js:53:158663)
    at renderElement (C:\Transfer\Project 2026\M-Amin Network\node_modules\next\dist\compiled\next-server\app-page-turbo.runtime.dev.js:53:178263)
    at renderModelDestructive (C:\Transfer\Project 2026\M-Amin Network\node_modules\next\dist\compiled\next-server\app-page-turbo.runtime.dev.js:53:182086)
    at C:\Transfer\Project 2026\M-Amin Network\node_modules\next\dist\compiled\next-server\app-page-turbo.runtime.dev.js:53:170748
    at Array.toJSON (C:\Transfer\Project 2026\M-Amin Network\node_modules\next\dist\compiled\next-server\app-page-turbo.runtime.dev.js:53:172065)
    at stringify (<anonymous>)
    at emitChunk (C:\Transfer\Project 2026\M-Amin Network\node_modules\next\dist\compiled\next-server\app-page-turbo.runtime.dev.js:53:220399)
    at retryTask (C:\Transfer\Project 2026\M-Amin Network\node_modules\next\dist\compiled\next-server\app-page-turbo.runtime.dev.js:53:221542)
    at performWork (C:\Transfer\Project 2026\M-Amin Network\node_modules\next\dist\compiled\next-server\app-page-turbo.runtime.dev.js:53:223062)
    at AsyncLocalStorage.run (node:internal/async_local_storage/async_context_frame:63:14)
    at C:\Transfer\Project 2026\M-Amin Network\node_modules\next\dist\compiled\next-server\app-page-turbo.runtime.dev.js:53:226810
    at node:internal/process/task_queues:150:7
    at AsyncResource.runInAsyncScope (node:async_hooks:227:14)
    at AsyncResource.runMicrotask (node:internal/process/task_queues:147:8)

[2026-07-10T20:27:35.290Z] Action: getSetting, Key: m_amin_system_config
Error: Too many connections
Stack: Error: Too many connections
    at getSetting (C:\Transfer\Project 2026\M-Amin Network\.next\dev\server\chunks\ssr\[root-of-the-server]__15u4bti._.js:266:165)
    at RootLayout (C:\Transfer\Project 2026\M-Amin Network\.next\dev\server\chunks\ssr\[root-of-the-server]__15u4bti._.js:438:169)
    at Object.react_stack_bottom_frame (C:\Transfer\Project 2026\M-Amin Network\node_modules\next\dist\compiled\next-server\app-page-turbo.runtime.dev.js:53:268077)
    at AsyncLocalStorage.run (node:internal/async_local_storage/async_context_frame:63:14)
    at renderFunctionComponent (C:\Transfer\Project 2026\M-Amin Network\node_modules\next\dist\compiled\next-server\app-page-turbo.runtime.dev.js:53:159664)
    at renderElement (C:\Transfer\Project 2026\M-Amin Network\node_modules\next\dist\compiled\next-server\app-page-turbo.runtime.dev.js:53:178263)
    at renderModelDestructive (C:\Transfer\Project 2026\M-Amin Network\node_modules\next\dist\compiled\next-server\app-page-turbo.runtime.dev.js:53:182086)
    at retryTask (C:\Transfer\Project 2026\M-Amin Network\node_modules\next\dist\compiled\next-server\app-page-turbo.runtime.dev.js:53:221052)
    at outlineTask (C:\Transfer\Project 2026\M-Amin Network\node_modules\next\dist\compiled\next-server\app-page-turbo.runtime.dev.js:53:164857)
    at renderFunctionComponent (C:\Transfer\Project 2026\M-Amin Network\node_modules\next\dist\compiled\next-server\app-page-turbo.runtime.dev.js:53:158663)
    at renderElement (C:\Transfer\Project 2026\M-Amin Network\node_modules\next\dist\compiled\next-server\app-page-turbo.runtime.dev.js:53:178263)
    at renderModelDestructive (C:\Transfer\Project 2026\M-Amin Network\node_modules\next\dist\compiled\next-server\app-page-turbo.runtime.dev.js:53:182086)
    at C:\Transfer\Project 2026\M-Amin Network\node_modules\next\dist\compiled\next-server\app-page-turbo.runtime.dev.js:53:170748
    at Array.toJSON (C:\Transfer\Project 2026\M-Amin Network\node_modules\next\dist\compiled\next-server\app-page-turbo.runtime.dev.js:53:172065)
    at stringify (<anonymous>)
    at emitChunk (C:\Transfer\Project 2026\M-Amin Network\node_modules\next\dist\compiled\next-server\app-page-turbo.runtime.dev.js:53:220399)
    at retryTask (C:\Transfer\Project 2026\M-Amin Network\node_modules\next\dist\compiled\next-server\app-page-turbo.runtime.dev.js:53:221542)
    at performWork (C:\Transfer\Project 2026\M-Amin Network\node_modules\next\dist\compiled\next-server\app-page-turbo.runtime.dev.js:53:223062)
    at AsyncLocalStorage.run (node:internal/async_local_storage/async_context_frame:63:14)
    at C:\Transfer\Project 2026\M-Amin Network\node_modules\next\dist\compiled\next-server\app-page-turbo.runtime.dev.js:53:226810
    at node:internal/process/task_queues:150:7
    at AsyncResource.runInAsyncScope (node:async_hooks:227:14)
    at AsyncResource.runMicrotask (node:internal/process/task_queues:147:8)

[2026-07-10T20:27:35.425Z] Action: getSetting SELECT, Key: m_amin_system_config
Error: Too many connections
Stack: Error: Too many connections
    at getSetting (C:\Transfer\Project 2026\M-Amin Network\.next\dev\server\chunks\ssr\[root-of-the-server]__15u4bti._.js:266:165)
    at RootLayout (C:\Transfer\Project 2026\M-Amin Network\.next\dev\server\chunks\ssr\[root-of-the-server]__15u4bti._.js:438:169)
    at Object.react_stack_bottom_frame (C:\Transfer\Project 2026\M-Amin Network\node_modules\next\dist\compiled\next-server\app-page-turbo.runtime.dev.js:53:268077)
    at AsyncLocalStorage.run (node:internal/async_local_storage/async_context_frame:63:14)
    at renderFunctionComponent (C:\Transfer\Project 2026\M-Amin Network\node_modules\next\dist\compiled\next-server\app-page-turbo.runtime.dev.js:53:159664)
    at renderElement (C:\Transfer\Project 2026\M-Amin Network\node_modules\next\dist\compiled\next-server\app-page-turbo.runtime.dev.js:53:178263)
    at renderModelDestructive (C:\Transfer\Project 2026\M-Amin Network\node_modules\next\dist\compiled\next-server\app-page-turbo.runtime.dev.js:53:182086)
    at retryTask (C:\Transfer\Project 2026\M-Amin Network\node_modules\next\dist\compiled\next-server\app-page-turbo.runtime.dev.js:53:221052)
    at outlineTask (C:\Transfer\Project 2026\M-Amin Network\node_modules\next\dist\compiled\next-server\app-page-turbo.runtime.dev.js:53:164857)
    at renderFunctionComponent (C:\Transfer\Project 2026\M-Amin Network\node_modules\next\dist\compiled\next-server\app-page-turbo.runtime.dev.js:53:158663)
    at renderElement (C:\Transfer\Project 2026\M-Amin Network\node_modules\next\dist\compiled\next-server\app-page-turbo.runtime.dev.js:53:178263)
    at renderModelDestructive (C:\Transfer\Project 2026\M-Amin Network\node_modules\next\dist\compiled\next-server\app-page-turbo.runtime.dev.js:53:182086)
    at C:\Transfer\Project 2026\M-Amin Network\node_modules\next\dist\compiled\next-server\app-page-turbo.runtime.dev.js:53:170748
    at Array.toJSON (C:\Transfer\Project 2026\M-Amin Network\node_modules\next\dist\compiled\next-server\app-page-turbo.runtime.dev.js:53:172065)
    at stringify (<anonymous>)
    at emitChunk (C:\Transfer\Project 2026\M-Amin Network\node_modules\next\dist\compiled\next-server\app-page-turbo.runtime.dev.js:53:220399)
    at retryTask (C:\Transfer\Project 2026\M-Amin Network\node_modules\next\dist\compiled\next-server\app-page-turbo.runtime.dev.js:53:221542)
    at performWork (C:\Transfer\Project 2026\M-Amin Network\node_modules\next\dist\compiled\next-server\app-page-turbo.runtime.dev.js:53:223062)
    at AsyncLocalStorage.run (node:internal/async_local_storage/async_context_frame:63:14)
    at C:\Transfer\Project 2026\M-Amin Network\node_modules\next\dist\compiled\next-server\app-page-turbo.runtime.dev.js:53:226810
    at node:internal/process/task_queues:150:7
    at AsyncResource.runInAsyncScope (node:async_hooks:227:14)
    at AsyncResource.runMicrotask (node:internal/process/task_queues:147:8)

[2026-07-10T20:27:35.427Z] Action: getSetting, Key: m_amin_system_config
Error: Too many connections
Stack: Error: Too many connections
    at getSetting (C:\Transfer\Project 2026\M-Amin Network\.next\dev\server\chunks\ssr\[root-of-the-server]__15u4bti._.js:266:165)
    at RootLayout (C:\Transfer\Project 2026\M-Amin Network\.next\dev\server\chunks\ssr\[root-of-the-server]__15u4bti._.js:438:169)
    at Object.react_stack_bottom_frame (C:\Transfer\Project 2026\M-Amin Network\node_modules\next\dist\compiled\next-server\app-page-turbo.runtime.dev.js:53:268077)
    at AsyncLocalStorage.run (node:internal/async_local_storage/async_context_frame:63:14)
    at renderFunctionComponent (C:\Transfer\Project 2026\M-Amin Network\node_modules\next\dist\compiled\next-server\app-page-turbo.runtime.dev.js:53:159664)
    at renderElement (C:\Transfer\Project 2026\M-Amin Network\node_modules\next\dist\compiled\next-server\app-page-turbo.runtime.dev.js:53:178263)
    at renderModelDestructive (C:\Transfer\Project 2026\M-Amin Network\node_modules\next\dist\compiled\next-server\app-page-turbo.runtime.dev.js:53:182086)
    at retryTask (C:\Transfer\Project 2026\M-Amin Network\node_modules\next\dist\compiled\next-server\app-page-turbo.runtime.dev.js:53:221052)
    at outlineTask (C:\Transfer\Project 2026\M-Amin Network\node_modules\next\dist\compiled\next-server\app-page-turbo.runtime.dev.js:53:164857)
    at renderFunctionComponent (C:\Transfer\Project 2026\M-Amin Network\node_modules\next\dist\compiled\next-server\app-page-turbo.runtime.dev.js:53:158663)
    at renderElement (C:\Transfer\Project 2026\M-Amin Network\node_modules\next\dist\compiled\next-server\app-page-turbo.runtime.dev.js:53:178263)
    at renderModelDestructive (C:\Transfer\Project 2026\M-Amin Network\node_modules\next\dist\compiled\next-server\app-page-turbo.runtime.dev.js:53:182086)
    at C:\Transfer\Project 2026\M-Amin Network\node_modules\next\dist\compiled\next-server\app-page-turbo.runtime.dev.js:53:170748
    at Array.toJSON (C:\Transfer\Project 2026\M-Amin Network\node_modules\next\dist\compiled\next-server\app-page-turbo.runtime.dev.js:53:172065)
    at stringify (<anonymous>)
    at emitChunk (C:\Transfer\Project 2026\M-Amin Network\node_modules\next\dist\compiled\next-server\app-page-turbo.runtime.dev.js:53:220399)
    at retryTask (C:\Transfer\Project 2026\M-Amin Network\node_modules\next\dist\compiled\next-server\app-page-turbo.runtime.dev.js:53:221542)
    at performWork (C:\Transfer\Project 2026\M-Amin Network\node_modules\next\dist\compiled\next-server\app-page-turbo.runtime.dev.js:53:223062)
    at AsyncLocalStorage.run (node:internal/async_local_storage/async_context_frame:63:14)
    at C:\Transfer\Project 2026\M-Amin Network\node_modules\next\dist\compiled\next-server\app-page-turbo.runtime.dev.js:53:226810
    at node:internal/process/task_queues:150:7
    at AsyncResource.runInAsyncScope (node:async_hooks:227:14)
    at AsyncResource.runMicrotask (node:internal/process/task_queues:147:8)

[2026-07-10T20:27:35.429Z] Action: getSetting SELECT, Key: m_amin_system_config
Error: Too many connections
Stack: Error: Too many connections
    at getSetting (C:\Transfer\Project 2026\M-Amin Network\.next\dev\server\chunks\ssr\[root-of-the-server]__15u4bti._.js:266:165)
    at RootLayout (C:\Transfer\Project 2026\M-Amin Network\.next\dev\server\chunks\ssr\[root-of-the-server]__15u4bti._.js:438:169)
    at Object.react_stack_bottom_frame (C:\Transfer\Project 2026\M-Amin Network\node_modules\next\dist\compiled\next-server\app-page-turbo.runtime.dev.js:53:268077)
    at AsyncLocalStorage.run (node:internal/async_local_storage/async_context_frame:63:14)
    at renderFunctionComponent (C:\Transfer\Project 2026\M-Amin Network\node_modules\next\dist\compiled\next-server\app-page-turbo.runtime.dev.js:53:159664)
    at renderElement (C:\Transfer\Project 2026\M-Amin Network\node_modules\next\dist\compiled\next-server\app-page-turbo.runtime.dev.js:53:178263)
    at renderModelDestructive (C:\Transfer\Project 2026\M-Amin Network\node_modules\next\dist\compiled\next-server\app-page-turbo.runtime.dev.js:53:182086)
    at retryTask (C:\Transfer\Project 2026\M-Amin Network\node_modules\next\dist\compiled\next-server\app-page-turbo.runtime.dev.js:53:221052)
    at outlineTask (C:\Transfer\Project 2026\M-Amin Network\node_modules\next\dist\compiled\next-server\app-page-turbo.runtime.dev.js:53:164857)
    at renderFunctionComponent (C:\Transfer\Project 2026\M-Amin Network\node_modules\next\dist\compiled\next-server\app-page-turbo.runtime.dev.js:53:158663)
    at renderElement (C:\Transfer\Project 2026\M-Amin Network\node_modules\next\dist\compiled\next-server\app-page-turbo.runtime.dev.js:53:178263)
    at renderModelDestructive (C:\Transfer\Project 2026\M-Amin Network\node_modules\next\dist\compiled\next-server\app-page-turbo.runtime.dev.js:53:182086)
    at C:\Transfer\Project 2026\M-Amin Network\node_modules\next\dist\compiled\next-server\app-page-turbo.runtime.dev.js:53:170748
    at Array.toJSON (C:\Transfer\Project 2026\M-Amin Network\node_modules\next\dist\compiled\next-server\app-page-turbo.runtime.dev.js:53:172065)
    at stringify (<anonymous>)
    at emitChunk (C:\Transfer\Project 2026\M-Amin Network\node_modules\next\dist\compiled\next-server\app-page-turbo.runtime.dev.js:53:220399)
    at retryTask (C:\Transfer\Project 2026\M-Amin Network\node_modules\next\dist\compiled\next-server\app-page-turbo.runtime.dev.js:53:221542)
    at performWork (C:\Transfer\Project 2026\M-Amin Network\node_modules\next\dist\compiled\next-server\app-page-turbo.runtime.dev.js:53:223062)
    at AsyncLocalStorage.run (node:internal/async_local_storage/async_context_frame:63:14)
    at C:\Transfer\Project 2026\M-Amin Network\node_modules\next\dist\compiled\next-server\app-page-turbo.runtime.dev.js:53:226810
    at node:internal/process/task_queues:150:7
    at AsyncResource.runInAsyncScope (node:async_hooks:227:14)
    at AsyncResource.runMicrotask (node:internal/process/task_queues:147:8)

[2026-07-10T20:27:35.431Z] Action: getSetting, Key: m_amin_system_config
Error: Too many connections
Stack: Error: Too many connections
    at getSetting (C:\Transfer\Project 2026\M-Amin Network\.next\dev\server\chunks\ssr\[root-of-the-server]__15u4bti._.js:266:165)
    at RootLayout (C:\Transfer\Project 2026\M-Amin Network\.next\dev\server\chunks\ssr\[root-of-the-server]__15u4bti._.js:438:169)
    at Object.react_stack_bottom_frame (C:\Transfer\Project 2026\M-Amin Network\node_modules\next\dist\compiled\next-server\app-page-turbo.runtime.dev.js:53:268077)
    at AsyncLocalStorage.run (node:internal/async_local_storage/async_context_frame:63:14)
    at renderFunctionComponent (C:\Transfer\Project 2026\M-Amin Network\node_modules\next\dist\compiled\next-server\app-page-turbo.runtime.dev.js:53:159664)
    at renderElement (C:\Transfer\Project 2026\M-Amin Network\node_modules\next\dist\compiled\next-server\app-page-turbo.runtime.dev.js:53:178263)
    at renderModelDestructive (C:\Transfer\Project 2026\M-Amin Network\node_modules\next\dist\compiled\next-server\app-page-turbo.runtime.dev.js:53:182086)
    at retryTask (C:\Transfer\Project 2026\M-Amin Network\node_modules\next\dist\compiled\next-server\app-page-turbo.runtime.dev.js:53:221052)
    at outlineTask (C:\Transfer\Project 2026\M-Amin Network\node_modules\next\dist\compiled\next-server\app-page-turbo.runtime.dev.js:53:164857)
    at renderFunctionComponent (C:\Transfer\Project 2026\M-Amin Network\node_modules\next\dist\compiled\next-server\app-page-turbo.runtime.dev.js:53:158663)
    at renderElement (C:\Transfer\Project 2026\M-Amin Network\node_modules\next\dist\compiled\next-server\app-page-turbo.runtime.dev.js:53:178263)
    at renderModelDestructive (C:\Transfer\Project 2026\M-Amin Network\node_modules\next\dist\compiled\next-server\app-page-turbo.runtime.dev.js:53:182086)
    at C:\Transfer\Project 2026\M-Amin Network\node_modules\next\dist\compiled\next-server\app-page-turbo.runtime.dev.js:53:170748
    at Array.toJSON (C:\Transfer\Project 2026\M-Amin Network\node_modules\next\dist\compiled\next-server\app-page-turbo.runtime.dev.js:53:172065)
    at stringify (<anonymous>)
    at emitChunk (C:\Transfer\Project 2026\M-Amin Network\node_modules\next\dist\compiled\next-server\app-page-turbo.runtime.dev.js:53:220399)
    at retryTask (C:\Transfer\Project 2026\M-Amin Network\node_modules\next\dist\compiled\next-server\app-page-turbo.runtime.dev.js:53:221542)
    at performWork (C:\Transfer\Project 2026\M-Amin Network\node_modules\next\dist\compiled\next-server\app-page-turbo.runtime.dev.js:53:223062)
    at AsyncLocalStorage.run (node:internal/async_local_storage/async_context_frame:63:14)
    at C:\Transfer\Project 2026\M-Amin Network\node_modules\next\dist\compiled\next-server\app-page-turbo.runtime.dev.js:53:226810
    at node:internal/process/task_queues:150:7
    at AsyncResource.runInAsyncScope (node:async_hooks:227:14)
    at AsyncResource.runMicrotask (node:internal/process/task_queues:147:8)

[2026-07-10T20:27:35.434Z] Action: getSetting SELECT, Key: m_amin_system_config
Error: Too many connections
Stack: Error: Too many connections
    at getSetting (C:\Transfer\Project 2026\M-Amin Network\.next\dev\server\chunks\ssr\[root-of-the-server]__15u4bti._.js:266:165)
    at RootLayout (C:\Transfer\Project 2026\M-Amin Network\.next\dev\server\chunks\ssr\[root-of-the-server]__15u4bti._.js:438:169)
    at Object.react_stack_bottom_frame (C:\Transfer\Project 2026\M-Amin Network\node_modules\next\dist\compiled\next-server\app-page-turbo.runtime.dev.js:53:268077)
    at AsyncLocalStorage.run (node:internal/async_local_storage/async_context_frame:63:14)
    at renderFunctionComponent (C:\Transfer\Project 2026\M-Amin Network\node_modules\next\dist\compiled\next-server\app-page-turbo.runtime.dev.js:53:159664)
    at renderElement (C:\Transfer\Project 2026\M-Amin Network\node_modules\next\dist\compiled\next-server\app-page-turbo.runtime.dev.js:53:178263)
    at renderModelDestructive (C:\Transfer\Project 2026\M-Amin Network\node_modules\next\dist\compiled\next-server\app-page-turbo.runtime.dev.js:53:182086)
    at retryTask (C:\Transfer\Project 2026\M-Amin Network\node_modules\next\dist\compiled\next-server\app-page-turbo.runtime.dev.js:53:221052)
    at outlineTask (C:\Transfer\Project 2026\M-Amin Network\node_modules\next\dist\compiled\next-server\app-page-turbo.runtime.dev.js:53:164857)
    at renderFunctionComponent (C:\Transfer\Project 2026\M-Amin Network\node_modules\next\dist\compiled\next-server\app-page-turbo.runtime.dev.js:53:158663)
    at renderElement (C:\Transfer\Project 2026\M-Amin Network\node_modules\next\dist\compiled\next-server\app-page-turbo.runtime.dev.js:53:178263)
    at renderModelDestructive (C:\Transfer\Project 2026\M-Amin Network\node_modules\next\dist\compiled\next-server\app-page-turbo.runtime.dev.js:53:182086)
    at C:\Transfer\Project 2026\M-Amin Network\node_modules\next\dist\compiled\next-server\app-page-turbo.runtime.dev.js:53:170748
    at Array.toJSON (C:\Transfer\Project 2026\M-Amin Network\node_modules\next\dist\compiled\next-server\app-page-turbo.runtime.dev.js:53:172065)
    at stringify (<anonymous>)
    at emitChunk (C:\Transfer\Project 2026\M-Amin Network\node_modules\next\dist\compiled\next-server\app-page-turbo.runtime.dev.js:53:220399)
    at retryTask (C:\Transfer\Project 2026\M-Amin Network\node_modules\next\dist\compiled\next-server\app-page-turbo.runtime.dev.js:53:221542)
    at performWork (C:\Transfer\Project 2026\M-Amin Network\node_modules\next\dist\compiled\next-server\app-page-turbo.runtime.dev.js:53:223062)
    at AsyncLocalStorage.run (node:internal/async_local_storage/async_context_frame:63:14)
    at C:\Transfer\Project 2026\M-Amin Network\node_modules\next\dist\compiled\next-server\app-page-turbo.runtime.dev.js:53:226810
    at node:internal/process/task_queues:150:7
    at AsyncResource.runInAsyncScope (node:async_hooks:227:14)
    at AsyncResource.runMicrotask (node:internal/process/task_queues:147:8)

[2026-07-10T20:27:35.437Z] Action: getSetting, Key: m_amin_system_config
Error: Too many connections
Stack: Error: Too many connections
    at getSetting (C:\Transfer\Project 2026\M-Amin Network\.next\dev\server\chunks\ssr\[root-of-the-server]__15u4bti._.js:266:165)
    at RootLayout (C:\Transfer\Project 2026\M-Amin Network\.next\dev\server\chunks\ssr\[root-of-the-server]__15u4bti._.js:438:169)
    at Object.react_stack_bottom_frame (C:\Transfer\Project 2026\M-Amin Network\node_modules\next\dist\compiled\next-server\app-page-turbo.runtime.dev.js:53:268077)
    at AsyncLocalStorage.run (node:internal/async_local_storage/async_context_frame:63:14)
    at renderFunctionComponent (C:\Transfer\Project 2026\M-Amin Network\node_modules\next\dist\compiled\next-server\app-page-turbo.runtime.dev.js:53:159664)
    at renderElement (C:\Transfer\Project 2026\M-Amin Network\node_modules\next\dist\compiled\next-server\app-page-turbo.runtime.dev.js:53:178263)
    at renderModelDestructive (C:\Transfer\Project 2026\M-Amin Network\node_modules\next\dist\compiled\next-server\app-page-turbo.runtime.dev.js:53:182086)
    at retryTask (C:\Transfer\Project 2026\M-Amin Network\node_modules\next\dist\compiled\next-server\app-page-turbo.runtime.dev.js:53:221052)
    at outlineTask (C:\Transfer\Project 2026\M-Amin Network\node_modules\next\dist\compiled\next-server\app-page-turbo.runtime.dev.js:53:164857)
    at renderFunctionComponent (C:\Transfer\Project 2026\M-Amin Network\node_modules\next\dist\compiled\next-server\app-page-turbo.runtime.dev.js:53:158663)
    at renderElement (C:\Transfer\Project 2026\M-Amin Network\node_modules\next\dist\compiled\next-server\app-page-turbo.runtime.dev.js:53:178263)
    at renderModelDestructive (C:\Transfer\Project 2026\M-Amin Network\node_modules\next\dist\compiled\next-server\app-page-turbo.runtime.dev.js:53:182086)
    at C:\Transfer\Project 2026\M-Amin Network\node_modules\next\dist\compiled\next-server\app-page-turbo.runtime.dev.js:53:170748
    at Array.toJSON (C:\Transfer\Project 2026\M-Amin Network\node_modules\next\dist\compiled\next-server\app-page-turbo.runtime.dev.js:53:172065)
    at stringify (<anonymous>)
    at emitChunk (C:\Transfer\Project 2026\M-Amin Network\node_modules\next\dist\compiled\next-server\app-page-turbo.runtime.dev.js:53:220399)
    at retryTask (C:\Transfer\Project 2026\M-Amin Network\node_modules\next\dist\compiled\next-server\app-page-turbo.runtime.dev.js:53:221542)
    at performWork (C:\Transfer\Project 2026\M-Amin Network\node_modules\next\dist\compiled\next-server\app-page-turbo.runtime.dev.js:53:223062)
    at AsyncLocalStorage.run (node:internal/async_local_storage/async_context_frame:63:14)
    at C:\Transfer\Project 2026\M-Amin Network\node_modules\next\dist\compiled\next-server\app-page-turbo.runtime.dev.js:53:226810
    at node:internal/process/task_queues:150:7
    at AsyncResource.runInAsyncScope (node:async_hooks:227:14)
    at AsyncResource.runMicrotask (node:internal/process/task_queues:147:8)

[2026-07-10T20:27:35.454Z] Action: getSetting SELECT, Key: m_amin_system_config
Error: Too many connections
Stack: Error: Too many connections
    at getSetting (C:\Transfer\Project 2026\M-Amin Network\.next\dev\server\chunks\ssr\[root-of-the-server]__15u4bti._.js:266:165)
    at RootLayout (C:\Transfer\Project 2026\M-Amin Network\.next\dev\server\chunks\ssr\[root-of-the-server]__15u4bti._.js:438:169)
    at Object.react_stack_bottom_frame (C:\Transfer\Project 2026\M-Amin Network\node_modules\next\dist\compiled\next-server\app-page-turbo.runtime.dev.js:53:268077)
    at AsyncLocalStorage.run (node:internal/async_local_storage/async_context_frame:63:14)
    at renderFunctionComponent (C:\Transfer\Project 2026\M-Amin Network\node_modules\next\dist\compiled\next-server\app-page-turbo.runtime.dev.js:53:159664)
    at renderElement (C:\Transfer\Project 2026\M-Amin Network\node_modules\next\dist\compiled\next-server\app-page-turbo.runtime.dev.js:53:178263)
    at renderModelDestructive (C:\Transfer\Project 2026\M-Amin Network\node_modules\next\dist\compiled\next-server\app-page-turbo.runtime.dev.js:53:182086)
    at retryTask (C:\Transfer\Project 2026\M-Amin Network\node_modules\next\dist\compiled\next-server\app-page-turbo.runtime.dev.js:53:221052)
    at outlineTask (C:\Transfer\Project 2026\M-Amin Network\node_modules\next\dist\compiled\next-server\app-page-turbo.runtime.dev.js:53:164857)
    at renderFunctionComponent (C:\Transfer\Project 2026\M-Amin Network\node_modules\next\dist\compiled\next-server\app-page-turbo.runtime.dev.js:53:158663)
    at renderElement (C:\Transfer\Project 2026\M-Amin Network\node_modules\next\dist\compiled\next-server\app-page-turbo.runtime.dev.js:53:178263)
    at renderModelDestructive (C:\Transfer\Project 2026\M-Amin Network\node_modules\next\dist\compiled\next-server\app-page-turbo.runtime.dev.js:53:182086)
    at C:\Transfer\Project 2026\M-Amin Network\node_modules\next\dist\compiled\next-server\app-page-turbo.runtime.dev.js:53:170748
    at Array.toJSON (C:\Transfer\Project 2026\M-Amin Network\node_modules\next\dist\compiled\next-server\app-page-turbo.runtime.dev.js:53:172065)
    at stringify (<anonymous>)
    at emitChunk (C:\Transfer\Project 2026\M-Amin Network\node_modules\next\dist\compiled\next-server\app-page-turbo.runtime.dev.js:53:220399)
    at retryTask (C:\Transfer\Project 2026\M-Amin Network\node_modules\next\dist\compiled\next-server\app-page-turbo.runtime.dev.js:53:221542)
    at performWork (C:\Transfer\Project 2026\M-Amin Network\node_modules\next\dist\compiled\next-server\app-page-turbo.runtime.dev.js:53:223062)
    at AsyncLocalStorage.run (node:internal/async_local_storage/async_context_frame:63:14)
    at C:\Transfer\Project 2026\M-Amin Network\node_modules\next\dist\compiled\next-server\app-page-turbo.runtime.dev.js:53:226810
    at node:internal/process/task_queues:150:7
    at AsyncResource.runInAsyncScope (node:async_hooks:227:14)
    at AsyncResource.runMicrotask (node:internal/process/task_queues:147:8)

[2026-07-10T20:27:35.458Z] Action: getSetting, Key: m_amin_system_config
Error: Too many connections
Stack: Error: Too many connections
    at getSetting (C:\Transfer\Project 2026\M-Amin Network\.next\dev\server\chunks\ssr\[root-of-the-server]__15u4bti._.js:266:165)
    at RootLayout (C:\Transfer\Project 2026\M-Amin Network\.next\dev\server\chunks\ssr\[root-of-the-server]__15u4bti._.js:438:169)
    at Object.react_stack_bottom_frame (C:\Transfer\Project 2026\M-Amin Network\node_modules\next\dist\compiled\next-server\app-page-turbo.runtime.dev.js:53:268077)
    at AsyncLocalStorage.run (node:internal/async_local_storage/async_context_frame:63:14)
    at renderFunctionComponent (C:\Transfer\Project 2026\M-Amin Network\node_modules\next\dist\compiled\next-server\app-page-turbo.runtime.dev.js:53:159664)
    at renderElement (C:\Transfer\Project 2026\M-Amin Network\node_modules\next\dist\compiled\next-server\app-page-turbo.runtime.dev.js:53:178263)
    at renderModelDestructive (C:\Transfer\Project 2026\M-Amin Network\node_modules\next\dist\compiled\next-server\app-page-turbo.runtime.dev.js:53:182086)
    at retryTask (C:\Transfer\Project 2026\M-Amin Network\node_modules\next\dist\compiled\next-server\app-page-turbo.runtime.dev.js:53:221052)
    at outlineTask (C:\Transfer\Project 2026\M-Amin Network\node_modules\next\dist\compiled\next-server\app-page-turbo.runtime.dev.js:53:164857)
    at renderFunctionComponent (C:\Transfer\Project 2026\M-Amin Network\node_modules\next\dist\compiled\next-server\app-page-turbo.runtime.dev.js:53:158663)
    at renderElement (C:\Transfer\Project 2026\M-Amin Network\node_modules\next\dist\compiled\next-server\app-page-turbo.runtime.dev.js:53:178263)
    at renderModelDestructive (C:\Transfer\Project 2026\M-Amin Network\node_modules\next\dist\compiled\next-server\app-page-turbo.runtime.dev.js:53:182086)
    at C:\Transfer\Project 2026\M-Amin Network\node_modules\next\dist\compiled\next-server\app-page-turbo.runtime.dev.js:53:170748
    at Array.toJSON (C:\Transfer\Project 2026\M-Amin Network\node_modules\next\dist\compiled\next-server\app-page-turbo.runtime.dev.js:53:172065)
    at stringify (<anonymous>)
    at emitChunk (C:\Transfer\Project 2026\M-Amin Network\node_modules\next\dist\compiled\next-server\app-page-turbo.runtime.dev.js:53:220399)
    at retryTask (C:\Transfer\Project 2026\M-Amin Network\node_modules\next\dist\compiled\next-server\app-page-turbo.runtime.dev.js:53:221542)
    at performWork (C:\Transfer\Project 2026\M-Amin Network\node_modules\next\dist\compiled\next-server\app-page-turbo.runtime.dev.js:53:223062)
    at AsyncLocalStorage.run (node:internal/async_local_storage/async_context_frame:63:14)
    at C:\Transfer\Project 2026\M-Amin Network\node_modules\next\dist\compiled\next-server\app-page-turbo.runtime.dev.js:53:226810
    at node:internal/process/task_queues:150:7
    at AsyncResource.runInAsyncScope (node:async_hooks:227:14)
    at AsyncResource.runMicrotask (node:internal/process/task_queues:147:8)

[2026-07-10T20:27:35.531Z] Action: getSetting SELECT, Key: m_amin_system_config
Error: Too many connections
Stack: Error: Too many connections
    at getSetting (C:\Transfer\Project 2026\M-Amin Network\.next\dev\server\chunks\ssr\[root-of-the-server]__15u4bti._.js:266:165)
    at RootLayout (C:\Transfer\Project 2026\M-Amin Network\.next\dev\server\chunks\ssr\[root-of-the-server]__15u4bti._.js:438:169)
    at Object.react_stack_bottom_frame (C:\Transfer\Project 2026\M-Amin Network\node_modules\next\dist\compiled\next-server\app-page-turbo.runtime.dev.js:53:268077)
    at AsyncLocalStorage.run (node:internal/async_local_storage/async_context_frame:63:14)
    at renderFunctionComponent (C:\Transfer\Project 2026\M-Amin Network\node_modules\next\dist\compiled\next-server\app-page-turbo.runtime.dev.js:53:159664)
    at renderElement (C:\Transfer\Project 2026\M-Amin Network\node_modules\next\dist\compiled\next-server\app-page-turbo.runtime.dev.js:53:178263)
    at renderModelDestructive (C:\Transfer\Project 2026\M-Amin Network\node_modules\next\dist\compiled\next-server\app-page-turbo.runtime.dev.js:53:182086)
    at retryTask (C:\Transfer\Project 2026\M-Amin Network\node_modules\next\dist\compiled\next-server\app-page-turbo.runtime.dev.js:53:221052)
    at outlineTask (C:\Transfer\Project 2026\M-Amin Network\node_modules\next\dist\compiled\next-server\app-page-turbo.runtime.dev.js:53:164857)
    at renderFunctionComponent (C:\Transfer\Project 2026\M-Amin Network\node_modules\next\dist\compiled\next-server\app-page-turbo.runtime.dev.js:53:158663)
    at renderElement (C:\Transfer\Project 2026\M-Amin Network\node_modules\next\dist\compiled\next-server\app-page-turbo.runtime.dev.js:53:178263)
    at renderModelDestructive (C:\Transfer\Project 2026\M-Amin Network\node_modules\next\dist\compiled\next-server\app-page-turbo.runtime.dev.js:53:182086)
    at C:\Transfer\Project 2026\M-Amin Network\node_modules\next\dist\compiled\next-server\app-page-turbo.runtime.dev.js:53:170748
    at Array.toJSON (C:\Transfer\Project 2026\M-Amin Network\node_modules\next\dist\compiled\next-server\app-page-turbo.runtime.dev.js:53:172065)
    at stringify (<anonymous>)
    at emitChunk (C:\Transfer\Project 2026\M-Amin Network\node_modules\next\dist\compiled\next-server\app-page-turbo.runtime.dev.js:53:220399)
    at retryTask (C:\Transfer\Project 2026\M-Amin Network\node_modules\next\dist\compiled\next-server\app-page-turbo.runtime.dev.js:53:221542)
    at performWork (C:\Transfer\Project 2026\M-Amin Network\node_modules\next\dist\compiled\next-server\app-page-turbo.runtime.dev.js:53:223062)
    at AsyncLocalStorage.run (node:internal/async_local_storage/async_context_frame:63:14)
    at C:\Transfer\Project 2026\M-Amin Network\node_modules\next\dist\compiled\next-server\app-page-turbo.runtime.dev.js:53:226810
    at node:internal/process/task_queues:150:7
    at AsyncResource.runInAsyncScope (node:async_hooks:227:14)
    at AsyncResource.runMicrotask (node:internal/process/task_queues:147:8)

[2026-07-10T20:27:35.533Z] Action: getSetting, Key: m_amin_system_config
Error: Too many connections
Stack: Error: Too many connections
    at getSetting (C:\Transfer\Project 2026\M-Amin Network\.next\dev\server\chunks\ssr\[root-of-the-server]__15u4bti._.js:266:165)
    at RootLayout (C:\Transfer\Project 2026\M-Amin Network\.next\dev\server\chunks\ssr\[root-of-the-server]__15u4bti._.js:438:169)
    at Object.react_stack_bottom_frame (C:\Transfer\Project 2026\M-Amin Network\node_modules\next\dist\compiled\next-server\app-page-turbo.runtime.dev.js:53:268077)
    at AsyncLocalStorage.run (node:internal/async_local_storage/async_context_frame:63:14)
    at renderFunctionComponent (C:\Transfer\Project 2026\M-Amin Network\node_modules\next\dist\compiled\next-server\app-page-turbo.runtime.dev.js:53:159664)
    at renderElement (C:\Transfer\Project 2026\M-Amin Network\node_modules\next\dist\compiled\next-server\app-page-turbo.runtime.dev.js:53:178263)
    at renderModelDestructive (C:\Transfer\Project 2026\M-Amin Network\node_modules\next\dist\compiled\next-server\app-page-turbo.runtime.dev.js:53:182086)
    at retryTask (C:\Transfer\Project 2026\M-Amin Network\node_modules\next\dist\compiled\next-server\app-page-turbo.runtime.dev.js:53:221052)
    at outlineTask (C:\Transfer\Project 2026\M-Amin Network\node_modules\next\dist\compiled\next-server\app-page-turbo.runtime.dev.js:53:164857)
    at renderFunctionComponent (C:\Transfer\Project 2026\M-Amin Network\node_modules\next\dist\compiled\next-server\app-page-turbo.runtime.dev.js:53:158663)
    at renderElement (C:\Transfer\Project 2026\M-Amin Network\node_modules\next\dist\compiled\next-server\app-page-turbo.runtime.dev.js:53:178263)
    at renderModelDestructive (C:\Transfer\Project 2026\M-Amin Network\node_modules\next\dist\compiled\next-server\app-page-turbo.runtime.dev.js:53:182086)
    at C:\Transfer\Project 2026\M-Amin Network\node_modules\next\dist\compiled\next-server\app-page-turbo.runtime.dev.js:53:170748
    at Array.toJSON (C:\Transfer\Project 2026\M-Amin Network\node_modules\next\dist\compiled\next-server\app-page-turbo.runtime.dev.js:53:172065)
    at stringify (<anonymous>)
    at emitChunk (C:\Transfer\Project 2026\M-Amin Network\node_modules\next\dist\compiled\next-server\app-page-turbo.runtime.dev.js:53:220399)
    at retryTask (C:\Transfer\Project 2026\M-Amin Network\node_modules\next\dist\compiled\next-server\app-page-turbo.runtime.dev.js:53:221542)
    at performWork (C:\Transfer\Project 2026\M-Amin Network\node_modules\next\dist\compiled\next-server\app-page-turbo.runtime.dev.js:53:223062)
    at AsyncLocalStorage.run (node:internal/async_local_storage/async_context_frame:63:14)
    at C:\Transfer\Project 2026\M-Amin Network\node_modules\next\dist\compiled\next-server\app-page-turbo.runtime.dev.js:53:226810
    at node:internal/process/task_queues:150:7
    at AsyncResource.runInAsyncScope (node:async_hooks:227:14)
    at AsyncResource.runMicrotask (node:internal/process/task_queues:147:8)

[2026-07-10T20:27:35.616Z] Action: getSetting SELECT, Key: m_amin_system_config
Error: Too many connections
Stack: Error: Too many connections
    at getSetting (C:\Transfer\Project 2026\M-Amin Network\.next\dev\server\chunks\ssr\[root-of-the-server]__15u4bti._.js:266:165)
    at RootLayout (C:\Transfer\Project 2026\M-Amin Network\.next\dev\server\chunks\ssr\[root-of-the-server]__15u4bti._.js:438:169)
    at Object.react_stack_bottom_frame (C:\Transfer\Project 2026\M-Amin Network\node_modules\next\dist\compiled\next-server\app-page-turbo.runtime.dev.js:53:268077)
    at AsyncLocalStorage.run (node:internal/async_local_storage/async_context_frame:63:14)
    at renderFunctionComponent (C:\Transfer\Project 2026\M-Amin Network\node_modules\next\dist\compiled\next-server\app-page-turbo.runtime.dev.js:53:159664)
    at renderElement (C:\Transfer\Project 2026\M-Amin Network\node_modules\next\dist\compiled\next-server\app-page-turbo.runtime.dev.js:53:178263)
    at renderModelDestructive (C:\Transfer\Project 2026\M-Amin Network\node_modules\next\dist\compiled\next-server\app-page-turbo.runtime.dev.js:53:182086)
    at retryTask (C:\Transfer\Project 2026\M-Amin Network\node_modules\next\dist\compiled\next-server\app-page-turbo.runtime.dev.js:53:221052)
    at outlineTask (C:\Transfer\Project 2026\M-Amin Network\node_modules\next\dist\compiled\next-server\app-page-turbo.runtime.dev.js:53:164857)
    at renderFunctionComponent (C:\Transfer\Project 2026\M-Amin Network\node_modules\next\dist\compiled\next-server\app-page-turbo.runtime.dev.js:53:158663)
    at renderElement (C:\Transfer\Project 2026\M-Amin Network\node_modules\next\dist\compiled\next-server\app-page-turbo.runtime.dev.js:53:178263)
    at renderModelDestructive (C:\Transfer\Project 2026\M-Amin Network\node_modules\next\dist\compiled\next-server\app-page-turbo.runtime.dev.js:53:182086)
    at C:\Transfer\Project 2026\M-Amin Network\node_modules\next\dist\compiled\next-server\app-page-turbo.runtime.dev.js:53:170748
    at Array.toJSON (C:\Transfer\Project 2026\M-Amin Network\node_modules\next\dist\compiled\next-server\app-page-turbo.runtime.dev.js:53:172065)
    at stringify (<anonymous>)
    at emitChunk (C:\Transfer\Project 2026\M-Amin Network\node_modules\next\dist\compiled\next-server\app-page-turbo.runtime.dev.js:53:220399)
    at retryTask (C:\Transfer\Project 2026\M-Amin Network\node_modules\next\dist\compiled\next-server\app-page-turbo.runtime.dev.js:53:221542)
    at performWork (C:\Transfer\Project 2026\M-Amin Network\node_modules\next\dist\compiled\next-server\app-page-turbo.runtime.dev.js:53:223062)
    at AsyncLocalStorage.run (node:internal/async_local_storage/async_context_frame:63:14)
    at C:\Transfer\Project 2026\M-Amin Network\node_modules\next\dist\compiled\next-server\app-page-turbo.runtime.dev.js:53:226810
    at node:internal/process/task_queues:150:7
    at AsyncResource.runInAsyncScope (node:async_hooks:227:14)
    at AsyncResource.runMicrotask (node:internal/process/task_queues:147:8)

[2026-07-10T20:27:35.620Z] Action: getSetting, Key: m_amin_system_config
Error: Too many connections
Stack: Error: Too many connections
    at getSetting (C:\Transfer\Project 2026\M-Amin Network\.next\dev\server\chunks\ssr\[root-of-the-server]__15u4bti._.js:266:165)
    at RootLayout (C:\Transfer\Project 2026\M-Amin Network\.next\dev\server\chunks\ssr\[root-of-the-server]__15u4bti._.js:438:169)
    at Object.react_stack_bottom_frame (C:\Transfer\Project 2026\M-Amin Network\node_modules\next\dist\compiled\next-server\app-page-turbo.runtime.dev.js:53:268077)
    at AsyncLocalStorage.run (node:internal/async_local_storage/async_context_frame:63:14)
    at renderFunctionComponent (C:\Transfer\Project 2026\M-Amin Network\node_modules\next\dist\compiled\next-server\app-page-turbo.runtime.dev.js:53:159664)
    at renderElement (C:\Transfer\Project 2026\M-Amin Network\node_modules\next\dist\compiled\next-server\app-page-turbo.runtime.dev.js:53:178263)
    at renderModelDestructive (C:\Transfer\Project 2026\M-Amin Network\node_modules\next\dist\compiled\next-server\app-page-turbo.runtime.dev.js:53:182086)
    at retryTask (C:\Transfer\Project 2026\M-Amin Network\node_modules\next\dist\compiled\next-server\app-page-turbo.runtime.dev.js:53:221052)
    at outlineTask (C:\Transfer\Project 2026\M-Amin Network\node_modules\next\dist\compiled\next-server\app-page-turbo.runtime.dev.js:53:164857)
    at renderFunctionComponent (C:\Transfer\Project 2026\M-Amin Network\node_modules\next\dist\compiled\next-server\app-page-turbo.runtime.dev.js:53:158663)
    at renderElement (C:\Transfer\Project 2026\M-Amin Network\node_modules\next\dist\compiled\next-server\app-page-turbo.runtime.dev.js:53:178263)
    at renderModelDestructive (C:\Transfer\Project 2026\M-Amin Network\node_modules\next\dist\compiled\next-server\app-page-turbo.runtime.dev.js:53:182086)
    at C:\Transfer\Project 2026\M-Amin Network\node_modules\next\dist\compiled\next-server\app-page-turbo.runtime.dev.js:53:170748
    at Array.toJSON (C:\Transfer\Project 2026\M-Amin Network\node_modules\next\dist\compiled\next-server\app-page-turbo.runtime.dev.js:53:172065)
    at stringify (<anonymous>)
    at emitChunk (C:\Transfer\Project 2026\M-Amin Network\node_modules\next\dist\compiled\next-server\app-page-turbo.runtime.dev.js:53:220399)
    at retryTask (C:\Transfer\Project 2026\M-Amin Network\node_modules\next\dist\compiled\next-server\app-page-turbo.runtime.dev.js:53:221542)
    at performWork (C:\Transfer\Project 2026\M-Amin Network\node_modules\next\dist\compiled\next-server\app-page-turbo.runtime.dev.js:53:223062)
    at AsyncLocalStorage.run (node:internal/async_local_storage/async_context_frame:63:14)
    at C:\Transfer\Project 2026\M-Amin Network\node_modules\next\dist\compiled\next-server\app-page-turbo.runtime.dev.js:53:226810
    at node:internal/process/task_queues:150:7
    at AsyncResource.runInAsyncScope (node:async_hooks:227:14)
    at AsyncResource.runMicrotask (node:internal/process/task_queues:147:8)

[2026-07-10T20:27:35.813Z] Action: getSetting SELECT, Key: m_amin_system_config
Error: Too many connections
Stack: Error: Too many connections
    at getSetting (C:\Transfer\Project 2026\M-Amin Network\.next\dev\server\chunks\ssr\[root-of-the-server]__15u4bti._.js:266:165)
    at RootLayout (C:\Transfer\Project 2026\M-Amin Network\.next\dev\server\chunks\ssr\[root-of-the-server]__15u4bti._.js:438:169)
    at Object.react_stack_bottom_frame (C:\Transfer\Project 2026\M-Amin Network\node_modules\next\dist\compiled\next-server\app-page-turbo.runtime.dev.js:53:268077)
    at AsyncLocalStorage.run (node:internal/async_local_storage/async_context_frame:63:14)
    at renderFunctionComponent (C:\Transfer\Project 2026\M-Amin Network\node_modules\next\dist\compiled\next-server\app-page-turbo.runtime.dev.js:53:159664)
    at renderElement (C:\Transfer\Project 2026\M-Amin Network\node_modules\next\dist\compiled\next-server\app-page-turbo.runtime.dev.js:53:178263)
    at renderModelDestructive (C:\Transfer\Project 2026\M-Amin Network\node_modules\next\dist\compiled\next-server\app-page-turbo.runtime.dev.js:53:182086)
    at retryTask (C:\Transfer\Project 2026\M-Amin Network\node_modules\next\dist\compiled\next-server\app-page-turbo.runtime.dev.js:53:221052)
    at outlineTask (C:\Transfer\Project 2026\M-Amin Network\node_modules\next\dist\compiled\next-server\app-page-turbo.runtime.dev.js:53:164857)
    at renderFunctionComponent (C:\Transfer\Project 2026\M-Amin Network\node_modules\next\dist\compiled\next-server\app-page-turbo.runtime.dev.js:53:158663)
    at renderElement (C:\Transfer\Project 2026\M-Amin Network\node_modules\next\dist\compiled\next-server\app-page-turbo.runtime.dev.js:53:178263)
    at renderModelDestructive (C:\Transfer\Project 2026\M-Amin Network\node_modules\next\dist\compiled\next-server\app-page-turbo.runtime.dev.js:53:182086)
    at C:\Transfer\Project 2026\M-Amin Network\node_modules\next\dist\compiled\next-server\app-page-turbo.runtime.dev.js:53:170748
    at Array.toJSON (C:\Transfer\Project 2026\M-Amin Network\node_modules\next\dist\compiled\next-server\app-page-turbo.runtime.dev.js:53:172065)
    at stringify (<anonymous>)
    at emitChunk (C:\Transfer\Project 2026\M-Amin Network\node_modules\next\dist\compiled\next-server\app-page-turbo.runtime.dev.js:53:220399)
    at retryTask (C:\Transfer\Project 2026\M-Amin Network\node_modules\next\dist\compiled\next-server\app-page-turbo.runtime.dev.js:53:221542)
    at performWork (C:\Transfer\Project 2026\M-Amin Network\node_modules\next\dist\compiled\next-server\app-page-turbo.runtime.dev.js:53:223062)
    at AsyncLocalStorage.run (node:internal/async_local_storage/async_context_frame:63:14)
    at C:\Transfer\Project 2026\M-Amin Network\node_modules\next\dist\compiled\next-server\app-page-turbo.runtime.dev.js:53:226810
    at node:internal/process/task_queues:150:7
    at AsyncResource.runInAsyncScope (node:async_hooks:227:14)
    at AsyncResource.runMicrotask (node:internal/process/task_queues:147:8)

[2026-07-10T20:27:35.815Z] Action: getSetting, Key: m_amin_system_config
Error: Too many connections
Stack: Error: Too many connections
    at getSetting (C:\Transfer\Project 2026\M-Amin Network\.next\dev\server\chunks\ssr\[root-of-the-server]__15u4bti._.js:266:165)
    at RootLayout (C:\Transfer\Project 2026\M-Amin Network\.next\dev\server\chunks\ssr\[root-of-the-server]__15u4bti._.js:438:169)
    at Object.react_stack_bottom_frame (C:\Transfer\Project 2026\M-Amin Network\node_modules\next\dist\compiled\next-server\app-page-turbo.runtime.dev.js:53:268077)
    at AsyncLocalStorage.run (node:internal/async_local_storage/async_context_frame:63:14)
    at renderFunctionComponent (C:\Transfer\Project 2026\M-Amin Network\node_modules\next\dist\compiled\next-server\app-page-turbo.runtime.dev.js:53:159664)
    at renderElement (C:\Transfer\Project 2026\M-Amin Network\node_modules\next\dist\compiled\next-server\app-page-turbo.runtime.dev.js:53:178263)
    at renderModelDestructive (C:\Transfer\Project 2026\M-Amin Network\node_modules\next\dist\compiled\next-server\app-page-turbo.runtime.dev.js:53:182086)
    at retryTask (C:\Transfer\Project 2026\M-Amin Network\node_modules\next\dist\compiled\next-server\app-page-turbo.runtime.dev.js:53:221052)
    at outlineTask (C:\Transfer\Project 2026\M-Amin Network\node_modules\next\dist\compiled\next-server\app-page-turbo.runtime.dev.js:53:164857)
    at renderFunctionComponent (C:\Transfer\Project 2026\M-Amin Network\node_modules\next\dist\compiled\next-server\app-page-turbo.runtime.dev.js:53:158663)
    at renderElement (C:\Transfer\Project 2026\M-Amin Network\node_modules\next\dist\compiled\next-server\app-page-turbo.runtime.dev.js:53:178263)
    at renderModelDestructive (C:\Transfer\Project 2026\M-Amin Network\node_modules\next\dist\compiled\next-server\app-page-turbo.runtime.dev.js:53:182086)
    at C:\Transfer\Project 2026\M-Amin Network\node_modules\next\dist\compiled\next-server\app-page-turbo.runtime.dev.js:53:170748
    at Array.toJSON (C:\Transfer\Project 2026\M-Amin Network\node_modules\next\dist\compiled\next-server\app-page-turbo.runtime.dev.js:53:172065)
    at stringify (<anonymous>)
    at emitChunk (C:\Transfer\Project 2026\M-Amin Network\node_modules\next\dist\compiled\next-server\app-page-turbo.runtime.dev.js:53:220399)
    at retryTask (C:\Transfer\Project 2026\M-Amin Network\node_modules\next\dist\compiled\next-server\app-page-turbo.runtime.dev.js:53:221542)
    at performWork (C:\Transfer\Project 2026\M-Amin Network\node_modules\next\dist\compiled\next-server\app-page-turbo.runtime.dev.js:53:223062)
    at AsyncLocalStorage.run (node:internal/async_local_storage/async_context_frame:63:14)
    at C:\Transfer\Project 2026\M-Amin Network\node_modules\next\dist\compiled\next-server\app-page-turbo.runtime.dev.js:53:226810
    at node:internal/process/task_queues:150:7
    at AsyncResource.runInAsyncScope (node:async_hooks:227:14)
    at AsyncResource.runMicrotask (node:internal/process/task_queues:147:8)

[2026-07-10T20:27:35.816Z] Action: getSetting SELECT, Key: m_amin_system_config
Error: Too many connections
Stack: Error: Too many connections
    at getSetting (C:\Transfer\Project 2026\M-Amin Network\.next\dev\server\chunks\ssr\[root-of-the-server]__15u4bti._.js:266:165)
    at RootLayout (C:\Transfer\Project 2026\M-Amin Network\.next\dev\server\chunks\ssr\[root-of-the-server]__15u4bti._.js:438:169)
    at Object.react_stack_bottom_frame (C:\Transfer\Project 2026\M-Amin Network\node_modules\next\dist\compiled\next-server\app-page-turbo.runtime.dev.js:53:268077)
    at AsyncLocalStorage.run (node:internal/async_local_storage/async_context_frame:63:14)
    at renderFunctionComponent (C:\Transfer\Project 2026\M-Amin Network\node_modules\next\dist\compiled\next-server\app-page-turbo.runtime.dev.js:53:159664)
    at renderElement (C:\Transfer\Project 2026\M-Amin Network\node_modules\next\dist\compiled\next-server\app-page-turbo.runtime.dev.js:53:178263)
    at renderModelDestructive (C:\Transfer\Project 2026\M-Amin Network\node_modules\next\dist\compiled\next-server\app-page-turbo.runtime.dev.js:53:182086)
    at retryTask (C:\Transfer\Project 2026\M-Amin Network\node_modules\next\dist\compiled\next-server\app-page-turbo.runtime.dev.js:53:221052)
    at outlineTask (C:\Transfer\Project 2026\M-Amin Network\node_modules\next\dist\compiled\next-server\app-page-turbo.runtime.dev.js:53:164857)
    at renderFunctionComponent (C:\Transfer\Project 2026\M-Amin Network\node_modules\next\dist\compiled\next-server\app-page-turbo.runtime.dev.js:53:158663)
    at renderElement (C:\Transfer\Project 2026\M-Amin Network\node_modules\next\dist\compiled\next-server\app-page-turbo.runtime.dev.js:53:178263)
    at renderModelDestructive (C:\Transfer\Project 2026\M-Amin Network\node_modules\next\dist\compiled\next-server\app-page-turbo.runtime.dev.js:53:182086)
    at C:\Transfer\Project 2026\M-Amin Network\node_modules\next\dist\compiled\next-server\app-page-turbo.runtime.dev.js:53:170748
    at Array.toJSON (C:\Transfer\Project 2026\M-Amin Network\node_modules\next\dist\compiled\next-server\app-page-turbo.runtime.dev.js:53:172065)
    at stringify (<anonymous>)
    at emitChunk (C:\Transfer\Project 2026\M-Amin Network\node_modules\next\dist\compiled\next-server\app-page-turbo.runtime.dev.js:53:220399)
    at retryTask (C:\Transfer\Project 2026\M-Amin Network\node_modules\next\dist\compiled\next-server\app-page-turbo.runtime.dev.js:53:221542)
    at performWork (C:\Transfer\Project 2026\M-Amin Network\node_modules\next\dist\compiled\next-server\app-page-turbo.runtime.dev.js:53:223062)
    at AsyncLocalStorage.run (node:internal/async_local_storage/async_context_frame:63:14)
    at C:\Transfer\Project 2026\M-Amin Network\node_modules\next\dist\compiled\next-server\app-page-turbo.runtime.dev.js:53:226810
    at node:internal/process/task_queues:150:7
    at AsyncResource.runInAsyncScope (node:async_hooks:227:14)
    at AsyncResource.runMicrotask (node:internal/process/task_queues:147:8)

[2026-07-10T20:27:35.819Z] Action: getSetting, Key: m_amin_system_config
Error: Too many connections
Stack: Error: Too many connections
    at getSetting (C:\Transfer\Project 2026\M-Amin Network\.next\dev\server\chunks\ssr\[root-of-the-server]__15u4bti._.js:266:165)
    at RootLayout (C:\Transfer\Project 2026\M-Amin Network\.next\dev\server\chunks\ssr\[root-of-the-server]__15u4bti._.js:438:169)
    at Object.react_stack_bottom_frame (C:\Transfer\Project 2026\M-Amin Network\node_modules\next\dist\compiled\next-server\app-page-turbo.runtime.dev.js:53:268077)
    at AsyncLocalStorage.run (node:internal/async_local_storage/async_context_frame:63:14)
    at renderFunctionComponent (C:\Transfer\Project 2026\M-Amin Network\node_modules\next\dist\compiled\next-server\app-page-turbo.runtime.dev.js:53:159664)
    at renderElement (C:\Transfer\Project 2026\M-Amin Network\node_modules\next\dist\compiled\next-server\app-page-turbo.runtime.dev.js:53:178263)
    at renderModelDestructive (C:\Transfer\Project 2026\M-Amin Network\node_modules\next\dist\compiled\next-server\app-page-turbo.runtime.dev.js:53:182086)
    at retryTask (C:\Transfer\Project 2026\M-Amin Network\node_modules\next\dist\compiled\next-server\app-page-turbo.runtime.dev.js:53:221052)
    at outlineTask (C:\Transfer\Project 2026\M-Amin Network\node_modules\next\dist\compiled\next-server\app-page-turbo.runtime.dev.js:53:164857)
    at renderFunctionComponent (C:\Transfer\Project 2026\M-Amin Network\node_modules\next\dist\compiled\next-server\app-page-turbo.runtime.dev.js:53:158663)
    at renderElement (C:\Transfer\Project 2026\M-Amin Network\node_modules\next\dist\compiled\next-server\app-page-turbo.runtime.dev.js:53:178263)
    at renderModelDestructive (C:\Transfer\Project 2026\M-Amin Network\node_modules\next\dist\compiled\next-server\app-page-turbo.runtime.dev.js:53:182086)
    at C:\Transfer\Project 2026\M-Amin Network\node_modules\next\dist\compiled\next-server\app-page-turbo.runtime.dev.js:53:170748
    at Array.toJSON (C:\Transfer\Project 2026\M-Amin Network\node_modules\next\dist\compiled\next-server\app-page-turbo.runtime.dev.js:53:172065)
    at stringify (<anonymous>)
    at emitChunk (C:\Transfer\Project 2026\M-Amin Network\node_modules\next\dist\compiled\next-server\app-page-turbo.runtime.dev.js:53:220399)
    at retryTask (C:\Transfer\Project 2026\M-Amin Network\node_modules\next\dist\compiled\next-server\app-page-turbo.runtime.dev.js:53:221542)
    at performWork (C:\Transfer\Project 2026\M-Amin Network\node_modules\next\dist\compiled\next-server\app-page-turbo.runtime.dev.js:53:223062)
    at AsyncLocalStorage.run (node:internal/async_local_storage/async_context_frame:63:14)
    at C:\Transfer\Project 2026\M-Amin Network\node_modules\next\dist\compiled\next-server\app-page-turbo.runtime.dev.js:53:226810
    at node:internal/process/task_queues:150:7
    at AsyncResource.runInAsyncScope (node:async_hooks:227:14)
    at AsyncResource.runMicrotask (node:internal/process/task_queues:147:8)

[2026-07-10T20:27:35.821Z] Action: getSetting SELECT, Key: m_amin_system_config
Error: Too many connections
Stack: Error: Too many connections
    at getSetting (C:\Transfer\Project 2026\M-Amin Network\.next\dev\server\chunks\ssr\[root-of-the-server]__15u4bti._.js:266:165)
    at RootLayout (C:\Transfer\Project 2026\M-Amin Network\.next\dev\server\chunks\ssr\[root-of-the-server]__15u4bti._.js:438:169)
    at Object.react_stack_bottom_frame (C:\Transfer\Project 2026\M-Amin Network\node_modules\next\dist\compiled\next-server\app-page-turbo.runtime.dev.js:53:268077)
    at AsyncLocalStorage.run (node:internal/async_local_storage/async_context_frame:63:14)
    at renderFunctionComponent (C:\Transfer\Project 2026\M-Amin Network\node_modules\next\dist\compiled\next-server\app-page-turbo.runtime.dev.js:53:159664)
    at renderElement (C:\Transfer\Project 2026\M-Amin Network\node_modules\next\dist\compiled\next-server\app-page-turbo.runtime.dev.js:53:178263)
    at renderModelDestructive (C:\Transfer\Project 2026\M-Amin Network\node_modules\next\dist\compiled\next-server\app-page-turbo.runtime.dev.js:53:182086)
    at retryTask (C:\Transfer\Project 2026\M-Amin Network\node_modules\next\dist\compiled\next-server\app-page-turbo.runtime.dev.js:53:221052)
    at outlineTask (C:\Transfer\Project 2026\M-Amin Network\node_modules\next\dist\compiled\next-server\app-page-turbo.runtime.dev.js:53:164857)
    at renderFunctionComponent (C:\Transfer\Project 2026\M-Amin Network\node_modules\next\dist\compiled\next-server\app-page-turbo.runtime.dev.js:53:158663)
    at renderElement (C:\Transfer\Project 2026\M-Amin Network\node_modules\next\dist\compiled\next-server\app-page-turbo.runtime.dev.js:53:178263)
    at renderModelDestructive (C:\Transfer\Project 2026\M-Amin Network\node_modules\next\dist\compiled\next-server\app-page-turbo.runtime.dev.js:53:182086)
    at C:\Transfer\Project 2026\M-Amin Network\node_modules\next\dist\compiled\next-server\app-page-turbo.runtime.dev.js:53:170748
    at Array.toJSON (C:\Transfer\Project 2026\M-Amin Network\node_modules\next\dist\compiled\next-server\app-page-turbo.runtime.dev.js:53:172065)
    at stringify (<anonymous>)
    at emitChunk (C:\Transfer\Project 2026\M-Amin Network\node_modules\next\dist\compiled\next-server\app-page-turbo.runtime.dev.js:53:220399)
    at retryTask (C:\Transfer\Project 2026\M-Amin Network\node_modules\next\dist\compiled\next-server\app-page-turbo.runtime.dev.js:53:221542)
    at performWork (C:\Transfer\Project 2026\M-Amin Network\node_modules\next\dist\compiled\next-server\app-page-turbo.runtime.dev.js:53:223062)
    at AsyncLocalStorage.run (node:internal/async_local_storage/async_context_frame:63:14)
    at C:\Transfer\Project 2026\M-Amin Network\node_modules\next\dist\compiled\next-server\app-page-turbo.runtime.dev.js:53:226810
    at node:internal/process/task_queues:150:7
    at AsyncResource.runInAsyncScope (node:async_hooks:227:14)
    at AsyncResource.runMicrotask (node:internal/process/task_queues:147:8)

[2026-07-10T20:27:35.823Z] Action: getSetting, Key: m_amin_system_config
Error: Too many connections
Stack: Error: Too many connections
    at getSetting (C:\Transfer\Project 2026\M-Amin Network\.next\dev\server\chunks\ssr\[root-of-the-server]__15u4bti._.js:266:165)
    at RootLayout (C:\Transfer\Project 2026\M-Amin Network\.next\dev\server\chunks\ssr\[root-of-the-server]__15u4bti._.js:438:169)
    at Object.react_stack_bottom_frame (C:\Transfer\Project 2026\M-Amin Network\node_modules\next\dist\compiled\next-server\app-page-turbo.runtime.dev.js:53:268077)
    at AsyncLocalStorage.run (node:internal/async_local_storage/async_context_frame:63:14)
    at renderFunctionComponent (C:\Transfer\Project 2026\M-Amin Network\node_modules\next\dist\compiled\next-server\app-page-turbo.runtime.dev.js:53:159664)
    at renderElement (C:\Transfer\Project 2026\M-Amin Network\node_modules\next\dist\compiled\next-server\app-page-turbo.runtime.dev.js:53:178263)
    at renderModelDestructive (C:\Transfer\Project 2026\M-Amin Network\node_modules\next\dist\compiled\next-server\app-page-turbo.runtime.dev.js:53:182086)
    at retryTask (C:\Transfer\Project 2026\M-Amin Network\node_modules\next\dist\compiled\next-server\app-page-turbo.runtime.dev.js:53:221052)
    at outlineTask (C:\Transfer\Project 2026\M-Amin Network\node_modules\next\dist\compiled\next-server\app-page-turbo.runtime.dev.js:53:164857)
    at renderFunctionComponent (C:\Transfer\Project 2026\M-Amin Network\node_modules\next\dist\compiled\next-server\app-page-turbo.runtime.dev.js:53:158663)
    at renderElement (C:\Transfer\Project 2026\M-Amin Network\node_modules\next\dist\compiled\next-server\app-page-turbo.runtime.dev.js:53:178263)
    at renderModelDestructive (C:\Transfer\Project 2026\M-Amin Network\node_modules\next\dist\compiled\next-server\app-page-turbo.runtime.dev.js:53:182086)
    at C:\Transfer\Project 2026\M-Amin Network\node_modules\next\dist\compiled\next-server\app-page-turbo.runtime.dev.js:53:170748
    at Array.toJSON (C:\Transfer\Project 2026\M-Amin Network\node_modules\next\dist\compiled\next-server\app-page-turbo.runtime.dev.js:53:172065)
    at stringify (<anonymous>)
    at emitChunk (C:\Transfer\Project 2026\M-Amin Network\node_modules\next\dist\compiled\next-server\app-page-turbo.runtime.dev.js:53:220399)
    at retryTask (C:\Transfer\Project 2026\M-Amin Network\node_modules\next\dist\compiled\next-server\app-page-turbo.runtime.dev.js:53:221542)
    at performWork (C:\Transfer\Project 2026\M-Amin Network\node_modules\next\dist\compiled\next-server\app-page-turbo.runtime.dev.js:53:223062)
    at AsyncLocalStorage.run (node:internal/async_local_storage/async_context_frame:63:14)
    at C:\Transfer\Project 2026\M-Amin Network\node_modules\next\dist\compiled\next-server\app-page-turbo.runtime.dev.js:53:226810
    at node:internal/process/task_queues:150:7
    at AsyncResource.runInAsyncScope (node:async_hooks:227:14)
    at AsyncResource.runMicrotask (node:internal/process/task_queues:147:8)

[2026-07-10T20:27:35.839Z] Action: getSetting SELECT, Key: m_amin_system_config
Error: Too many connections
Stack: Error: Too many connections
    at getSetting (C:\Transfer\Project 2026\M-Amin Network\.next\dev\server\chunks\ssr\[root-of-the-server]__15u4bti._.js:266:165)
    at RootLayout (C:\Transfer\Project 2026\M-Amin Network\.next\dev\server\chunks\ssr\[root-of-the-server]__15u4bti._.js:438:169)
    at Object.react_stack_bottom_frame (C:\Transfer\Project 2026\M-Amin Network\node_modules\next\dist\compiled\next-server\app-page-turbo.runtime.dev.js:53:268077)
    at AsyncLocalStorage.run (node:internal/async_local_storage/async_context_frame:63:14)
    at renderFunctionComponent (C:\Transfer\Project 2026\M-Amin Network\node_modules\next\dist\compiled\next-server\app-page-turbo.runtime.dev.js:53:159664)
    at renderElement (C:\Transfer\Project 2026\M-Amin Network\node_modules\next\dist\compiled\next-server\app-page-turbo.runtime.dev.js:53:178263)
    at renderModelDestructive (C:\Transfer\Project 2026\M-Amin Network\node_modules\next\dist\compiled\next-server\app-page-turbo.runtime.dev.js:53:182086)
    at retryTask (C:\Transfer\Project 2026\M-Amin Network\node_modules\next\dist\compiled\next-server\app-page-turbo.runtime.dev.js:53:221052)
    at outlineTask (C:\Transfer\Project 2026\M-Amin Network\node_modules\next\dist\compiled\next-server\app-page-turbo.runtime.dev.js:53:164857)
    at renderFunctionComponent (C:\Transfer\Project 2026\M-Amin Network\node_modules\next\dist\compiled\next-server\app-page-turbo.runtime.dev.js:53:158663)
    at renderElement (C:\Transfer\Project 2026\M-Amin Network\node_modules\next\dist\compiled\next-server\app-page-turbo.runtime.dev.js:53:178263)
    at renderModelDestructive (C:\Transfer\Project 2026\M-Amin Network\node_modules\next\dist\compiled\next-server\app-page-turbo.runtime.dev.js:53:182086)
    at C:\Transfer\Project 2026\M-Amin Network\node_modules\next\dist\compiled\next-server\app-page-turbo.runtime.dev.js:53:170748
    at Array.toJSON (C:\Transfer\Project 2026\M-Amin Network\node_modules\next\dist\compiled\next-server\app-page-turbo.runtime.dev.js:53:172065)
    at stringify (<anonymous>)
    at emitChunk (C:\Transfer\Project 2026\M-Amin Network\node_modules\next\dist\compiled\next-server\app-page-turbo.runtime.dev.js:53:220399)
    at retryTask (C:\Transfer\Project 2026\M-Amin Network\node_modules\next\dist\compiled\next-server\app-page-turbo.runtime.dev.js:53:221542)
    at performWork (C:\Transfer\Project 2026\M-Amin Network\node_modules\next\dist\compiled\next-server\app-page-turbo.runtime.dev.js:53:223062)
    at AsyncLocalStorage.run (node:internal/async_local_storage/async_context_frame:63:14)
    at C:\Transfer\Project 2026\M-Amin Network\node_modules\next\dist\compiled\next-server\app-page-turbo.runtime.dev.js:53:226810
    at node:internal/process/task_queues:150:7
    at AsyncResource.runInAsyncScope (node:async_hooks:227:14)
    at AsyncResource.runMicrotask (node:internal/process/task_queues:147:8)

[2026-07-10T20:27:35.842Z] Action: getSetting, Key: m_amin_system_config
Error: Too many connections
Stack: Error: Too many connections
    at getSetting (C:\Transfer\Project 2026\M-Amin Network\.next\dev\server\chunks\ssr\[root-of-the-server]__15u4bti._.js:266:165)
    at RootLayout (C:\Transfer\Project 2026\M-Amin Network\.next\dev\server\chunks\ssr\[root-of-the-server]__15u4bti._.js:438:169)
    at Object.react_stack_bottom_frame (C:\Transfer\Project 2026\M-Amin Network\node_modules\next\dist\compiled\next-server\app-page-turbo.runtime.dev.js:53:268077)
    at AsyncLocalStorage.run (node:internal/async_local_storage/async_context_frame:63:14)
    at renderFunctionComponent (C:\Transfer\Project 2026\M-Amin Network\node_modules\next\dist\compiled\next-server\app-page-turbo.runtime.dev.js:53:159664)
    at renderElement (C:\Transfer\Project 2026\M-Amin Network\node_modules\next\dist\compiled\next-server\app-page-turbo.runtime.dev.js:53:178263)
    at renderModelDestructive (C:\Transfer\Project 2026\M-Amin Network\node_modules\next\dist\compiled\next-server\app-page-turbo.runtime.dev.js:53:182086)
    at retryTask (C:\Transfer\Project 2026\M-Amin Network\node_modules\next\dist\compiled\next-server\app-page-turbo.runtime.dev.js:53:221052)
    at outlineTask (C:\Transfer\Project 2026\M-Amin Network\node_modules\next\dist\compiled\next-server\app-page-turbo.runtime.dev.js:53:164857)
    at renderFunctionComponent (C:\Transfer\Project 2026\M-Amin Network\node_modules\next\dist\compiled\next-server\app-page-turbo.runtime.dev.js:53:158663)
    at renderElement (C:\Transfer\Project 2026\M-Amin Network\node_modules\next\dist\compiled\next-server\app-page-turbo.runtime.dev.js:53:178263)
    at renderModelDestructive (C:\Transfer\Project 2026\M-Amin Network\node_modules\next\dist\compiled\next-server\app-page-turbo.runtime.dev.js:53:182086)
    at C:\Transfer\Project 2026\M-Amin Network\node_modules\next\dist\compiled\next-server\app-page-turbo.runtime.dev.js:53:170748
    at Array.toJSON (C:\Transfer\Project 2026\M-Amin Network\node_modules\next\dist\compiled\next-server\app-page-turbo.runtime.dev.js:53:172065)
    at stringify (<anonymous>)
    at emitChunk (C:\Transfer\Project 2026\M-Amin Network\node_modules\next\dist\compiled\next-server\app-page-turbo.runtime.dev.js:53:220399)
    at retryTask (C:\Transfer\Project 2026\M-Amin Network\node_modules\next\dist\compiled\next-server\app-page-turbo.runtime.dev.js:53:221542)
    at performWork (C:\Transfer\Project 2026\M-Amin Network\node_modules\next\dist\compiled\next-server\app-page-turbo.runtime.dev.js:53:223062)
    at AsyncLocalStorage.run (node:internal/async_local_storage/async_context_frame:63:14)
    at C:\Transfer\Project 2026\M-Amin Network\node_modules\next\dist\compiled\next-server\app-page-turbo.runtime.dev.js:53:226810
    at node:internal/process/task_queues:150:7
    at AsyncResource.runInAsyncScope (node:async_hooks:227:14)
    at AsyncResource.runMicrotask (node:internal/process/task_queues:147:8)

[2026-07-10T20:27:35.914Z] Action: getSetting SELECT, Key: m_amin_system_config
Error: Too many connections
Stack: Error: Too many connections
    at getSetting (C:\Transfer\Project 2026\M-Amin Network\.next\dev\server\chunks\ssr\[root-of-the-server]__15u4bti._.js:266:165)
    at RootLayout (C:\Transfer\Project 2026\M-Amin Network\.next\dev\server\chunks\ssr\[root-of-the-server]__15u4bti._.js:438:169)
    at Object.react_stack_bottom_frame (C:\Transfer\Project 2026\M-Amin Network\node_modules\next\dist\compiled\next-server\app-page-turbo.runtime.dev.js:53:268077)
    at AsyncLocalStorage.run (node:internal/async_local_storage/async_context_frame:63:14)
    at renderFunctionComponent (C:\Transfer\Project 2026\M-Amin Network\node_modules\next\dist\compiled\next-server\app-page-turbo.runtime.dev.js:53:159664)
    at renderElement (C:\Transfer\Project 2026\M-Amin Network\node_modules\next\dist\compiled\next-server\app-page-turbo.runtime.dev.js:53:178263)
    at renderModelDestructive (C:\Transfer\Project 2026\M-Amin Network\node_modules\next\dist\compiled\next-server\app-page-turbo.runtime.dev.js:53:182086)
    at retryTask (C:\Transfer\Project 2026\M-Amin Network\node_modules\next\dist\compiled\next-server\app-page-turbo.runtime.dev.js:53:221052)
    at outlineTask (C:\Transfer\Project 2026\M-Amin Network\node_modules\next\dist\compiled\next-server\app-page-turbo.runtime.dev.js:53:164857)
    at renderFunctionComponent (C:\Transfer\Project 2026\M-Amin Network\node_modules\next\dist\compiled\next-server\app-page-turbo.runtime.dev.js:53:158663)
    at renderElement (C:\Transfer\Project 2026\M-Amin Network\node_modules\next\dist\compiled\next-server\app-page-turbo.runtime.dev.js:53:178263)
    at renderModelDestructive (C:\Transfer\Project 2026\M-Amin Network\node_modules\next\dist\compiled\next-server\app-page-turbo.runtime.dev.js:53:182086)
    at C:\Transfer\Project 2026\M-Amin Network\node_modules\next\dist\compiled\next-server\app-page-turbo.runtime.dev.js:53:170748
    at Array.toJSON (C:\Transfer\Project 2026\M-Amin Network\node_modules\next\dist\compiled\next-server\app-page-turbo.runtime.dev.js:53:172065)
    at stringify (<anonymous>)
    at emitChunk (C:\Transfer\Project 2026\M-Amin Network\node_modules\next\dist\compiled\next-server\app-page-turbo.runtime.dev.js:53:220399)
    at retryTask (C:\Transfer\Project 2026\M-Amin Network\node_modules\next\dist\compiled\next-server\app-page-turbo.runtime.dev.js:53:221542)
    at performWork (C:\Transfer\Project 2026\M-Amin Network\node_modules\next\dist\compiled\next-server\app-page-turbo.runtime.dev.js:53:223062)
    at AsyncLocalStorage.run (node:internal/async_local_storage/async_context_frame:63:14)
    at C:\Transfer\Project 2026\M-Amin Network\node_modules\next\dist\compiled\next-server\app-page-turbo.runtime.dev.js:53:226810
    at node:internal/process/task_queues:150:7
    at AsyncResource.runInAsyncScope (node:async_hooks:227:14)
    at AsyncResource.runMicrotask (node:internal/process/task_queues:147:8)

[2026-07-10T20:27:35.917Z] Action: getSetting, Key: m_amin_system_config
Error: Too many connections
Stack: Error: Too many connections
    at getSetting (C:\Transfer\Project 2026\M-Amin Network\.next\dev\server\chunks\ssr\[root-of-the-server]__15u4bti._.js:266:165)
    at RootLayout (C:\Transfer\Project 2026\M-Amin Network\.next\dev\server\chunks\ssr\[root-of-the-server]__15u4bti._.js:438:169)
    at Object.react_stack_bottom_frame (C:\Transfer\Project 2026\M-Amin Network\node_modules\next\dist\compiled\next-server\app-page-turbo.runtime.dev.js:53:268077)
    at AsyncLocalStorage.run (node:internal/async_local_storage/async_context_frame:63:14)
    at renderFunctionComponent (C:\Transfer\Project 2026\M-Amin Network\node_modules\next\dist\compiled\next-server\app-page-turbo.runtime.dev.js:53:159664)
    at renderElement (C:\Transfer\Project 2026\M-Amin Network\node_modules\next\dist\compiled\next-server\app-page-turbo.runtime.dev.js:53:178263)
    at renderModelDestructive (C:\Transfer\Project 2026\M-Amin Network\node_modules\next\dist\compiled\next-server\app-page-turbo.runtime.dev.js:53:182086)
    at retryTask (C:\Transfer\Project 2026\M-Amin Network\node_modules\next\dist\compiled\next-server\app-page-turbo.runtime.dev.js:53:221052)
    at outlineTask (C:\Transfer\Project 2026\M-Amin Network\node_modules\next\dist\compiled\next-server\app-page-turbo.runtime.dev.js:53:164857)
    at renderFunctionComponent (C:\Transfer\Project 2026\M-Amin Network\node_modules\next\dist\compiled\next-server\app-page-turbo.runtime.dev.js:53:158663)
    at renderElement (C:\Transfer\Project 2026\M-Amin Network\node_modules\next\dist\compiled\next-server\app-page-turbo.runtime.dev.js:53:178263)
    at renderModelDestructive (C:\Transfer\Project 2026\M-Amin Network\node_modules\next\dist\compiled\next-server\app-page-turbo.runtime.dev.js:53:182086)
    at C:\Transfer\Project 2026\M-Amin Network\node_modules\next\dist\compiled\next-server\app-page-turbo.runtime.dev.js:53:170748
    at Array.toJSON (C:\Transfer\Project 2026\M-Amin Network\node_modules\next\dist\compiled\next-server\app-page-turbo.runtime.dev.js:53:172065)
    at stringify (<anonymous>)
    at emitChunk (C:\Transfer\Project 2026\M-Amin Network\node_modules\next\dist\compiled\next-server\app-page-turbo.runtime.dev.js:53:220399)
    at retryTask (C:\Transfer\Project 2026\M-Amin Network\node_modules\next\dist\compiled\next-server\app-page-turbo.runtime.dev.js:53:221542)
    at performWork (C:\Transfer\Project 2026\M-Amin Network\node_modules\next\dist\compiled\next-server\app-page-turbo.runtime.dev.js:53:223062)
    at AsyncLocalStorage.run (node:internal/async_local_storage/async_context_frame:63:14)
    at C:\Transfer\Project 2026\M-Amin Network\node_modules\next\dist\compiled\next-server\app-page-turbo.runtime.dev.js:53:226810
    at node:internal/process/task_queues:150:7
    at AsyncResource.runInAsyncScope (node:async_hooks:227:14)
    at AsyncResource.runMicrotask (node:internal/process/task_queues:147:8)

[2026-07-10T20:27:35.996Z] Action: getSetting SELECT, Key: m_amin_system_config
Error: Too many connections
Stack: Error: Too many connections
    at getSetting (C:\Transfer\Project 2026\M-Amin Network\.next\dev\server\chunks\ssr\[root-of-the-server]__15u4bti._.js:266:165)
    at RootLayout (C:\Transfer\Project 2026\M-Amin Network\.next\dev\server\chunks\ssr\[root-of-the-server]__15u4bti._.js:438:169)
    at Object.react_stack_bottom_frame (C:\Transfer\Project 2026\M-Amin Network\node_modules\next\dist\compiled\next-server\app-page-turbo.runtime.dev.js:53:268077)
    at AsyncLocalStorage.run (node:internal/async_local_storage/async_context_frame:63:14)
    at renderFunctionComponent (C:\Transfer\Project 2026\M-Amin Network\node_modules\next\dist\compiled\next-server\app-page-turbo.runtime.dev.js:53:159664)
    at renderElement (C:\Transfer\Project 2026\M-Amin Network\node_modules\next\dist\compiled\next-server\app-page-turbo.runtime.dev.js:53:178263)
    at renderModelDestructive (C:\Transfer\Project 2026\M-Amin Network\node_modules\next\dist\compiled\next-server\app-page-turbo.runtime.dev.js:53:182086)
    at retryTask (C:\Transfer\Project 2026\M-Amin Network\node_modules\next\dist\compiled\next-server\app-page-turbo.runtime.dev.js:53:221052)
    at outlineTask (C:\Transfer\Project 2026\M-Amin Network\node_modules\next\dist\compiled\next-server\app-page-turbo.runtime.dev.js:53:164857)
    at renderFunctionComponent (C:\Transfer\Project 2026\M-Amin Network\node_modules\next\dist\compiled\next-server\app-page-turbo.runtime.dev.js:53:158663)
    at renderElement (C:\Transfer\Project 2026\M-Amin Network\node_modules\next\dist\compiled\next-server\app-page-turbo.runtime.dev.js:53:178263)
    at renderModelDestructive (C:\Transfer\Project 2026\M-Amin Network\node_modules\next\dist\compiled\next-server\app-page-turbo.runtime.dev.js:53:182086)
    at C:\Transfer\Project 2026\M-Amin Network\node_modules\next\dist\compiled\next-server\app-page-turbo.runtime.dev.js:53:170748
    at Array.toJSON (C:\Transfer\Project 2026\M-Amin Network\node_modules\next\dist\compiled\next-server\app-page-turbo.runtime.dev.js:53:172065)
    at stringify (<anonymous>)
    at emitChunk (C:\Transfer\Project 2026\M-Amin Network\node_modules\next\dist\compiled\next-server\app-page-turbo.runtime.dev.js:53:220399)
    at retryTask (C:\Transfer\Project 2026\M-Amin Network\node_modules\next\dist\compiled\next-server\app-page-turbo.runtime.dev.js:53:221542)
    at performWork (C:\Transfer\Project 2026\M-Amin Network\node_modules\next\dist\compiled\next-server\app-page-turbo.runtime.dev.js:53:223062)
    at AsyncLocalStorage.run (node:internal/async_local_storage/async_context_frame:63:14)
    at C:\Transfer\Project 2026\M-Amin Network\node_modules\next\dist\compiled\next-server\app-page-turbo.runtime.dev.js:53:226810
    at node:internal/process/task_queues:150:7
    at AsyncResource.runInAsyncScope (node:async_hooks:227:14)
    at AsyncResource.runMicrotask (node:internal/process/task_queues:147:8)

[2026-07-10T20:27:35.999Z] Action: getSetting, Key: m_amin_system_config
Error: Too many connections
Stack: Error: Too many connections
    at getSetting (C:\Transfer\Project 2026\M-Amin Network\.next\dev\server\chunks\ssr\[root-of-the-server]__15u4bti._.js:266:165)
    at RootLayout (C:\Transfer\Project 2026\M-Amin Network\.next\dev\server\chunks\ssr\[root-of-the-server]__15u4bti._.js:438:169)
    at Object.react_stack_bottom_frame (C:\Transfer\Project 2026\M-Amin Network\node_modules\next\dist\compiled\next-server\app-page-turbo.runtime.dev.js:53:268077)
    at AsyncLocalStorage.run (node:internal/async_local_storage/async_context_frame:63:14)
    at renderFunctionComponent (C:\Transfer\Project 2026\M-Amin Network\node_modules\next\dist\compiled\next-server\app-page-turbo.runtime.dev.js:53:159664)
    at renderElement (C:\Transfer\Project 2026\M-Amin Network\node_modules\next\dist\compiled\next-server\app-page-turbo.runtime.dev.js:53:178263)
    at renderModelDestructive (C:\Transfer\Project 2026\M-Amin Network\node_modules\next\dist\compiled\next-server\app-page-turbo.runtime.dev.js:53:182086)
    at retryTask (C:\Transfer\Project 2026\M-Amin Network\node_modules\next\dist\compiled\next-server\app-page-turbo.runtime.dev.js:53:221052)
    at outlineTask (C:\Transfer\Project 2026\M-Amin Network\node_modules\next\dist\compiled\next-server\app-page-turbo.runtime.dev.js:53:164857)
    at renderFunctionComponent (C:\Transfer\Project 2026\M-Amin Network\node_modules\next\dist\compiled\next-server\app-page-turbo.runtime.dev.js:53:158663)
    at renderElement (C:\Transfer\Project 2026\M-Amin Network\node_modules\next\dist\compiled\next-server\app-page-turbo.runtime.dev.js:53:178263)
    at renderModelDestructive (C:\Transfer\Project 2026\M-Amin Network\node_modules\next\dist\compiled\next-server\app-page-turbo.runtime.dev.js:53:182086)
    at C:\Transfer\Project 2026\M-Amin Network\node_modules\next\dist\compiled\next-server\app-page-turbo.runtime.dev.js:53:170748
    at Array.toJSON (C:\Transfer\Project 2026\M-Amin Network\node_modules\next\dist\compiled\next-server\app-page-turbo.runtime.dev.js:53:172065)
    at stringify (<anonymous>)
    at emitChunk (C:\Transfer\Project 2026\M-Amin Network\node_modules\next\dist\compiled\next-server\app-page-turbo.runtime.dev.js:53:220399)
    at retryTask (C:\Transfer\Project 2026\M-Amin Network\node_modules\next\dist\compiled\next-server\app-page-turbo.runtime.dev.js:53:221542)
    at performWork (C:\Transfer\Project 2026\M-Amin Network\node_modules\next\dist\compiled\next-server\app-page-turbo.runtime.dev.js:53:223062)
    at AsyncLocalStorage.run (node:internal/async_local_storage/async_context_frame:63:14)
    at C:\Transfer\Project 2026\M-Amin Network\node_modules\next\dist\compiled\next-server\app-page-turbo.runtime.dev.js:53:226810
    at node:internal/process/task_queues:150:7
    at AsyncResource.runInAsyncScope (node:async_hooks:227:14)
    at AsyncResource.runMicrotask (node:internal/process/task_queues:147:8)

[2026-07-10T20:27:36.123Z] Action: getSetting SELECT, Key: m_amin_system_config
Error: Too many connections
Stack: Error: Too many connections
    at getSetting (C:\Transfer\Project 2026\M-Amin Network\.next\dev\server\chunks\ssr\[root-of-the-server]__15u4bti._.js:266:165)
    at RootLayout (C:\Transfer\Project 2026\M-Amin Network\.next\dev\server\chunks\ssr\[root-of-the-server]__15u4bti._.js:438:169)
    at Object.react_stack_bottom_frame (C:\Transfer\Project 2026\M-Amin Network\node_modules\next\dist\compiled\next-server\app-page-turbo.runtime.dev.js:53:268077)
    at AsyncLocalStorage.run (node:internal/async_local_storage/async_context_frame:63:14)
    at renderFunctionComponent (C:\Transfer\Project 2026\M-Amin Network\node_modules\next\dist\compiled\next-server\app-page-turbo.runtime.dev.js:53:159664)
    at renderElement (C:\Transfer\Project 2026\M-Amin Network\node_modules\next\dist\compiled\next-server\app-page-turbo.runtime.dev.js:53:178263)
    at renderModelDestructive (C:\Transfer\Project 2026\M-Amin Network\node_modules\next\dist\compiled\next-server\app-page-turbo.runtime.dev.js:53:182086)
    at retryTask (C:\Transfer\Project 2026\M-Amin Network\node_modules\next\dist\compiled\next-server\app-page-turbo.runtime.dev.js:53:221052)
    at outlineTask (C:\Transfer\Project 2026\M-Amin Network\node_modules\next\dist\compiled\next-server\app-page-turbo.runtime.dev.js:53:164857)
    at renderFunctionComponent (C:\Transfer\Project 2026\M-Amin Network\node_modules\next\dist\compiled\next-server\app-page-turbo.runtime.dev.js:53:158663)
    at renderElement (C:\Transfer\Project 2026\M-Amin Network\node_modules\next\dist\compiled\next-server\app-page-turbo.runtime.dev.js:53:178263)
    at renderModelDestructive (C:\Transfer\Project 2026\M-Amin Network\node_modules\next\dist\compiled\next-server\app-page-turbo.runtime.dev.js:53:182086)
    at C:\Transfer\Project 2026\M-Amin Network\node_modules\next\dist\compiled\next-server\app-page-turbo.runtime.dev.js:53:170748
    at Array.toJSON (C:\Transfer\Project 2026\M-Amin Network\node_modules\next\dist\compiled\next-server\app-page-turbo.runtime.dev.js:53:172065)
    at stringify (<anonymous>)
    at emitChunk (C:\Transfer\Project 2026\M-Amin Network\node_modules\next\dist\compiled\next-server\app-page-turbo.runtime.dev.js:53:220399)
    at retryTask (C:\Transfer\Project 2026\M-Amin Network\node_modules\next\dist\compiled\next-server\app-page-turbo.runtime.dev.js:53:221542)
    at performWork (C:\Transfer\Project 2026\M-Amin Network\node_modules\next\dist\compiled\next-server\app-page-turbo.runtime.dev.js:53:223062)
    at AsyncLocalStorage.run (node:internal/async_local_storage/async_context_frame:63:14)
    at C:\Transfer\Project 2026\M-Amin Network\node_modules\next\dist\compiled\next-server\app-page-turbo.runtime.dev.js:53:226810
    at node:internal/process/task_queues:150:7
    at AsyncResource.runInAsyncScope (node:async_hooks:227:14)
    at AsyncResource.runMicrotask (node:internal/process/task_queues:147:8)

[2026-07-10T20:27:36.125Z] Action: getSetting, Key: m_amin_system_config
Error: Too many connections
Stack: Error: Too many connections
    at getSetting (C:\Transfer\Project 2026\M-Amin Network\.next\dev\server\chunks\ssr\[root-of-the-server]__15u4bti._.js:266:165)
    at RootLayout (C:\Transfer\Project 2026\M-Amin Network\.next\dev\server\chunks\ssr\[root-of-the-server]__15u4bti._.js:438:169)
    at Object.react_stack_bottom_frame (C:\Transfer\Project 2026\M-Amin Network\node_modules\next\dist\compiled\next-server\app-page-turbo.runtime.dev.js:53:268077)
    at AsyncLocalStorage.run (node:internal/async_local_storage/async_context_frame:63:14)
    at renderFunctionComponent (C:\Transfer\Project 2026\M-Amin Network\node_modules\next\dist\compiled\next-server\app-page-turbo.runtime.dev.js:53:159664)
    at renderElement (C:\Transfer\Project 2026\M-Amin Network\node_modules\next\dist\compiled\next-server\app-page-turbo.runtime.dev.js:53:178263)
    at renderModelDestructive (C:\Transfer\Project 2026\M-Amin Network\node_modules\next\dist\compiled\next-server\app-page-turbo.runtime.dev.js:53:182086)
    at retryTask (C:\Transfer\Project 2026\M-Amin Network\node_modules\next\dist\compiled\next-server\app-page-turbo.runtime.dev.js:53:221052)
    at outlineTask (C:\Transfer\Project 2026\M-Amin Network\node_modules\next\dist\compiled\next-server\app-page-turbo.runtime.dev.js:53:164857)
    at renderFunctionComponent (C:\Transfer\Project 2026\M-Amin Network\node_modules\next\dist\compiled\next-server\app-page-turbo.runtime.dev.js:53:158663)
    at renderElement (C:\Transfer\Project 2026\M-Amin Network\node_modules\next\dist\compiled\next-server\app-page-turbo.runtime.dev.js:53:178263)
    at renderModelDestructive (C:\Transfer\Project 2026\M-Amin Network\node_modules\next\dist\compiled\next-server\app-page-turbo.runtime.dev.js:53:182086)
    at C:\Transfer\Project 2026\M-Amin Network\node_modules\next\dist\compiled\next-server\app-page-turbo.runtime.dev.js:53:170748
    at Array.toJSON (C:\Transfer\Project 2026\M-Amin Network\node_modules\next\dist\compiled\next-server\app-page-turbo.runtime.dev.js:53:172065)
    at stringify (<anonymous>)
    at emitChunk (C:\Transfer\Project 2026\M-Amin Network\node_modules\next\dist\compiled\next-server\app-page-turbo.runtime.dev.js:53:220399)
    at retryTask (C:\Transfer\Project 2026\M-Amin Network\node_modules\next\dist\compiled\next-server\app-page-turbo.runtime.dev.js:53:221542)
    at performWork (C:\Transfer\Project 2026\M-Amin Network\node_modules\next\dist\compiled\next-server\app-page-turbo.runtime.dev.js:53:223062)
    at AsyncLocalStorage.run (node:internal/async_local_storage/async_context_frame:63:14)
    at C:\Transfer\Project 2026\M-Amin Network\node_modules\next\dist\compiled\next-server\app-page-turbo.runtime.dev.js:53:226810
    at node:internal/process/task_queues:150:7
    at AsyncResource.runInAsyncScope (node:async_hooks:227:14)
    at AsyncResource.runMicrotask (node:internal/process/task_queues:147:8)

[2026-07-10T20:27:36.126Z] Action: getSetting SELECT, Key: m_amin_system_config
Error: Too many connections
Stack: Error: Too many connections
    at getSetting (C:\Transfer\Project 2026\M-Amin Network\.next\dev\server\chunks\ssr\[root-of-the-server]__15u4bti._.js:266:165)
    at RootLayout (C:\Transfer\Project 2026\M-Amin Network\.next\dev\server\chunks\ssr\[root-of-the-server]__15u4bti._.js:438:169)
    at Object.react_stack_bottom_frame (C:\Transfer\Project 2026\M-Amin Network\node_modules\next\dist\compiled\next-server\app-page-turbo.runtime.dev.js:53:268077)
    at AsyncLocalStorage.run (node:internal/async_local_storage/async_context_frame:63:14)
    at renderFunctionComponent (C:\Transfer\Project 2026\M-Amin Network\node_modules\next\dist\compiled\next-server\app-page-turbo.runtime.dev.js:53:159664)
    at renderElement (C:\Transfer\Project 2026\M-Amin Network\node_modules\next\dist\compiled\next-server\app-page-turbo.runtime.dev.js:53:178263)
    at renderModelDestructive (C:\Transfer\Project 2026\M-Amin Network\node_modules\next\dist\compiled\next-server\app-page-turbo.runtime.dev.js:53:182086)
    at retryTask (C:\Transfer\Project 2026\M-Amin Network\node_modules\next\dist\compiled\next-server\app-page-turbo.runtime.dev.js:53:221052)
    at outlineTask (C:\Transfer\Project 2026\M-Amin Network\node_modules\next\dist\compiled\next-server\app-page-turbo.runtime.dev.js:53:164857)
    at renderFunctionComponent (C:\Transfer\Project 2026\M-Amin Network\node_modules\next\dist\compiled\next-server\app-page-turbo.runtime.dev.js:53:158663)
    at renderElement (C:\Transfer\Project 2026\M-Amin Network\node_modules\next\dist\compiled\next-server\app-page-turbo.runtime.dev.js:53:178263)
    at renderModelDestructive (C:\Transfer\Project 2026\M-Amin Network\node_modules\next\dist\compiled\next-server\app-page-turbo.runtime.dev.js:53:182086)
    at C:\Transfer\Project 2026\M-Amin Network\node_modules\next\dist\compiled\next-server\app-page-turbo.runtime.dev.js:53:170748
    at Array.toJSON (C:\Transfer\Project 2026\M-Amin Network\node_modules\next\dist\compiled\next-server\app-page-turbo.runtime.dev.js:53:172065)
    at stringify (<anonymous>)
    at emitChunk (C:\Transfer\Project 2026\M-Amin Network\node_modules\next\dist\compiled\next-server\app-page-turbo.runtime.dev.js:53:220399)
    at retryTask (C:\Transfer\Project 2026\M-Amin Network\node_modules\next\dist\compiled\next-server\app-page-turbo.runtime.dev.js:53:221542)
    at performWork (C:\Transfer\Project 2026\M-Amin Network\node_modules\next\dist\compiled\next-server\app-page-turbo.runtime.dev.js:53:223062)
    at AsyncLocalStorage.run (node:internal/async_local_storage/async_context_frame:63:14)
    at C:\Transfer\Project 2026\M-Amin Network\node_modules\next\dist\compiled\next-server\app-page-turbo.runtime.dev.js:53:226810
    at node:internal/process/task_queues:150:7
    at AsyncResource.runInAsyncScope (node:async_hooks:227:14)
    at AsyncResource.runMicrotask (node:internal/process/task_queues:147:8)

[2026-07-10T20:27:36.128Z] Action: getSetting, Key: m_amin_system_config
Error: Too many connections
Stack: Error: Too many connections
    at getSetting (C:\Transfer\Project 2026\M-Amin Network\.next\dev\server\chunks\ssr\[root-of-the-server]__15u4bti._.js:266:165)
    at RootLayout (C:\Transfer\Project 2026\M-Amin Network\.next\dev\server\chunks\ssr\[root-of-the-server]__15u4bti._.js:438:169)
    at Object.react_stack_bottom_frame (C:\Transfer\Project 2026\M-Amin Network\node_modules\next\dist\compiled\next-server\app-page-turbo.runtime.dev.js:53:268077)
    at AsyncLocalStorage.run (node:internal/async_local_storage/async_context_frame:63:14)
    at renderFunctionComponent (C:\Transfer\Project 2026\M-Amin Network\node_modules\next\dist\compiled\next-server\app-page-turbo.runtime.dev.js:53:159664)
    at renderElement (C:\Transfer\Project 2026\M-Amin Network\node_modules\next\dist\compiled\next-server\app-page-turbo.runtime.dev.js:53:178263)
    at renderModelDestructive (C:\Transfer\Project 2026\M-Amin Network\node_modules\next\dist\compiled\next-server\app-page-turbo.runtime.dev.js:53:182086)
    at retryTask (C:\Transfer\Project 2026\M-Amin Network\node_modules\next\dist\compiled\next-server\app-page-turbo.runtime.dev.js:53:221052)
    at outlineTask (C:\Transfer\Project 2026\M-Amin Network\node_modules\next\dist\compiled\next-server\app-page-turbo.runtime.dev.js:53:164857)
    at renderFunctionComponent (C:\Transfer\Project 2026\M-Amin Network\node_modules\next\dist\compiled\next-server\app-page-turbo.runtime.dev.js:53:158663)
    at renderElement (C:\Transfer\Project 2026\M-Amin Network\node_modules\next\dist\compiled\next-server\app-page-turbo.runtime.dev.js:53:178263)
    at renderModelDestructive (C:\Transfer\Project 2026\M-Amin Network\node_modules\next\dist\compiled\next-server\app-page-turbo.runtime.dev.js:53:182086)
    at C:\Transfer\Project 2026\M-Amin Network\node_modules\next\dist\compiled\next-server\app-page-turbo.runtime.dev.js:53:170748
    at Array.toJSON (C:\Transfer\Project 2026\M-Amin Network\node_modules\next\dist\compiled\next-server\app-page-turbo.runtime.dev.js:53:172065)
    at stringify (<anonymous>)
    at emitChunk (C:\Transfer\Project 2026\M-Amin Network\node_modules\next\dist\compiled\next-server\app-page-turbo.runtime.dev.js:53:220399)
    at retryTask (C:\Transfer\Project 2026\M-Amin Network\node_modules\next\dist\compiled\next-server\app-page-turbo.runtime.dev.js:53:221542)
    at performWork (C:\Transfer\Project 2026\M-Amin Network\node_modules\next\dist\compiled\next-server\app-page-turbo.runtime.dev.js:53:223062)
    at AsyncLocalStorage.run (node:internal/async_local_storage/async_context_frame:63:14)
    at C:\Transfer\Project 2026\M-Amin Network\node_modules\next\dist\compiled\next-server\app-page-turbo.runtime.dev.js:53:226810
    at node:internal/process/task_queues:150:7
    at AsyncResource.runInAsyncScope (node:async_hooks:227:14)
    at AsyncResource.runMicrotask (node:internal/process/task_queues:147:8)

[2026-07-10T20:27:36.129Z] Action: getSetting SELECT, Key: m_amin_system_config
Error: Too many connections
Stack: Error: Too many connections
    at getSetting (C:\Transfer\Project 2026\M-Amin Network\.next\dev\server\chunks\ssr\[root-of-the-server]__15u4bti._.js:266:165)
    at RootLayout (C:\Transfer\Project 2026\M-Amin Network\.next\dev\server\chunks\ssr\[root-of-the-server]__15u4bti._.js:438:169)
    at Object.react_stack_bottom_frame (C:\Transfer\Project 2026\M-Amin Network\node_modules\next\dist\compiled\next-server\app-page-turbo.runtime.dev.js:53:268077)
    at AsyncLocalStorage.run (node:internal/async_local_storage/async_context_frame:63:14)
    at renderFunctionComponent (C:\Transfer\Project 2026\M-Amin Network\node_modules\next\dist\compiled\next-server\app-page-turbo.runtime.dev.js:53:159664)
    at renderElement (C:\Transfer\Project 2026\M-Amin Network\node_modules\next\dist\compiled\next-server\app-page-turbo.runtime.dev.js:53:178263)
    at renderModelDestructive (C:\Transfer\Project 2026\M-Amin Network\node_modules\next\dist\compiled\next-server\app-page-turbo.runtime.dev.js:53:182086)
    at retryTask (C:\Transfer\Project 2026\M-Amin Network\node_modules\next\dist\compiled\next-server\app-page-turbo.runtime.dev.js:53:221052)
    at outlineTask (C:\Transfer\Project 2026\M-Amin Network\node_modules\next\dist\compiled\next-server\app-page-turbo.runtime.dev.js:53:164857)
    at renderFunctionComponent (C:\Transfer\Project 2026\M-Amin Network\node_modules\next\dist\compiled\next-server\app-page-turbo.runtime.dev.js:53:158663)
    at renderElement (C:\Transfer\Project 2026\M-Amin Network\node_modules\next\dist\compiled\next-server\app-page-turbo.runtime.dev.js:53:178263)
    at renderModelDestructive (C:\Transfer\Project 2026\M-Amin Network\node_modules\next\dist\compiled\next-server\app-page-turbo.runtime.dev.js:53:182086)
    at C:\Transfer\Project 2026\M-Amin Network\node_modules\next\dist\compiled\next-server\app-page-turbo.runtime.dev.js:53:170748
    at Array.toJSON (C:\Transfer\Project 2026\M-Amin Network\node_modules\next\dist\compiled\next-server\app-page-turbo.runtime.dev.js:53:172065)
    at stringify (<anonymous>)
    at emitChunk (C:\Transfer\Project 2026\M-Amin Network\node_modules\next\dist\compiled\next-server\app-page-turbo.runtime.dev.js:53:220399)
    at retryTask (C:\Transfer\Project 2026\M-Amin Network\node_modules\next\dist\compiled\next-server\app-page-turbo.runtime.dev.js:53:221542)
    at performWork (C:\Transfer\Project 2026\M-Amin Network\node_modules\next\dist\compiled\next-server\app-page-turbo.runtime.dev.js:53:223062)
    at AsyncLocalStorage.run (node:internal/async_local_storage/async_context_frame:63:14)
    at C:\Transfer\Project 2026\M-Amin Network\node_modules\next\dist\compiled\next-server\app-page-turbo.runtime.dev.js:53:226810
    at node:internal/process/task_queues:150:7
    at AsyncResource.runInAsyncScope (node:async_hooks:227:14)
    at AsyncResource.runMicrotask (node:internal/process/task_queues:147:8)

[2026-07-10T20:27:36.130Z] Action: getSetting, Key: m_amin_system_config
Error: Too many connections
Stack: Error: Too many connections
    at getSetting (C:\Transfer\Project 2026\M-Amin Network\.next\dev\server\chunks\ssr\[root-of-the-server]__15u4bti._.js:266:165)
    at RootLayout (C:\Transfer\Project 2026\M-Amin Network\.next\dev\server\chunks\ssr\[root-of-the-server]__15u4bti._.js:438:169)
    at Object.react_stack_bottom_frame (C:\Transfer\Project 2026\M-Amin Network\node_modules\next\dist\compiled\next-server\app-page-turbo.runtime.dev.js:53:268077)
    at AsyncLocalStorage.run (node:internal/async_local_storage/async_context_frame:63:14)
    at renderFunctionComponent (C:\Transfer\Project 2026\M-Amin Network\node_modules\next\dist\compiled\next-server\app-page-turbo.runtime.dev.js:53:159664)
    at renderElement (C:\Transfer\Project 2026\M-Amin Network\node_modules\next\dist\compiled\next-server\app-page-turbo.runtime.dev.js:53:178263)
    at renderModelDestructive (C:\Transfer\Project 2026\M-Amin Network\node_modules\next\dist\compiled\next-server\app-page-turbo.runtime.dev.js:53:182086)
    at retryTask (C:\Transfer\Project 2026\M-Amin Network\node_modules\next\dist\compiled\next-server\app-page-turbo.runtime.dev.js:53:221052)
    at outlineTask (C:\Transfer\Project 2026\M-Amin Network\node_modules\next\dist\compiled\next-server\app-page-turbo.runtime.dev.js:53:164857)
    at renderFunctionComponent (C:\Transfer\Project 2026\M-Amin Network\node_modules\next\dist\compiled\next-server\app-page-turbo.runtime.dev.js:53:158663)
    at renderElement (C:\Transfer\Project 2026\M-Amin Network\node_modules\next\dist\compiled\next-server\app-page-turbo.runtime.dev.js:53:178263)
    at renderModelDestructive (C:\Transfer\Project 2026\M-Amin Network\node_modules\next\dist\compiled\next-server\app-page-turbo.runtime.dev.js:53:182086)
    at C:\Transfer\Project 2026\M-Amin Network\node_modules\next\dist\compiled\next-server\app-page-turbo.runtime.dev.js:53:170748
    at Array.toJSON (C:\Transfer\Project 2026\M-Amin Network\node_modules\next\dist\compiled\next-server\app-page-turbo.runtime.dev.js:53:172065)
    at stringify (<anonymous>)
    at emitChunk (C:\Transfer\Project 2026\M-Amin Network\node_modules\next\dist\compiled\next-server\app-page-turbo.runtime.dev.js:53:220399)
    at retryTask (C:\Transfer\Project 2026\M-Amin Network\node_modules\next\dist\compiled\next-server\app-page-turbo.runtime.dev.js:53:221542)
    at performWork (C:\Transfer\Project 2026\M-Amin Network\node_modules\next\dist\compiled\next-server\app-page-turbo.runtime.dev.js:53:223062)
    at AsyncLocalStorage.run (node:internal/async_local_storage/async_context_frame:63:14)
    at C:\Transfer\Project 2026\M-Amin Network\node_modules\next\dist\compiled\next-server\app-page-turbo.runtime.dev.js:53:226810
    at node:internal/process/task_queues:150:7
    at AsyncResource.runInAsyncScope (node:async_hooks:227:14)
    at AsyncResource.runMicrotask (node:internal/process/task_queues:147:8)

[2026-07-10T20:27:36.142Z] Action: getSetting SELECT, Key: m_amin_system_config
Error: Too many connections
Stack: Error: Too many connections
    at getSetting (C:\Transfer\Project 2026\M-Amin Network\.next\dev\server\chunks\ssr\[root-of-the-server]__15u4bti._.js:266:165)
    at RootLayout (C:\Transfer\Project 2026\M-Amin Network\.next\dev\server\chunks\ssr\[root-of-the-server]__15u4bti._.js:438:169)
    at Object.react_stack_bottom_frame (C:\Transfer\Project 2026\M-Amin Network\node_modules\next\dist\compiled\next-server\app-page-turbo.runtime.dev.js:53:268077)
    at AsyncLocalStorage.run (node:internal/async_local_storage/async_context_frame:63:14)
    at renderFunctionComponent (C:\Transfer\Project 2026\M-Amin Network\node_modules\next\dist\compiled\next-server\app-page-turbo.runtime.dev.js:53:159664)
    at renderElement (C:\Transfer\Project 2026\M-Amin Network\node_modules\next\dist\compiled\next-server\app-page-turbo.runtime.dev.js:53:178263)
    at renderModelDestructive (C:\Transfer\Project 2026\M-Amin Network\node_modules\next\dist\compiled\next-server\app-page-turbo.runtime.dev.js:53:182086)
    at retryTask (C:\Transfer\Project 2026\M-Amin Network\node_modules\next\dist\compiled\next-server\app-page-turbo.runtime.dev.js:53:221052)
    at outlineTask (C:\Transfer\Project 2026\M-Amin Network\node_modules\next\dist\compiled\next-server\app-page-turbo.runtime.dev.js:53:164857)
    at renderFunctionComponent (C:\Transfer\Project 2026\M-Amin Network\node_modules\next\dist\compiled\next-server\app-page-turbo.runtime.dev.js:53:158663)
    at renderElement (C:\Transfer\Project 2026\M-Amin Network\node_modules\next\dist\compiled\next-server\app-page-turbo.runtime.dev.js:53:178263)
    at renderModelDestructive (C:\Transfer\Project 2026\M-Amin Network\node_modules\next\dist\compiled\next-server\app-page-turbo.runtime.dev.js:53:182086)
    at C:\Transfer\Project 2026\M-Amin Network\node_modules\next\dist\compiled\next-server\app-page-turbo.runtime.dev.js:53:170748
    at Array.toJSON (C:\Transfer\Project 2026\M-Amin Network\node_modules\next\dist\compiled\next-server\app-page-turbo.runtime.dev.js:53:172065)
    at stringify (<anonymous>)
    at emitChunk (C:\Transfer\Project 2026\M-Amin Network\node_modules\next\dist\compiled\next-server\app-page-turbo.runtime.dev.js:53:220399)
    at retryTask (C:\Transfer\Project 2026\M-Amin Network\node_modules\next\dist\compiled\next-server\app-page-turbo.runtime.dev.js:53:221542)
    at performWork (C:\Transfer\Project 2026\M-Amin Network\node_modules\next\dist\compiled\next-server\app-page-turbo.runtime.dev.js:53:223062)
    at AsyncLocalStorage.run (node:internal/async_local_storage/async_context_frame:63:14)
    at C:\Transfer\Project 2026\M-Amin Network\node_modules\next\dist\compiled\next-server\app-page-turbo.runtime.dev.js:53:226810
    at node:internal/process/task_queues:150:7
    at AsyncResource.runInAsyncScope (node:async_hooks:227:14)
    at AsyncResource.runMicrotask (node:internal/process/task_queues:147:8)

[2026-07-10T20:27:36.144Z] Action: getSetting, Key: m_amin_system_config
Error: Too many connections
Stack: Error: Too many connections
    at getSetting (C:\Transfer\Project 2026\M-Amin Network\.next\dev\server\chunks\ssr\[root-of-the-server]__15u4bti._.js:266:165)
    at RootLayout (C:\Transfer\Project 2026\M-Amin Network\.next\dev\server\chunks\ssr\[root-of-the-server]__15u4bti._.js:438:169)
    at Object.react_stack_bottom_frame (C:\Transfer\Project 2026\M-Amin Network\node_modules\next\dist\compiled\next-server\app-page-turbo.runtime.dev.js:53:268077)
    at AsyncLocalStorage.run (node:internal/async_local_storage/async_context_frame:63:14)
    at renderFunctionComponent (C:\Transfer\Project 2026\M-Amin Network\node_modules\next\dist\compiled\next-server\app-page-turbo.runtime.dev.js:53:159664)
    at renderElement (C:\Transfer\Project 2026\M-Amin Network\node_modules\next\dist\compiled\next-server\app-page-turbo.runtime.dev.js:53:178263)
    at renderModelDestructive (C:\Transfer\Project 2026\M-Amin Network\node_modules\next\dist\compiled\next-server\app-page-turbo.runtime.dev.js:53:182086)
    at retryTask (C:\Transfer\Project 2026\M-Amin Network\node_modules\next\dist\compiled\next-server\app-page-turbo.runtime.dev.js:53:221052)
    at outlineTask (C:\Transfer\Project 2026\M-Amin Network\node_modules\next\dist\compiled\next-server\app-page-turbo.runtime.dev.js:53:164857)
    at renderFunctionComponent (C:\Transfer\Project 2026\M-Amin Network\node_modules\next\dist\compiled\next-server\app-page-turbo.runtime.dev.js:53:158663)
    at renderElement (C:\Transfer\Project 2026\M-Amin Network\node_modules\next\dist\compiled\next-server\app-page-turbo.runtime.dev.js:53:178263)
    at renderModelDestructive (C:\Transfer\Project 2026\M-Amin Network\node_modules\next\dist\compiled\next-server\app-page-turbo.runtime.dev.js:53:182086)
    at C:\Transfer\Project 2026\M-Amin Network\node_modules\next\dist\compiled\next-server\app-page-turbo.runtime.dev.js:53:170748
    at Array.toJSON (C:\Transfer\Project 2026\M-Amin Network\node_modules\next\dist\compiled\next-server\app-page-turbo.runtime.dev.js:53:172065)
    at stringify (<anonymous>)
    at emitChunk (C:\Transfer\Project 2026\M-Amin Network\node_modules\next\dist\compiled\next-server\app-page-turbo.runtime.dev.js:53:220399)
    at retryTask (C:\Transfer\Project 2026\M-Amin Network\node_modules\next\dist\compiled\next-server\app-page-turbo.runtime.dev.js:53:221542)
    at performWork (C:\Transfer\Project 2026\M-Amin Network\node_modules\next\dist\compiled\next-server\app-page-turbo.runtime.dev.js:53:223062)
    at AsyncLocalStorage.run (node:internal/async_local_storage/async_context_frame:63:14)
    at C:\Transfer\Project 2026\M-Amin Network\node_modules\next\dist\compiled\next-server\app-page-turbo.runtime.dev.js:53:226810
    at node:internal/process/task_queues:150:7
    at AsyncResource.runInAsyncScope (node:async_hooks:227:14)
    at AsyncResource.runMicrotask (node:internal/process/task_queues:147:8)

[2026-07-10T20:27:36.163Z] Action: getSetting SELECT, Key: m_amin_quick_actions
Error: Too many connections
Stack: Error: Too many connections
    at getSetting (C:\Transfer\Project 2026\M-Amin Network\.next\dev\server\chunks\ssr\[root-of-the-server]__15u4bti._.js:262:175)
    at process.processTicksAndRejections (node:internal/process/task_queues:104:5)
    at async executeActionAndPrepareForRender (C:\Transfer\Project 2026\M-Amin Network\node_modules\next\dist\compiled\next-server\app-page-turbo.runtime.dev.js:64:5248)
    at async C:\Transfer\Project 2026\M-Amin Network\node_modules\next\dist\compiled\next-server\app-page-turbo.runtime.dev.js:64:1986
    at async handleAction (C:\Transfer\Project 2026\M-Amin Network\node_modules\next\dist\compiled\next-server\app-page-turbo.runtime.dev.js:62:25687)
    at async renderToHTMLOrFlightImpl (C:\Transfer\Project 2026\M-Amin Network\node_modules\next\dist\compiled\next-server\app-page-turbo.runtime.dev.js:69:55695)
    at async doRender (C:\Transfer\Project 2026\M-Amin Network\.next\dev\server\chunks\ssr\node_modules_09pzfak._.js:5200:28)
    at async AppPageRouteModule.handleResponse (C:\Transfer\Project 2026\M-Amin Network\node_modules\next\dist\compiled\next-server\app-page-turbo.runtime.dev.js:71:66429)
    at async handleResponse (C:\Transfer\Project 2026\M-Amin Network\.next\dev\server\chunks\ssr\node_modules_09pzfak._.js:5511:32)
    at async Module.handler (C:\Transfer\Project 2026\M-Amin Network\.next\dev\server\chunks\ssr\node_modules_09pzfak._.js:5917:20)
    at async DevServer.renderToResponseWithComponentsImpl (C:\Transfer\Project 2026\M-Amin Network\node_modules\next\dist\server\base-server.js:1462:9)
    at async DevServer.renderPageComponent (C:\Transfer\Project 2026\M-Amin Network\node_modules\next\dist\server\base-server.js:1514:24)
    at async DevServer.renderToResponseImpl (C:\Transfer\Project 2026\M-Amin Network\node_modules\next\dist\server\base-server.js:1564:32)
    at async DevServer.pipeImpl (C:\Transfer\Project 2026\M-Amin Network\node_modules\next\dist\server\base-server.js:1044:25)
    at async NextNodeServer.handleCatchallRenderRequest (C:\Transfer\Project 2026\M-Amin Network\node_modules\next\dist\server\next-server.js:338:17)
    at async DevServer.handleRequestImpl (C:\Transfer\Project 2026\M-Amin Network\node_modules\next\dist\server\base-server.js:935:17)
    at async C:\Transfer\Project 2026\M-Amin Network\node_modules\next\dist\server\dev\next-dev-server.js:394:20
    at async Span.traceAsyncFn (C:\Transfer\Project 2026\M-Amin Network\node_modules\next\dist\trace\trace.js:164:20)
    at async DevServer.handleRequest (C:\Transfer\Project 2026\M-Amin Network\node_modules\next\dist\server\dev\next-dev-server.js:390:24)
    at async invokeRender (C:\Transfer\Project 2026\M-Amin Network\node_modules\next\dist\server\lib\router-server.js:266:21)
    at async handleRequest (C:\Transfer\Project 2026\M-Amin Network\node_modules\next\dist\server\lib\router-server.js:465:24)
    at async requestHandlerImpl (C:\Transfer\Project 2026\M-Amin Network\node_modules\next\dist\server\lib\router-server.js:514:13)
    at async Server.requestListener (C:\Transfer\Project 2026\M-Amin Network\node_modules\next\dist\server\lib\start-server.js:225:13)

[2026-07-10T20:27:36.506Z] Action: getSetting, Key: m_amin_quick_actions
Error: Too many connections
Stack: Error: Too many connections
    at getSetting (C:\Transfer\Project 2026\M-Amin Network\.next\dev\server\chunks\ssr\[root-of-the-server]__15u4bti._.js:262:175)
    at process.processTicksAndRejections (node:internal/process/task_queues:104:5)
    at async executeActionAndPrepareForRender (C:\Transfer\Project 2026\M-Amin Network\node_modules\next\dist\compiled\next-server\app-page-turbo.runtime.dev.js:64:5248)
    at async C:\Transfer\Project 2026\M-Amin Network\node_modules\next\dist\compiled\next-server\app-page-turbo.runtime.dev.js:64:1986
    at async handleAction (C:\Transfer\Project 2026\M-Amin Network\node_modules\next\dist\compiled\next-server\app-page-turbo.runtime.dev.js:62:25687)
    at async renderToHTMLOrFlightImpl (C:\Transfer\Project 2026\M-Amin Network\node_modules\next\dist\compiled\next-server\app-page-turbo.runtime.dev.js:69:55695)
    at async doRender (C:\Transfer\Project 2026\M-Amin Network\.next\dev\server\chunks\ssr\node_modules_09pzfak._.js:5200:28)
    at async AppPageRouteModule.handleResponse (C:\Transfer\Project 2026\M-Amin Network\node_modules\next\dist\compiled\next-server\app-page-turbo.runtime.dev.js:71:66429)
    at async handleResponse (C:\Transfer\Project 2026\M-Amin Network\.next\dev\server\chunks\ssr\node_modules_09pzfak._.js:5511:32)
    at async Module.handler (C:\Transfer\Project 2026\M-Amin Network\.next\dev\server\chunks\ssr\node_modules_09pzfak._.js:5917:20)
    at async DevServer.renderToResponseWithComponentsImpl (C:\Transfer\Project 2026\M-Amin Network\node_modules\next\dist\server\base-server.js:1462:9)
    at async DevServer.renderPageComponent (C:\Transfer\Project 2026\M-Amin Network\node_modules\next\dist\server\base-server.js:1514:24)
    at async DevServer.renderToResponseImpl (C:\Transfer\Project 2026\M-Amin Network\node_modules\next\dist\server\base-server.js:1564:32)
    at async DevServer.pipeImpl (C:\Transfer\Project 2026\M-Amin Network\node_modules\next\dist\server\base-server.js:1044:25)
    at async NextNodeServer.handleCatchallRenderRequest (C:\Transfer\Project 2026\M-Amin Network\node_modules\next\dist\server\next-server.js:338:17)
    at async DevServer.handleRequestImpl (C:\Transfer\Project 2026\M-Amin Network\node_modules\next\dist\server\base-server.js:935:17)
    at async C:\Transfer\Project 2026\M-Amin Network\node_modules\next\dist\server\dev\next-dev-server.js:394:20
    at async Span.traceAsyncFn (C:\Transfer\Project 2026\M-Amin Network\node_modules\next\dist\trace\trace.js:164:20)
    at async DevServer.handleRequest (C:\Transfer\Project 2026\M-Amin Network\node_modules\next\dist\server\dev\next-dev-server.js:390:24)
    at async invokeRender (C:\Transfer\Project 2026\M-Amin Network\node_modules\next\dist\server\lib\router-server.js:266:21)
    at async handleRequest (C:\Transfer\Project 2026\M-Amin Network\node_modules\next\dist\server\lib\router-server.js:465:24)
    at async requestHandlerImpl (C:\Transfer\Project 2026\M-Amin Network\node_modules\next\dist\server\lib\router-server.js:514:13)
    at async Server.requestListener (C:\Transfer\Project 2026\M-Amin Network\node_modules\next\dist\server\lib\start-server.js:225:13)

[2026-07-10T20:27:36.589Z] Action: getSetting SELECT, Key: m_amin_system_config
Error: Too many connections
Stack: Error: Too many connections
    at getSetting (C:\Transfer\Project 2026\M-Amin Network\.next\dev\server\chunks\ssr\[root-of-the-server]__15u4bti._.js:266:165)
    at RootLayout (C:\Transfer\Project 2026\M-Amin Network\.next\dev\server\chunks\ssr\[root-of-the-server]__15u4bti._.js:438:169)
    at Object.react_stack_bottom_frame (C:\Transfer\Project 2026\M-Amin Network\node_modules\next\dist\compiled\next-server\app-page-turbo.runtime.dev.js:53:268077)
    at AsyncLocalStorage.run (node:internal/async_local_storage/async_context_frame:63:14)
    at renderFunctionComponent (C:\Transfer\Project 2026\M-Amin Network\node_modules\next\dist\compiled\next-server\app-page-turbo.runtime.dev.js:53:159664)
    at renderElement (C:\Transfer\Project 2026\M-Amin Network\node_modules\next\dist\compiled\next-server\app-page-turbo.runtime.dev.js:53:178263)
    at renderModelDestructive (C:\Transfer\Project 2026\M-Amin Network\node_modules\next\dist\compiled\next-server\app-page-turbo.runtime.dev.js:53:182086)
    at retryTask (C:\Transfer\Project 2026\M-Amin Network\node_modules\next\dist\compiled\next-server\app-page-turbo.runtime.dev.js:53:221052)
    at outlineTask (C:\Transfer\Project 2026\M-Amin Network\node_modules\next\dist\compiled\next-server\app-page-turbo.runtime.dev.js:53:164857)
    at renderFunctionComponent (C:\Transfer\Project 2026\M-Amin Network\node_modules\next\dist\compiled\next-server\app-page-turbo.runtime.dev.js:53:158663)
    at renderElement (C:\Transfer\Project 2026\M-Amin Network\node_modules\next\dist\compiled\next-server\app-page-turbo.runtime.dev.js:53:178263)
    at renderModelDestructive (C:\Transfer\Project 2026\M-Amin Network\node_modules\next\dist\compiled\next-server\app-page-turbo.runtime.dev.js:53:182086)
    at C:\Transfer\Project 2026\M-Amin Network\node_modules\next\dist\compiled\next-server\app-page-turbo.runtime.dev.js:53:170748
    at Array.toJSON (C:\Transfer\Project 2026\M-Amin Network\node_modules\next\dist\compiled\next-server\app-page-turbo.runtime.dev.js:53:172065)
    at stringify (<anonymous>)
    at emitChunk (C:\Transfer\Project 2026\M-Amin Network\node_modules\next\dist\compiled\next-server\app-page-turbo.runtime.dev.js:53:220399)
    at retryTask (C:\Transfer\Project 2026\M-Amin Network\node_modules\next\dist\compiled\next-server\app-page-turbo.runtime.dev.js:53:221542)
    at performWork (C:\Transfer\Project 2026\M-Amin Network\node_modules\next\dist\compiled\next-server\app-page-turbo.runtime.dev.js:53:223062)
    at AsyncLocalStorage.run (node:internal/async_local_storage/async_context_frame:63:14)
    at C:\Transfer\Project 2026\M-Amin Network\node_modules\next\dist\compiled\next-server\app-page-turbo.runtime.dev.js:53:226810
    at node:internal/process/task_queues:150:7
    at AsyncResource.runInAsyncScope (node:async_hooks:227:14)
    at AsyncResource.runMicrotask (node:internal/process/task_queues:147:8)

[2026-07-10T20:27:36.591Z] Action: getSetting, Key: m_amin_system_config
Error: Too many connections
Stack: Error: Too many connections
    at getSetting (C:\Transfer\Project 2026\M-Amin Network\.next\dev\server\chunks\ssr\[root-of-the-server]__15u4bti._.js:266:165)
    at RootLayout (C:\Transfer\Project 2026\M-Amin Network\.next\dev\server\chunks\ssr\[root-of-the-server]__15u4bti._.js:438:169)
    at Object.react_stack_bottom_frame (C:\Transfer\Project 2026\M-Amin Network\node_modules\next\dist\compiled\next-server\app-page-turbo.runtime.dev.js:53:268077)
    at AsyncLocalStorage.run (node:internal/async_local_storage/async_context_frame:63:14)
    at renderFunctionComponent (C:\Transfer\Project 2026\M-Amin Network\node_modules\next\dist\compiled\next-server\app-page-turbo.runtime.dev.js:53:159664)
    at renderElement (C:\Transfer\Project 2026\M-Amin Network\node_modules\next\dist\compiled\next-server\app-page-turbo.runtime.dev.js:53:178263)
    at renderModelDestructive (C:\Transfer\Project 2026\M-Amin Network\node_modules\next\dist\compiled\next-server\app-page-turbo.runtime.dev.js:53:182086)
    at retryTask (C:\Transfer\Project 2026\M-Amin Network\node_modules\next\dist\compiled\next-server\app-page-turbo.runtime.dev.js:53:221052)
    at outlineTask (C:\Transfer\Project 2026\M-Amin Network\node_modules\next\dist\compiled\next-server\app-page-turbo.runtime.dev.js:53:164857)
    at renderFunctionComponent (C:\Transfer\Project 2026\M-Amin Network\node_modules\next\dist\compiled\next-server\app-page-turbo.runtime.dev.js:53:158663)
    at renderElement (C:\Transfer\Project 2026\M-Amin Network\node_modules\next\dist\compiled\next-server\app-page-turbo.runtime.dev.js:53:178263)
    at renderModelDestructive (C:\Transfer\Project 2026\M-Amin Network\node_modules\next\dist\compiled\next-server\app-page-turbo.runtime.dev.js:53:182086)
    at C:\Transfer\Project 2026\M-Amin Network\node_modules\next\dist\compiled\next-server\app-page-turbo.runtime.dev.js:53:170748
    at Array.toJSON (C:\Transfer\Project 2026\M-Amin Network\node_modules\next\dist\compiled\next-server\app-page-turbo.runtime.dev.js:53:172065)
    at stringify (<anonymous>)
    at emitChunk (C:\Transfer\Project 2026\M-Amin Network\node_modules\next\dist\compiled\next-server\app-page-turbo.runtime.dev.js:53:220399)
    at retryTask (C:\Transfer\Project 2026\M-Amin Network\node_modules\next\dist\compiled\next-server\app-page-turbo.runtime.dev.js:53:221542)
    at performWork (C:\Transfer\Project 2026\M-Amin Network\node_modules\next\dist\compiled\next-server\app-page-turbo.runtime.dev.js:53:223062)
    at AsyncLocalStorage.run (node:internal/async_local_storage/async_context_frame:63:14)
    at C:\Transfer\Project 2026\M-Amin Network\node_modules\next\dist\compiled\next-server\app-page-turbo.runtime.dev.js:53:226810
    at node:internal/process/task_queues:150:7
    at AsyncResource.runInAsyncScope (node:async_hooks:227:14)
    at AsyncResource.runMicrotask (node:internal/process/task_queues:147:8)

[2026-07-10T20:27:36.699Z] Action: getSetting SELECT, Key: m_amin_system_config
Error: Too many connections
Stack: Error: Too many connections
    at getSetting (C:\Transfer\Project 2026\M-Amin Network\.next\dev\server\chunks\ssr\[root-of-the-server]__15u4bti._.js:266:165)
    at RootLayout (C:\Transfer\Project 2026\M-Amin Network\.next\dev\server\chunks\ssr\[root-of-the-server]__15u4bti._.js:438:169)
    at Object.react_stack_bottom_frame (C:\Transfer\Project 2026\M-Amin Network\node_modules\next\dist\compiled\next-server\app-page-turbo.runtime.dev.js:53:268077)
    at AsyncLocalStorage.run (node:internal/async_local_storage/async_context_frame:63:14)
    at renderFunctionComponent (C:\Transfer\Project 2026\M-Amin Network\node_modules\next\dist\compiled\next-server\app-page-turbo.runtime.dev.js:53:159664)
    at renderElement (C:\Transfer\Project 2026\M-Amin Network\node_modules\next\dist\compiled\next-server\app-page-turbo.runtime.dev.js:53:178263)
    at renderModelDestructive (C:\Transfer\Project 2026\M-Amin Network\node_modules\next\dist\compiled\next-server\app-page-turbo.runtime.dev.js:53:182086)
    at retryTask (C:\Transfer\Project 2026\M-Amin Network\node_modules\next\dist\compiled\next-server\app-page-turbo.runtime.dev.js:53:221052)
    at outlineTask (C:\Transfer\Project 2026\M-Amin Network\node_modules\next\dist\compiled\next-server\app-page-turbo.runtime.dev.js:53:164857)
    at renderFunctionComponent (C:\Transfer\Project 2026\M-Amin Network\node_modules\next\dist\compiled\next-server\app-page-turbo.runtime.dev.js:53:158663)
    at renderElement (C:\Transfer\Project 2026\M-Amin Network\node_modules\next\dist\compiled\next-server\app-page-turbo.runtime.dev.js:53:178263)
    at renderModelDestructive (C:\Transfer\Project 2026\M-Amin Network\node_modules\next\dist\compiled\next-server\app-page-turbo.runtime.dev.js:53:182086)
    at C:\Transfer\Project 2026\M-Amin Network\node_modules\next\dist\compiled\next-server\app-page-turbo.runtime.dev.js:53:170748
    at Array.toJSON (C:\Transfer\Project 2026\M-Amin Network\node_modules\next\dist\compiled\next-server\app-page-turbo.runtime.dev.js:53:172065)
    at stringify (<anonymous>)
    at emitChunk (C:\Transfer\Project 2026\M-Amin Network\node_modules\next\dist\compiled\next-server\app-page-turbo.runtime.dev.js:53:220399)
    at retryTask (C:\Transfer\Project 2026\M-Amin Network\node_modules\next\dist\compiled\next-server\app-page-turbo.runtime.dev.js:53:221542)
    at performWork (C:\Transfer\Project 2026\M-Amin Network\node_modules\next\dist\compiled\next-server\app-page-turbo.runtime.dev.js:53:223062)
    at AsyncLocalStorage.run (node:internal/async_local_storage/async_context_frame:63:14)
    at C:\Transfer\Project 2026\M-Amin Network\node_modules\next\dist\compiled\next-server\app-page-turbo.runtime.dev.js:53:226810
    at node:internal/process/task_queues:150:7
    at AsyncResource.runInAsyncScope (node:async_hooks:227:14)
    at AsyncResource.runMicrotask (node:internal/process/task_queues:147:8)

[2026-07-10T20:27:36.703Z] Action: getSetting, Key: m_amin_system_config
Error: Too many connections
Stack: Error: Too many connections
    at getSetting (C:\Transfer\Project 2026\M-Amin Network\.next\dev\server\chunks\ssr\[root-of-the-server]__15u4bti._.js:266:165)
    at RootLayout (C:\Transfer\Project 2026\M-Amin Network\.next\dev\server\chunks\ssr\[root-of-the-server]__15u4bti._.js:438:169)
    at Object.react_stack_bottom_frame (C:\Transfer\Project 2026\M-Amin Network\node_modules\next\dist\compiled\next-server\app-page-turbo.runtime.dev.js:53:268077)
    at AsyncLocalStorage.run (node:internal/async_local_storage/async_context_frame:63:14)
    at renderFunctionComponent (C:\Transfer\Project 2026\M-Amin Network\node_modules\next\dist\compiled\next-server\app-page-turbo.runtime.dev.js:53:159664)
    at renderElement (C:\Transfer\Project 2026\M-Amin Network\node_modules\next\dist\compiled\next-server\app-page-turbo.runtime.dev.js:53:178263)
    at renderModelDestructive (C:\Transfer\Project 2026\M-Amin Network\node_modules\next\dist\compiled\next-server\app-page-turbo.runtime.dev.js:53:182086)
    at retryTask (C:\Transfer\Project 2026\M-Amin Network\node_modules\next\dist\compiled\next-server\app-page-turbo.runtime.dev.js:53:221052)
    at outlineTask (C:\Transfer\Project 2026\M-Amin Network\node_modules\next\dist\compiled\next-server\app-page-turbo.runtime.dev.js:53:164857)
    at renderFunctionComponent (C:\Transfer\Project 2026\M-Amin Network\node_modules\next\dist\compiled\next-server\app-page-turbo.runtime.dev.js:53:158663)
    at renderElement (C:\Transfer\Project 2026\M-Amin Network\node_modules\next\dist\compiled\next-server\app-page-turbo.runtime.dev.js:53:178263)
    at renderModelDestructive (C:\Transfer\Project 2026\M-Amin Network\node_modules\next\dist\compiled\next-server\app-page-turbo.runtime.dev.js:53:182086)
    at C:\Transfer\Project 2026\M-Amin Network\node_modules\next\dist\compiled\next-server\app-page-turbo.runtime.dev.js:53:170748
    at Array.toJSON (C:\Transfer\Project 2026\M-Amin Network\node_modules\next\dist\compiled\next-server\app-page-turbo.runtime.dev.js:53:172065)
    at stringify (<anonymous>)
    at emitChunk (C:\Transfer\Project 2026\M-Amin Network\node_modules\next\dist\compiled\next-server\app-page-turbo.runtime.dev.js:53:220399)
    at retryTask (C:\Transfer\Project 2026\M-Amin Network\node_modules\next\dist\compiled\next-server\app-page-turbo.runtime.dev.js:53:221542)
    at performWork (C:\Transfer\Project 2026\M-Amin Network\node_modules\next\dist\compiled\next-server\app-page-turbo.runtime.dev.js:53:223062)
    at AsyncLocalStorage.run (node:internal/async_local_storage/async_context_frame:63:14)
    at C:\Transfer\Project 2026\M-Amin Network\node_modules\next\dist\compiled\next-server\app-page-turbo.runtime.dev.js:53:226810
    at node:internal/process/task_queues:150:7
    at AsyncResource.runInAsyncScope (node:async_hooks:227:14)
    at AsyncResource.runMicrotask (node:internal/process/task_queues:147:8)

[2026-07-10T20:27:36.801Z] Action: getSetting SELECT, Key: m_amin_quick_actions
Error: Too many connections
Stack: Error: Too many connections
    at getSetting (C:\Transfer\Project 2026\M-Amin Network\.next\dev\server\chunks\ssr\[root-of-the-server]__15u4bti._.js:262:175)
    at process.processTicksAndRejections (node:internal/process/task_queues:104:5)
    at async executeActionAndPrepareForRender (C:\Transfer\Project 2026\M-Amin Network\node_modules\next\dist\compiled\next-server\app-page-turbo.runtime.dev.js:64:5248)
    at async C:\Transfer\Project 2026\M-Amin Network\node_modules\next\dist\compiled\next-server\app-page-turbo.runtime.dev.js:64:1986
    at async handleAction (C:\Transfer\Project 2026\M-Amin Network\node_modules\next\dist\compiled\next-server\app-page-turbo.runtime.dev.js:62:25687)
    at async renderToHTMLOrFlightImpl (C:\Transfer\Project 2026\M-Amin Network\node_modules\next\dist\compiled\next-server\app-page-turbo.runtime.dev.js:69:55695)
    at async doRender (C:\Transfer\Project 2026\M-Amin Network\.next\dev\server\chunks\ssr\node_modules_09pzfak._.js:5200:28)
    at async AppPageRouteModule.handleResponse (C:\Transfer\Project 2026\M-Amin Network\node_modules\next\dist\compiled\next-server\app-page-turbo.runtime.dev.js:71:66429)
    at async handleResponse (C:\Transfer\Project 2026\M-Amin Network\.next\dev\server\chunks\ssr\node_modules_09pzfak._.js:5511:32)
    at async Module.handler (C:\Transfer\Project 2026\M-Amin Network\.next\dev\server\chunks\ssr\node_modules_09pzfak._.js:5917:20)
    at async DevServer.renderToResponseWithComponentsImpl (C:\Transfer\Project 2026\M-Amin Network\node_modules\next\dist\server\base-server.js:1462:9)
    at async DevServer.renderPageComponent (C:\Transfer\Project 2026\M-Amin Network\node_modules\next\dist\server\base-server.js:1514:24)
    at async DevServer.renderToResponseImpl (C:\Transfer\Project 2026\M-Amin Network\node_modules\next\dist\server\base-server.js:1564:32)
    at async DevServer.pipeImpl (C:\Transfer\Project 2026\M-Amin Network\node_modules\next\dist\server\base-server.js:1044:25)
    at async NextNodeServer.handleCatchallRenderRequest (C:\Transfer\Project 2026\M-Amin Network\node_modules\next\dist\server\next-server.js:338:17)
    at async DevServer.handleRequestImpl (C:\Transfer\Project 2026\M-Amin Network\node_modules\next\dist\server\base-server.js:935:17)
    at async C:\Transfer\Project 2026\M-Amin Network\node_modules\next\dist\server\dev\next-dev-server.js:394:20
    at async Span.traceAsyncFn (C:\Transfer\Project 2026\M-Amin Network\node_modules\next\dist\trace\trace.js:164:20)
    at async DevServer.handleRequest (C:\Transfer\Project 2026\M-Amin Network\node_modules\next\dist\server\dev\next-dev-server.js:390:24)
    at async invokeRender (C:\Transfer\Project 2026\M-Amin Network\node_modules\next\dist\server\lib\router-server.js:266:21)
    at async handleRequest (C:\Transfer\Project 2026\M-Amin Network\node_modules\next\dist\server\lib\router-server.js:465:24)
    at async requestHandlerImpl (C:\Transfer\Project 2026\M-Amin Network\node_modules\next\dist\server\lib\router-server.js:514:13)
    at async Server.requestListener (C:\Transfer\Project 2026\M-Amin Network\node_modules\next\dist\server\lib\start-server.js:225:13)

[2026-07-10T20:27:37.052Z] Action: getSetting, Key: m_amin_quick_actions
Error: Too many connections
Stack: Error: Too many connections
    at getSetting (C:\Transfer\Project 2026\M-Amin Network\.next\dev\server\chunks\ssr\[root-of-the-server]__15u4bti._.js:262:175)
    at process.processTicksAndRejections (node:internal/process/task_queues:104:5)
    at async executeActionAndPrepareForRender (C:\Transfer\Project 2026\M-Amin Network\node_modules\next\dist\compiled\next-server\app-page-turbo.runtime.dev.js:64:5248)
    at async C:\Transfer\Project 2026\M-Amin Network\node_modules\next\dist\compiled\next-server\app-page-turbo.runtime.dev.js:64:1986
    at async handleAction (C:\Transfer\Project 2026\M-Amin Network\node_modules\next\dist\compiled\next-server\app-page-turbo.runtime.dev.js:62:25687)
    at async renderToHTMLOrFlightImpl (C:\Transfer\Project 2026\M-Amin Network\node_modules\next\dist\compiled\next-server\app-page-turbo.runtime.dev.js:69:55695)
    at async doRender (C:\Transfer\Project 2026\M-Amin Network\.next\dev\server\chunks\ssr\node_modules_09pzfak._.js:5200:28)
    at async AppPageRouteModule.handleResponse (C:\Transfer\Project 2026\M-Amin Network\node_modules\next\dist\compiled\next-server\app-page-turbo.runtime.dev.js:71:66429)
    at async handleResponse (C:\Transfer\Project 2026\M-Amin Network\.next\dev\server\chunks\ssr\node_modules_09pzfak._.js:5511:32)
    at async Module.handler (C:\Transfer\Project 2026\M-Amin Network\.next\dev\server\chunks\ssr\node_modules_09pzfak._.js:5917:20)
    at async DevServer.renderToResponseWithComponentsImpl (C:\Transfer\Project 2026\M-Amin Network\node_modules\next\dist\server\base-server.js:1462:9)
    at async DevServer.renderPageComponent (C:\Transfer\Project 2026\M-Amin Network\node_modules\next\dist\server\base-server.js:1514:24)
    at async DevServer.renderToResponseImpl (C:\Transfer\Project 2026\M-Amin Network\node_modules\next\dist\server\base-server.js:1564:32)
    at async DevServer.pipeImpl (C:\Transfer\Project 2026\M-Amin Network\node_modules\next\dist\server\base-server.js:1044:25)
    at async NextNodeServer.handleCatchallRenderRequest (C:\Transfer\Project 2026\M-Amin Network\node_modules\next\dist\server\next-server.js:338:17)
    at async DevServer.handleRequestImpl (C:\Transfer\Project 2026\M-Amin Network\node_modules\next\dist\server\base-server.js:935:17)
    at async C:\Transfer\Project 2026\M-Amin Network\node_modules\next\dist\server\dev\next-dev-server.js:394:20
    at async Span.traceAsyncFn (C:\Transfer\Project 2026\M-Amin Network\node_modules\next\dist\trace\trace.js:164:20)
    at async DevServer.handleRequest (C:\Transfer\Project 2026\M-Amin Network\node_modules\next\dist\server\dev\next-dev-server.js:390:24)
    at async invokeRender (C:\Transfer\Project 2026\M-Amin Network\node_modules\next\dist\server\lib\router-server.js:266:21)
    at async handleRequest (C:\Transfer\Project 2026\M-Amin Network\node_modules\next\dist\server\lib\router-server.js:465:24)
    at async requestHandlerImpl (C:\Transfer\Project 2026\M-Amin Network\node_modules\next\dist\server\lib\router-server.js:514:13)
    at async Server.requestListener (C:\Transfer\Project 2026\M-Amin Network\node_modules\next\dist\server\lib\start-server.js:225:13)

[2026-07-10T20:27:37.064Z] Action: getSetting SELECT, Key: m_amin_system_config
Error: Too many connections
Stack: Error: Too many connections
    at getSetting (C:\Transfer\Project 2026\M-Amin Network\.next\dev\server\chunks\ssr\[root-of-the-server]__15u4bti._.js:266:165)
    at RootLayout (C:\Transfer\Project 2026\M-Amin Network\.next\dev\server\chunks\ssr\[root-of-the-server]__15u4bti._.js:438:169)
    at Object.react_stack_bottom_frame (C:\Transfer\Project 2026\M-Amin Network\node_modules\next\dist\compiled\next-server\app-page-turbo.runtime.dev.js:53:268077)
    at AsyncLocalStorage.run (node:internal/async_local_storage/async_context_frame:63:14)
    at renderFunctionComponent (C:\Transfer\Project 2026\M-Amin Network\node_modules\next\dist\compiled\next-server\app-page-turbo.runtime.dev.js:53:159664)
    at renderElement (C:\Transfer\Project 2026\M-Amin Network\node_modules\next\dist\compiled\next-server\app-page-turbo.runtime.dev.js:53:178263)
    at renderModelDestructive (C:\Transfer\Project 2026\M-Amin Network\node_modules\next\dist\compiled\next-server\app-page-turbo.runtime.dev.js:53:182086)
    at retryTask (C:\Transfer\Project 2026\M-Amin Network\node_modules\next\dist\compiled\next-server\app-page-turbo.runtime.dev.js:53:221052)
    at outlineTask (C:\Transfer\Project 2026\M-Amin Network\node_modules\next\dist\compiled\next-server\app-page-turbo.runtime.dev.js:53:164857)
    at renderFunctionComponent (C:\Transfer\Project 2026\M-Amin Network\node_modules\next\dist\compiled\next-server\app-page-turbo.runtime.dev.js:53:158663)
    at renderElement (C:\Transfer\Project 2026\M-Amin Network\node_modules\next\dist\compiled\next-server\app-page-turbo.runtime.dev.js:53:178263)
    at renderModelDestructive (C:\Transfer\Project 2026\M-Amin Network\node_modules\next\dist\compiled\next-server\app-page-turbo.runtime.dev.js:53:182086)
    at C:\Transfer\Project 2026\M-Amin Network\node_modules\next\dist\compiled\next-server\app-page-turbo.runtime.dev.js:53:170748
    at Array.toJSON (C:\Transfer\Project 2026\M-Amin Network\node_modules\next\dist\compiled\next-server\app-page-turbo.runtime.dev.js:53:172065)
    at stringify (<anonymous>)
    at emitChunk (C:\Transfer\Project 2026\M-Amin Network\node_modules\next\dist\compiled\next-server\app-page-turbo.runtime.dev.js:53:220399)
    at retryTask (C:\Transfer\Project 2026\M-Amin Network\node_modules\next\dist\compiled\next-server\app-page-turbo.runtime.dev.js:53:221542)
    at performWork (C:\Transfer\Project 2026\M-Amin Network\node_modules\next\dist\compiled\next-server\app-page-turbo.runtime.dev.js:53:223062)
    at AsyncLocalStorage.run (node:internal/async_local_storage/async_context_frame:63:14)
    at C:\Transfer\Project 2026\M-Amin Network\node_modules\next\dist\compiled\next-server\app-page-turbo.runtime.dev.js:53:226810
    at node:internal/process/task_queues:150:7
    at AsyncResource.runInAsyncScope (node:async_hooks:227:14)
    at AsyncResource.runMicrotask (node:internal/process/task_queues:147:8)

[2026-07-10T20:27:37.067Z] Action: getSetting, Key: m_amin_system_config
Error: Too many connections
Stack: Error: Too many connections
    at getSetting (C:\Transfer\Project 2026\M-Amin Network\.next\dev\server\chunks\ssr\[root-of-the-server]__15u4bti._.js:266:165)
    at RootLayout (C:\Transfer\Project 2026\M-Amin Network\.next\dev\server\chunks\ssr\[root-of-the-server]__15u4bti._.js:438:169)
    at Object.react_stack_bottom_frame (C:\Transfer\Project 2026\M-Amin Network\node_modules\next\dist\compiled\next-server\app-page-turbo.runtime.dev.js:53:268077)
    at AsyncLocalStorage.run (node:internal/async_local_storage/async_context_frame:63:14)
    at renderFunctionComponent (C:\Transfer\Project 2026\M-Amin Network\node_modules\next\dist\compiled\next-server\app-page-turbo.runtime.dev.js:53:159664)
    at renderElement (C:\Transfer\Project 2026\M-Amin Network\node_modules\next\dist\compiled\next-server\app-page-turbo.runtime.dev.js:53:178263)
    at renderModelDestructive (C:\Transfer\Project 2026\M-Amin Network\node_modules\next\dist\compiled\next-server\app-page-turbo.runtime.dev.js:53:182086)
    at retryTask (C:\Transfer\Project 2026\M-Amin Network\node_modules\next\dist\compiled\next-server\app-page-turbo.runtime.dev.js:53:221052)
    at outlineTask (C:\Transfer\Project 2026\M-Amin Network\node_modules\next\dist\compiled\next-server\app-page-turbo.runtime.dev.js:53:164857)
    at renderFunctionComponent (C:\Transfer\Project 2026\M-Amin Network\node_modules\next\dist\compiled\next-server\app-page-turbo.runtime.dev.js:53:158663)
    at renderElement (C:\Transfer\Project 2026\M-Amin Network\node_modules\next\dist\compiled\next-server\app-page-turbo.runtime.dev.js:53:178263)
    at renderModelDestructive (C:\Transfer\Project 2026\M-Amin Network\node_modules\next\dist\compiled\next-server\app-page-turbo.runtime.dev.js:53:182086)
    at C:\Transfer\Project 2026\M-Amin Network\node_modules\next\dist\compiled\next-server\app-page-turbo.runtime.dev.js:53:170748
    at Array.toJSON (C:\Transfer\Project 2026\M-Amin Network\node_modules\next\dist\compiled\next-server\app-page-turbo.runtime.dev.js:53:172065)
    at stringify (<anonymous>)
    at emitChunk (C:\Transfer\Project 2026\M-Amin Network\node_modules\next\dist\compiled\next-server\app-page-turbo.runtime.dev.js:53:220399)
    at retryTask (C:\Transfer\Project 2026\M-Amin Network\node_modules\next\dist\compiled\next-server\app-page-turbo.runtime.dev.js:53:221542)
    at performWork (C:\Transfer\Project 2026\M-Amin Network\node_modules\next\dist\compiled\next-server\app-page-turbo.runtime.dev.js:53:223062)
    at AsyncLocalStorage.run (node:internal/async_local_storage/async_context_frame:63:14)
    at C:\Transfer\Project 2026\M-Amin Network\node_modules\next\dist\compiled\next-server\app-page-turbo.runtime.dev.js:53:226810
    at node:internal/process/task_queues:150:7
    at AsyncResource.runInAsyncScope (node:async_hooks:227:14)
    at AsyncResource.runMicrotask (node:internal/process/task_queues:147:8)

[2026-07-10T20:27:37.069Z] Action: getSetting SELECT, Key: m_amin_system_config
Error: Too many connections
Stack: Error: Too many connections
    at getSetting (C:\Transfer\Project 2026\M-Amin Network\.next\dev\server\chunks\ssr\[root-of-the-server]__15u4bti._.js:266:165)
    at RootLayout (C:\Transfer\Project 2026\M-Amin Network\.next\dev\server\chunks\ssr\[root-of-the-server]__15u4bti._.js:438:169)
    at Object.react_stack_bottom_frame (C:\Transfer\Project 2026\M-Amin Network\node_modules\next\dist\compiled\next-server\app-page-turbo.runtime.dev.js:53:268077)
    at AsyncLocalStorage.run (node:internal/async_local_storage/async_context_frame:63:14)
    at renderFunctionComponent (C:\Transfer\Project 2026\M-Amin Network\node_modules\next\dist\compiled\next-server\app-page-turbo.runtime.dev.js:53:159664)
    at renderElement (C:\Transfer\Project 2026\M-Amin Network\node_modules\next\dist\compiled\next-server\app-page-turbo.runtime.dev.js:53:178263)
    at renderModelDestructive (C:\Transfer\Project 2026\M-Amin Network\node_modules\next\dist\compiled\next-server\app-page-turbo.runtime.dev.js:53:182086)
    at retryTask (C:\Transfer\Project 2026\M-Amin Network\node_modules\next\dist\compiled\next-server\app-page-turbo.runtime.dev.js:53:221052)
    at outlineTask (C:\Transfer\Project 2026\M-Amin Network\node_modules\next\dist\compiled\next-server\app-page-turbo.runtime.dev.js:53:164857)
    at renderFunctionComponent (C:\Transfer\Project 2026\M-Amin Network\node_modules\next\dist\compiled\next-server\app-page-turbo.runtime.dev.js:53:158663)
    at renderElement (C:\Transfer\Project 2026\M-Amin Network\node_modules\next\dist\compiled\next-server\app-page-turbo.runtime.dev.js:53:178263)
    at renderModelDestructive (C:\Transfer\Project 2026\M-Amin Network\node_modules\next\dist\compiled\next-server\app-page-turbo.runtime.dev.js:53:182086)
    at C:\Transfer\Project 2026\M-Amin Network\node_modules\next\dist\compiled\next-server\app-page-turbo.runtime.dev.js:53:170748
    at Array.toJSON (C:\Transfer\Project 2026\M-Amin Network\node_modules\next\dist\compiled\next-server\app-page-turbo.runtime.dev.js:53:172065)
    at stringify (<anonymous>)
    at emitChunk (C:\Transfer\Project 2026\M-Amin Network\node_modules\next\dist\compiled\next-server\app-page-turbo.runtime.dev.js:53:220399)
    at retryTask (C:\Transfer\Project 2026\M-Amin Network\node_modules\next\dist\compiled\next-server\app-page-turbo.runtime.dev.js:53:221542)
    at performWork (C:\Transfer\Project 2026\M-Amin Network\node_modules\next\dist\compiled\next-server\app-page-turbo.runtime.dev.js:53:223062)
    at AsyncLocalStorage.run (node:internal/async_local_storage/async_context_frame:63:14)
    at C:\Transfer\Project 2026\M-Amin Network\node_modules\next\dist\compiled\next-server\app-page-turbo.runtime.dev.js:53:226810
    at node:internal/process/task_queues:150:7
    at AsyncResource.runInAsyncScope (node:async_hooks:227:14)
    at AsyncResource.runMicrotask (node:internal/process/task_queues:147:8)

[2026-07-10T20:27:37.071Z] Action: getSetting, Key: m_amin_system_config
Error: Too many connections
Stack: Error: Too many connections
    at getSetting (C:\Transfer\Project 2026\M-Amin Network\.next\dev\server\chunks\ssr\[root-of-the-server]__15u4bti._.js:266:165)
    at RootLayout (C:\Transfer\Project 2026\M-Amin Network\.next\dev\server\chunks\ssr\[root-of-the-server]__15u4bti._.js:438:169)
    at Object.react_stack_bottom_frame (C:\Transfer\Project 2026\M-Amin Network\node_modules\next\dist\compiled\next-server\app-page-turbo.runtime.dev.js:53:268077)
    at AsyncLocalStorage.run (node:internal/async_local_storage/async_context_frame:63:14)
    at renderFunctionComponent (C:\Transfer\Project 2026\M-Amin Network\node_modules\next\dist\compiled\next-server\app-page-turbo.runtime.dev.js:53:159664)
    at renderElement (C:\Transfer\Project 2026\M-Amin Network\node_modules\next\dist\compiled\next-server\app-page-turbo.runtime.dev.js:53:178263)
    at renderModelDestructive (C:\Transfer\Project 2026\M-Amin Network\node_modules\next\dist\compiled\next-server\app-page-turbo.runtime.dev.js:53:182086)
    at retryTask (C:\Transfer\Project 2026\M-Amin Network\node_modules\next\dist\compiled\next-server\app-page-turbo.runtime.dev.js:53:221052)
    at outlineTask (C:\Transfer\Project 2026\M-Amin Network\node_modules\next\dist\compiled\next-server\app-page-turbo.runtime.dev.js:53:164857)
    at renderFunctionComponent (C:\Transfer\Project 2026\M-Amin Network\node_modules\next\dist\compiled\next-server\app-page-turbo.runtime.dev.js:53:158663)
    at renderElement (C:\Transfer\Project 2026\M-Amin Network\node_modules\next\dist\compiled\next-server\app-page-turbo.runtime.dev.js:53:178263)
    at renderModelDestructive (C:\Transfer\Project 2026\M-Amin Network\node_modules\next\dist\compiled\next-server\app-page-turbo.runtime.dev.js:53:182086)
    at C:\Transfer\Project 2026\M-Amin Network\node_modules\next\dist\compiled\next-server\app-page-turbo.runtime.dev.js:53:170748
    at Array.toJSON (C:\Transfer\Project 2026\M-Amin Network\node_modules\next\dist\compiled\next-server\app-page-turbo.runtime.dev.js:53:172065)
    at stringify (<anonymous>)
    at emitChunk (C:\Transfer\Project 2026\M-Amin Network\node_modules\next\dist\compiled\next-server\app-page-turbo.runtime.dev.js:53:220399)
    at retryTask (C:\Transfer\Project 2026\M-Amin Network\node_modules\next\dist\compiled\next-server\app-page-turbo.runtime.dev.js:53:221542)
    at performWork (C:\Transfer\Project 2026\M-Amin Network\node_modules\next\dist\compiled\next-server\app-page-turbo.runtime.dev.js:53:223062)
    at AsyncLocalStorage.run (node:internal/async_local_storage/async_context_frame:63:14)
    at C:\Transfer\Project 2026\M-Amin Network\node_modules\next\dist\compiled\next-server\app-page-turbo.runtime.dev.js:53:226810
    at node:internal/process/task_queues:150:7
    at AsyncResource.runInAsyncScope (node:async_hooks:227:14)
    at AsyncResource.runMicrotask (node:internal/process/task_queues:147:8)

[2026-07-10T20:27:37.072Z] Action: getSetting SELECT, Key: m_amin_system_config
Error: Too many connections
Stack: Error: Too many connections
    at getSetting (C:\Transfer\Project 2026\M-Amin Network\.next\dev\server\chunks\ssr\[root-of-the-server]__15u4bti._.js:266:165)
    at RootLayout (C:\Transfer\Project 2026\M-Amin Network\.next\dev\server\chunks\ssr\[root-of-the-server]__15u4bti._.js:438:169)
    at Object.react_stack_bottom_frame (C:\Transfer\Project 2026\M-Amin Network\node_modules\next\dist\compiled\next-server\app-page-turbo.runtime.dev.js:53:268077)
    at AsyncLocalStorage.run (node:internal/async_local_storage/async_context_frame:63:14)
    at renderFunctionComponent (C:\Transfer\Project 2026\M-Amin Network\node_modules\next\dist\compiled\next-server\app-page-turbo.runtime.dev.js:53:159664)
    at renderElement (C:\Transfer\Project 2026\M-Amin Network\node_modules\next\dist\compiled\next-server\app-page-turbo.runtime.dev.js:53:178263)
    at renderModelDestructive (C:\Transfer\Project 2026\M-Amin Network\node_modules\next\dist\compiled\next-server\app-page-turbo.runtime.dev.js:53:182086)
    at retryTask (C:\Transfer\Project 2026\M-Amin Network\node_modules\next\dist\compiled\next-server\app-page-turbo.runtime.dev.js:53:221052)
    at outlineTask (C:\Transfer\Project 2026\M-Amin Network\node_modules\next\dist\compiled\next-server\app-page-turbo.runtime.dev.js:53:164857)
    at renderFunctionComponent (C:\Transfer\Project 2026\M-Amin Network\node_modules\next\dist\compiled\next-server\app-page-turbo.runtime.dev.js:53:158663)
    at renderElement (C:\Transfer\Project 2026\M-Amin Network\node_modules\next\dist\compiled\next-server\app-page-turbo.runtime.dev.js:53:178263)
    at renderModelDestructive (C:\Transfer\Project 2026\M-Amin Network\node_modules\next\dist\compiled\next-server\app-page-turbo.runtime.dev.js:53:182086)
    at C:\Transfer\Project 2026\M-Amin Network\node_modules\next\dist\compiled\next-server\app-page-turbo.runtime.dev.js:53:170748
    at Array.toJSON (C:\Transfer\Project 2026\M-Amin Network\node_modules\next\dist\compiled\next-server\app-page-turbo.runtime.dev.js:53:172065)
    at stringify (<anonymous>)
    at emitChunk (C:\Transfer\Project 2026\M-Amin Network\node_modules\next\dist\compiled\next-server\app-page-turbo.runtime.dev.js:53:220399)
    at retryTask (C:\Transfer\Project 2026\M-Amin Network\node_modules\next\dist\compiled\next-server\app-page-turbo.runtime.dev.js:53:221542)
    at performWork (C:\Transfer\Project 2026\M-Amin Network\node_modules\next\dist\compiled\next-server\app-page-turbo.runtime.dev.js:53:223062)
    at AsyncLocalStorage.run (node:internal/async_local_storage/async_context_frame:63:14)
    at C:\Transfer\Project 2026\M-Amin Network\node_modules\next\dist\compiled\next-server\app-page-turbo.runtime.dev.js:53:226810
    at node:internal/process/task_queues:150:7
    at AsyncResource.runInAsyncScope (node:async_hooks:227:14)
    at AsyncResource.runMicrotask (node:internal/process/task_queues:147:8)

[2026-07-10T20:27:37.074Z] Action: getSetting, Key: m_amin_system_config
Error: Too many connections
Stack: Error: Too many connections
    at getSetting (C:\Transfer\Project 2026\M-Amin Network\.next\dev\server\chunks\ssr\[root-of-the-server]__15u4bti._.js:266:165)
    at RootLayout (C:\Transfer\Project 2026\M-Amin Network\.next\dev\server\chunks\ssr\[root-of-the-server]__15u4bti._.js:438:169)
    at Object.react_stack_bottom_frame (C:\Transfer\Project 2026\M-Amin Network\node_modules\next\dist\compiled\next-server\app-page-turbo.runtime.dev.js:53:268077)
    at AsyncLocalStorage.run (node:internal/async_local_storage/async_context_frame:63:14)
    at renderFunctionComponent (C:\Transfer\Project 2026\M-Amin Network\node_modules\next\dist\compiled\next-server\app-page-turbo.runtime.dev.js:53:159664)
    at renderElement (C:\Transfer\Project 2026\M-Amin Network\node_modules\next\dist\compiled\next-server\app-page-turbo.runtime.dev.js:53:178263)
    at renderModelDestructive (C:\Transfer\Project 2026\M-Amin Network\node_modules\next\dist\compiled\next-server\app-page-turbo.runtime.dev.js:53:182086)
    at retryTask (C:\Transfer\Project 2026\M-Amin Network\node_modules\next\dist\compiled\next-server\app-page-turbo.runtime.dev.js:53:221052)
    at outlineTask (C:\Transfer\Project 2026\M-Amin Network\node_modules\next\dist\compiled\next-server\app-page-turbo.runtime.dev.js:53:164857)
    at renderFunctionComponent (C:\Transfer\Project 2026\M-Amin Network\node_modules\next\dist\compiled\next-server\app-page-turbo.runtime.dev.js:53:158663)
    at renderElement (C:\Transfer\Project 2026\M-Amin Network\node_modules\next\dist\compiled\next-server\app-page-turbo.runtime.dev.js:53:178263)
    at renderModelDestructive (C:\Transfer\Project 2026\M-Amin Network\node_modules\next\dist\compiled\next-server\app-page-turbo.runtime.dev.js:53:182086)
    at C:\Transfer\Project 2026\M-Amin Network\node_modules\next\dist\compiled\next-server\app-page-turbo.runtime.dev.js:53:170748
    at Array.toJSON (C:\Transfer\Project 2026\M-Amin Network\node_modules\next\dist\compiled\next-server\app-page-turbo.runtime.dev.js:53:172065)
    at stringify (<anonymous>)
    at emitChunk (C:\Transfer\Project 2026\M-Amin Network\node_modules\next\dist\compiled\next-server\app-page-turbo.runtime.dev.js:53:220399)
    at retryTask (C:\Transfer\Project 2026\M-Amin Network\node_modules\next\dist\compiled\next-server\app-page-turbo.runtime.dev.js:53:221542)
    at performWork (C:\Transfer\Project 2026\M-Amin Network\node_modules\next\dist\compiled\next-server\app-page-turbo.runtime.dev.js:53:223062)
    at AsyncLocalStorage.run (node:internal/async_local_storage/async_context_frame:63:14)
    at C:\Transfer\Project 2026\M-Amin Network\node_modules\next\dist\compiled\next-server\app-page-turbo.runtime.dev.js:53:226810
    at node:internal/process/task_queues:150:7
    at AsyncResource.runInAsyncScope (node:async_hooks:227:14)
    at AsyncResource.runMicrotask (node:internal/process/task_queues:147:8)

[2026-07-10T20:27:37.091Z] Action: getSetting SELECT, Key: m_amin_system_config
Error: Too many connections
Stack: Error: Too many connections
    at getSetting (C:\Transfer\Project 2026\M-Amin Network\.next\dev\server\chunks\ssr\[root-of-the-server]__15u4bti._.js:266:165)
    at RootLayout (C:\Transfer\Project 2026\M-Amin Network\.next\dev\server\chunks\ssr\[root-of-the-server]__15u4bti._.js:438:169)
    at Object.react_stack_bottom_frame (C:\Transfer\Project 2026\M-Amin Network\node_modules\next\dist\compiled\next-server\app-page-turbo.runtime.dev.js:53:268077)
    at AsyncLocalStorage.run (node:internal/async_local_storage/async_context_frame:63:14)
    at renderFunctionComponent (C:\Transfer\Project 2026\M-Amin Network\node_modules\next\dist\compiled\next-server\app-page-turbo.runtime.dev.js:53:159664)
    at renderElement (C:\Transfer\Project 2026\M-Amin Network\node_modules\next\dist\compiled\next-server\app-page-turbo.runtime.dev.js:53:178263)
    at renderModelDestructive (C:\Transfer\Project 2026\M-Amin Network\node_modules\next\dist\compiled\next-server\app-page-turbo.runtime.dev.js:53:182086)
    at retryTask (C:\Transfer\Project 2026\M-Amin Network\node_modules\next\dist\compiled\next-server\app-page-turbo.runtime.dev.js:53:221052)
    at outlineTask (C:\Transfer\Project 2026\M-Amin Network\node_modules\next\dist\compiled\next-server\app-page-turbo.runtime.dev.js:53:164857)
    at renderFunctionComponent (C:\Transfer\Project 2026\M-Amin Network\node_modules\next\dist\compiled\next-server\app-page-turbo.runtime.dev.js:53:158663)
    at renderElement (C:\Transfer\Project 2026\M-Amin Network\node_modules\next\dist\compiled\next-server\app-page-turbo.runtime.dev.js:53:178263)
    at renderModelDestructive (C:\Transfer\Project 2026\M-Amin Network\node_modules\next\dist\compiled\next-server\app-page-turbo.runtime.dev.js:53:182086)
    at C:\Transfer\Project 2026\M-Amin Network\node_modules\next\dist\compiled\next-server\app-page-turbo.runtime.dev.js:53:170748
    at Array.toJSON (C:\Transfer\Project 2026\M-Amin Network\node_modules\next\dist\compiled\next-server\app-page-turbo.runtime.dev.js:53:172065)
    at stringify (<anonymous>)
    at emitChunk (C:\Transfer\Project 2026\M-Amin Network\node_modules\next\dist\compiled\next-server\app-page-turbo.runtime.dev.js:53:220399)
    at retryTask (C:\Transfer\Project 2026\M-Amin Network\node_modules\next\dist\compiled\next-server\app-page-turbo.runtime.dev.js:53:221542)
    at performWork (C:\Transfer\Project 2026\M-Amin Network\node_modules\next\dist\compiled\next-server\app-page-turbo.runtime.dev.js:53:223062)
    at AsyncLocalStorage.run (node:internal/async_local_storage/async_context_frame:63:14)
    at C:\Transfer\Project 2026\M-Amin Network\node_modules\next\dist\compiled\next-server\app-page-turbo.runtime.dev.js:53:226810
    at node:internal/process/task_queues:150:7
    at AsyncResource.runInAsyncScope (node:async_hooks:227:14)
    at AsyncResource.runMicrotask (node:internal/process/task_queues:147:8)

[2026-07-10T20:27:37.093Z] Action: getSetting, Key: m_amin_system_config
Error: Too many connections
Stack: Error: Too many connections
    at getSetting (C:\Transfer\Project 2026\M-Amin Network\.next\dev\server\chunks\ssr\[root-of-the-server]__15u4bti._.js:266:165)
    at RootLayout (C:\Transfer\Project 2026\M-Amin Network\.next\dev\server\chunks\ssr\[root-of-the-server]__15u4bti._.js:438:169)
    at Object.react_stack_bottom_frame (C:\Transfer\Project 2026\M-Amin Network\node_modules\next\dist\compiled\next-server\app-page-turbo.runtime.dev.js:53:268077)
    at AsyncLocalStorage.run (node:internal/async_local_storage/async_context_frame:63:14)
    at renderFunctionComponent (C:\Transfer\Project 2026\M-Amin Network\node_modules\next\dist\compiled\next-server\app-page-turbo.runtime.dev.js:53:159664)
    at renderElement (C:\Transfer\Project 2026\M-Amin Network\node_modules\next\dist\compiled\next-server\app-page-turbo.runtime.dev.js:53:178263)
    at renderModelDestructive (C:\Transfer\Project 2026\M-Amin Network\node_modules\next\dist\compiled\next-server\app-page-turbo.runtime.dev.js:53:182086)
    at retryTask (C:\Transfer\Project 2026\M-Amin Network\node_modules\next\dist\compiled\next-server\app-page-turbo.runtime.dev.js:53:221052)
    at outlineTask (C:\Transfer\Project 2026\M-Amin Network\node_modules\next\dist\compiled\next-server\app-page-turbo.runtime.dev.js:53:164857)
    at renderFunctionComponent (C:\Transfer\Project 2026\M-Amin Network\node_modules\next\dist\compiled\next-server\app-page-turbo.runtime.dev.js:53:158663)
    at renderElement (C:\Transfer\Project 2026\M-Amin Network\node_modules\next\dist\compiled\next-server\app-page-turbo.runtime.dev.js:53:178263)
    at renderModelDestructive (C:\Transfer\Project 2026\M-Amin Network\node_modules\next\dist\compiled\next-server\app-page-turbo.runtime.dev.js:53:182086)
    at C:\Transfer\Project 2026\M-Amin Network\node_modules\next\dist\compiled\next-server\app-page-turbo.runtime.dev.js:53:170748
    at Array.toJSON (C:\Transfer\Project 2026\M-Amin Network\node_modules\next\dist\compiled\next-server\app-page-turbo.runtime.dev.js:53:172065)
    at stringify (<anonymous>)
    at emitChunk (C:\Transfer\Project 2026\M-Amin Network\node_modules\next\dist\compiled\next-server\app-page-turbo.runtime.dev.js:53:220399)
    at retryTask (C:\Transfer\Project 2026\M-Amin Network\node_modules\next\dist\compiled\next-server\app-page-turbo.runtime.dev.js:53:221542)
    at performWork (C:\Transfer\Project 2026\M-Amin Network\node_modules\next\dist\compiled\next-server\app-page-turbo.runtime.dev.js:53:223062)
    at AsyncLocalStorage.run (node:internal/async_local_storage/async_context_frame:63:14)
    at C:\Transfer\Project 2026\M-Amin Network\node_modules\next\dist\compiled\next-server\app-page-turbo.runtime.dev.js:53:226810
    at node:internal/process/task_queues:150:7
    at AsyncResource.runInAsyncScope (node:async_hooks:227:14)
    at AsyncResource.runMicrotask (node:internal/process/task_queues:147:8)

[2026-07-10T20:27:37.191Z] Action: getSetting SELECT, Key: m_amin_system_config
Error: Too many connections
Stack: Error: Too many connections
    at getSetting (C:\Transfer\Project 2026\M-Amin Network\.next\dev\server\chunks\ssr\[root-of-the-server]__15u4bti._.js:266:165)
    at RootLayout (C:\Transfer\Project 2026\M-Amin Network\.next\dev\server\chunks\ssr\[root-of-the-server]__15u4bti._.js:438:169)
    at Object.react_stack_bottom_frame (C:\Transfer\Project 2026\M-Amin Network\node_modules\next\dist\compiled\next-server\app-page-turbo.runtime.dev.js:53:268077)
    at AsyncLocalStorage.run (node:internal/async_local_storage/async_context_frame:63:14)
    at renderFunctionComponent (C:\Transfer\Project 2026\M-Amin Network\node_modules\next\dist\compiled\next-server\app-page-turbo.runtime.dev.js:53:159664)
    at renderElement (C:\Transfer\Project 2026\M-Amin Network\node_modules\next\dist\compiled\next-server\app-page-turbo.runtime.dev.js:53:178263)
    at renderModelDestructive (C:\Transfer\Project 2026\M-Amin Network\node_modules\next\dist\compiled\next-server\app-page-turbo.runtime.dev.js:53:182086)
    at retryTask (C:\Transfer\Project 2026\M-Amin Network\node_modules\next\dist\compiled\next-server\app-page-turbo.runtime.dev.js:53:221052)
    at outlineTask (C:\Transfer\Project 2026\M-Amin Network\node_modules\next\dist\compiled\next-server\app-page-turbo.runtime.dev.js:53:164857)
    at renderFunctionComponent (C:\Transfer\Project 2026\M-Amin Network\node_modules\next\dist\compiled\next-server\app-page-turbo.runtime.dev.js:53:158663)
    at renderElement (C:\Transfer\Project 2026\M-Amin Network\node_modules\next\dist\compiled\next-server\app-page-turbo.runtime.dev.js:53:178263)
    at renderModelDestructive (C:\Transfer\Project 2026\M-Amin Network\node_modules\next\dist\compiled\next-server\app-page-turbo.runtime.dev.js:53:182086)
    at C:\Transfer\Project 2026\M-Amin Network\node_modules\next\dist\compiled\next-server\app-page-turbo.runtime.dev.js:53:170748
    at Array.toJSON (C:\Transfer\Project 2026\M-Amin Network\node_modules\next\dist\compiled\next-server\app-page-turbo.runtime.dev.js:53:172065)
    at stringify (<anonymous>)
    at emitChunk (C:\Transfer\Project 2026\M-Amin Network\node_modules\next\dist\compiled\next-server\app-page-turbo.runtime.dev.js:53:220399)
    at retryTask (C:\Transfer\Project 2026\M-Amin Network\node_modules\next\dist\compiled\next-server\app-page-turbo.runtime.dev.js:53:221542)
    at performWork (C:\Transfer\Project 2026\M-Amin Network\node_modules\next\dist\compiled\next-server\app-page-turbo.runtime.dev.js:53:223062)
    at AsyncLocalStorage.run (node:internal/async_local_storage/async_context_frame:63:14)
    at C:\Transfer\Project 2026\M-Amin Network\node_modules\next\dist\compiled\next-server\app-page-turbo.runtime.dev.js:53:226810
    at node:internal/process/task_queues:150:7
    at AsyncResource.runInAsyncScope (node:async_hooks:227:14)
    at AsyncResource.runMicrotask (node:internal/process/task_queues:147:8)

[2026-07-10T20:27:37.193Z] Action: getSetting, Key: m_amin_system_config
Error: Too many connections
Stack: Error: Too many connections
    at getSetting (C:\Transfer\Project 2026\M-Amin Network\.next\dev\server\chunks\ssr\[root-of-the-server]__15u4bti._.js:266:165)
    at RootLayout (C:\Transfer\Project 2026\M-Amin Network\.next\dev\server\chunks\ssr\[root-of-the-server]__15u4bti._.js:438:169)
    at Object.react_stack_bottom_frame (C:\Transfer\Project 2026\M-Amin Network\node_modules\next\dist\compiled\next-server\app-page-turbo.runtime.dev.js:53:268077)
    at AsyncLocalStorage.run (node:internal/async_local_storage/async_context_frame:63:14)
    at renderFunctionComponent (C:\Transfer\Project 2026\M-Amin Network\node_modules\next\dist\compiled\next-server\app-page-turbo.runtime.dev.js:53:159664)
    at renderElement (C:\Transfer\Project 2026\M-Amin Network\node_modules\next\dist\compiled\next-server\app-page-turbo.runtime.dev.js:53:178263)
    at renderModelDestructive (C:\Transfer\Project 2026\M-Amin Network\node_modules\next\dist\compiled\next-server\app-page-turbo.runtime.dev.js:53:182086)
    at retryTask (C:\Transfer\Project 2026\M-Amin Network\node_modules\next\dist\compiled\next-server\app-page-turbo.runtime.dev.js:53:221052)
    at outlineTask (C:\Transfer\Project 2026\M-Amin Network\node_modules\next\dist\compiled\next-server\app-page-turbo.runtime.dev.js:53:164857)
    at renderFunctionComponent (C:\Transfer\Project 2026\M-Amin Network\node_modules\next\dist\compiled\next-server\app-page-turbo.runtime.dev.js:53:158663)
    at renderElement (C:\Transfer\Project 2026\M-Amin Network\node_modules\next\dist\compiled\next-server\app-page-turbo.runtime.dev.js:53:178263)
    at renderModelDestructive (C:\Transfer\Project 2026\M-Amin Network\node_modules\next\dist\compiled\next-server\app-page-turbo.runtime.dev.js:53:182086)
    at C:\Transfer\Project 2026\M-Amin Network\node_modules\next\dist\compiled\next-server\app-page-turbo.runtime.dev.js:53:170748
    at Array.toJSON (C:\Transfer\Project 2026\M-Amin Network\node_modules\next\dist\compiled\next-server\app-page-turbo.runtime.dev.js:53:172065)
    at stringify (<anonymous>)
    at emitChunk (C:\Transfer\Project 2026\M-Amin Network\node_modules\next\dist\compiled\next-server\app-page-turbo.runtime.dev.js:53:220399)
    at retryTask (C:\Transfer\Project 2026\M-Amin Network\node_modules\next\dist\compiled\next-server\app-page-turbo.runtime.dev.js:53:221542)
    at performWork (C:\Transfer\Project 2026\M-Amin Network\node_modules\next\dist\compiled\next-server\app-page-turbo.runtime.dev.js:53:223062)
    at AsyncLocalStorage.run (node:internal/async_local_storage/async_context_frame:63:14)
    at C:\Transfer\Project 2026\M-Amin Network\node_modules\next\dist\compiled\next-server\app-page-turbo.runtime.dev.js:53:226810
    at node:internal/process/task_queues:150:7
    at AsyncResource.runInAsyncScope (node:async_hooks:227:14)
    at AsyncResource.runMicrotask (node:internal/process/task_queues:147:8)

[2026-07-10T20:27:37.240Z] Action: getSetting SELECT, Key: m_amin_claims
Error: Too many connections
Stack: Error: Too many connections
    at getSetting (C:\Transfer\Project 2026\M-Amin Network\.next\dev\server\chunks\ssr\[root-of-the-server]__15u4bti._.js:262:175)
    at process.processTicksAndRejections (node:internal/process/task_queues:104:5)
    at async executeActionAndPrepareForRender (C:\Transfer\Project 2026\M-Amin Network\node_modules\next\dist\compiled\next-server\app-page-turbo.runtime.dev.js:64:5248)
    at async C:\Transfer\Project 2026\M-Amin Network\node_modules\next\dist\compiled\next-server\app-page-turbo.runtime.dev.js:64:1986
    at async handleAction (C:\Transfer\Project 2026\M-Amin Network\node_modules\next\dist\compiled\next-server\app-page-turbo.runtime.dev.js:62:25687)
    at async renderToHTMLOrFlightImpl (C:\Transfer\Project 2026\M-Amin Network\node_modules\next\dist\compiled\next-server\app-page-turbo.runtime.dev.js:69:55695)
    at async doRender (C:\Transfer\Project 2026\M-Amin Network\.next\dev\server\chunks\ssr\node_modules_09pzfak._.js:5200:28)
    at async AppPageRouteModule.handleResponse (C:\Transfer\Project 2026\M-Amin Network\node_modules\next\dist\compiled\next-server\app-page-turbo.runtime.dev.js:71:66429)
    at async handleResponse (C:\Transfer\Project 2026\M-Amin Network\.next\dev\server\chunks\ssr\node_modules_09pzfak._.js:5511:32)
    at async Module.handler (C:\Transfer\Project 2026\M-Amin Network\.next\dev\server\chunks\ssr\node_modules_09pzfak._.js:5917:20)
    at async DevServer.renderToResponseWithComponentsImpl (C:\Transfer\Project 2026\M-Amin Network\node_modules\next\dist\server\base-server.js:1462:9)
    at async DevServer.renderPageComponent (C:\Transfer\Project 2026\M-Amin Network\node_modules\next\dist\server\base-server.js:1514:24)
    at async DevServer.renderToResponseImpl (C:\Transfer\Project 2026\M-Amin Network\node_modules\next\dist\server\base-server.js:1564:32)
    at async DevServer.pipeImpl (C:\Transfer\Project 2026\M-Amin Network\node_modules\next\dist\server\base-server.js:1044:25)
    at async NextNodeServer.handleCatchallRenderRequest (C:\Transfer\Project 2026\M-Amin Network\node_modules\next\dist\server\next-server.js:338:17)
    at async DevServer.handleRequestImpl (C:\Transfer\Project 2026\M-Amin Network\node_modules\next\dist\server\base-server.js:935:17)
    at async C:\Transfer\Project 2026\M-Amin Network\node_modules\next\dist\server\dev\next-dev-server.js:394:20
    at async Span.traceAsyncFn (C:\Transfer\Project 2026\M-Amin Network\node_modules\next\dist\trace\trace.js:164:20)
    at async DevServer.handleRequest (C:\Transfer\Project 2026\M-Amin Network\node_modules\next\dist\server\dev\next-dev-server.js:390:24)
    at async invokeRender (C:\Transfer\Project 2026\M-Amin Network\node_modules\next\dist\server\lib\router-server.js:266:21)
    at async handleRequest (C:\Transfer\Project 2026\M-Amin Network\node_modules\next\dist\server\lib\router-server.js:465:24)
    at async requestHandlerImpl (C:\Transfer\Project 2026\M-Amin Network\node_modules\next\dist\server\lib\router-server.js:514:13)
    at async Server.requestListener (C:\Transfer\Project 2026\M-Amin Network\node_modules\next\dist\server\lib\start-server.js:225:13)

[2026-07-10T20:27:37.451Z] Action: getSetting, Key: m_amin_claims
Error: Too many connections
Stack: Error: Too many connections
    at getSetting (C:\Transfer\Project 2026\M-Amin Network\.next\dev\server\chunks\ssr\[root-of-the-server]__15u4bti._.js:262:175)
    at process.processTicksAndRejections (node:internal/process/task_queues:104:5)
    at async executeActionAndPrepareForRender (C:\Transfer\Project 2026\M-Amin Network\node_modules\next\dist\compiled\next-server\app-page-turbo.runtime.dev.js:64:5248)
    at async C:\Transfer\Project 2026\M-Amin Network\node_modules\next\dist\compiled\next-server\app-page-turbo.runtime.dev.js:64:1986
    at async handleAction (C:\Transfer\Project 2026\M-Amin Network\node_modules\next\dist\compiled\next-server\app-page-turbo.runtime.dev.js:62:25687)
    at async renderToHTMLOrFlightImpl (C:\Transfer\Project 2026\M-Amin Network\node_modules\next\dist\compiled\next-server\app-page-turbo.runtime.dev.js:69:55695)
    at async doRender (C:\Transfer\Project 2026\M-Amin Network\.next\dev\server\chunks\ssr\node_modules_09pzfak._.js:5200:28)
    at async AppPageRouteModule.handleResponse (C:\Transfer\Project 2026\M-Amin Network\node_modules\next\dist\compiled\next-server\app-page-turbo.runtime.dev.js:71:66429)
    at async handleResponse (C:\Transfer\Project 2026\M-Amin Network\.next\dev\server\chunks\ssr\node_modules_09pzfak._.js:5511:32)
    at async Module.handler (C:\Transfer\Project 2026\M-Amin Network\.next\dev\server\chunks\ssr\node_modules_09pzfak._.js:5917:20)
    at async DevServer.renderToResponseWithComponentsImpl (C:\Transfer\Project 2026\M-Amin Network\node_modules\next\dist\server\base-server.js:1462:9)
    at async DevServer.renderPageComponent (C:\Transfer\Project 2026\M-Amin Network\node_modules\next\dist\server\base-server.js:1514:24)
    at async DevServer.renderToResponseImpl (C:\Transfer\Project 2026\M-Amin Network\node_modules\next\dist\server\base-server.js:1564:32)
    at async DevServer.pipeImpl (C:\Transfer\Project 2026\M-Amin Network\node_modules\next\dist\server\base-server.js:1044:25)
    at async NextNodeServer.handleCatchallRenderRequest (C:\Transfer\Project 2026\M-Amin Network\node_modules\next\dist\server\next-server.js:338:17)
    at async DevServer.handleRequestImpl (C:\Transfer\Project 2026\M-Amin Network\node_modules\next\dist\server\base-server.js:935:17)
    at async C:\Transfer\Project 2026\M-Amin Network\node_modules\next\dist\server\dev\next-dev-server.js:394:20
    at async Span.traceAsyncFn (C:\Transfer\Project 2026\M-Amin Network\node_modules\next\dist\trace\trace.js:164:20)
    at async DevServer.handleRequest (C:\Transfer\Project 2026\M-Amin Network\node_modules\next\dist\server\dev\next-dev-server.js:390:24)
    at async invokeRender (C:\Transfer\Project 2026\M-Amin Network\node_modules\next\dist\server\lib\router-server.js:266:21)
    at async handleRequest (C:\Transfer\Project 2026\M-Amin Network\node_modules\next\dist\server\lib\router-server.js:465:24)
    at async requestHandlerImpl (C:\Transfer\Project 2026\M-Amin Network\node_modules\next\dist\server\lib\router-server.js:514:13)
    at async Server.requestListener (C:\Transfer\Project 2026\M-Amin Network\node_modules\next\dist\server\lib\start-server.js:225:13)

[2026-07-10T20:27:37.538Z] Action: getSetting SELECT, Key: m_amin_system_config
Error: Too many connections
Stack: Error: Too many connections
    at getSetting (C:\Transfer\Project 2026\M-Amin Network\.next\dev\server\chunks\ssr\[root-of-the-server]__15u4bti._.js:266:165)
    at RootLayout (C:\Transfer\Project 2026\M-Amin Network\.next\dev\server\chunks\ssr\[root-of-the-server]__15u4bti._.js:438:169)
    at Object.react_stack_bottom_frame (C:\Transfer\Project 2026\M-Amin Network\node_modules\next\dist\compiled\next-server\app-page-turbo.runtime.dev.js:53:268077)
    at AsyncLocalStorage.run (node:internal/async_local_storage/async_context_frame:63:14)
    at renderFunctionComponent (C:\Transfer\Project 2026\M-Amin Network\node_modules\next\dist\compiled\next-server\app-page-turbo.runtime.dev.js:53:159664)
    at renderElement (C:\Transfer\Project 2026\M-Amin Network\node_modules\next\dist\compiled\next-server\app-page-turbo.runtime.dev.js:53:178263)
    at renderModelDestructive (C:\Transfer\Project 2026\M-Amin Network\node_modules\next\dist\compiled\next-server\app-page-turbo.runtime.dev.js:53:182086)
    at retryTask (C:\Transfer\Project 2026\M-Amin Network\node_modules\next\dist\compiled\next-server\app-page-turbo.runtime.dev.js:53:221052)
    at outlineTask (C:\Transfer\Project 2026\M-Amin Network\node_modules\next\dist\compiled\next-server\app-page-turbo.runtime.dev.js:53:164857)
    at renderFunctionComponent (C:\Transfer\Project 2026\M-Amin Network\node_modules\next\dist\compiled\next-server\app-page-turbo.runtime.dev.js:53:158663)
    at renderElement (C:\Transfer\Project 2026\M-Amin Network\node_modules\next\dist\compiled\next-server\app-page-turbo.runtime.dev.js:53:178263)
    at renderModelDestructive (C:\Transfer\Project 2026\M-Amin Network\node_modules\next\dist\compiled\next-server\app-page-turbo.runtime.dev.js:53:182086)
    at C:\Transfer\Project 2026\M-Amin Network\node_modules\next\dist\compiled\next-server\app-page-turbo.runtime.dev.js:53:170748
    at Array.toJSON (C:\Transfer\Project 2026\M-Amin Network\node_modules\next\dist\compiled\next-server\app-page-turbo.runtime.dev.js:53:172065)
    at stringify (<anonymous>)
    at emitChunk (C:\Transfer\Project 2026\M-Amin Network\node_modules\next\dist\compiled\next-server\app-page-turbo.runtime.dev.js:53:220399)
    at retryTask (C:\Transfer\Project 2026\M-Amin Network\node_modules\next\dist\compiled\next-server\app-page-turbo.runtime.dev.js:53:221542)
    at performWork (C:\Transfer\Project 2026\M-Amin Network\node_modules\next\dist\compiled\next-server\app-page-turbo.runtime.dev.js:53:223062)
    at AsyncLocalStorage.run (node:internal/async_local_storage/async_context_frame:63:14)
    at C:\Transfer\Project 2026\M-Amin Network\node_modules\next\dist\compiled\next-server\app-page-turbo.runtime.dev.js:53:226810
    at node:internal/process/task_queues:150:7
    at AsyncResource.runInAsyncScope (node:async_hooks:227:14)
    at AsyncResource.runMicrotask (node:internal/process/task_queues:147:8)

[2026-07-10T20:27:37.541Z] Action: getSetting, Key: m_amin_system_config
Error: Too many connections
Stack: Error: Too many connections
    at getSetting (C:\Transfer\Project 2026\M-Amin Network\.next\dev\server\chunks\ssr\[root-of-the-server]__15u4bti._.js:266:165)
    at RootLayout (C:\Transfer\Project 2026\M-Amin Network\.next\dev\server\chunks\ssr\[root-of-the-server]__15u4bti._.js:438:169)
    at Object.react_stack_bottom_frame (C:\Transfer\Project 2026\M-Amin Network\node_modules\next\dist\compiled\next-server\app-page-turbo.runtime.dev.js:53:268077)
    at AsyncLocalStorage.run (node:internal/async_local_storage/async_context_frame:63:14)
    at renderFunctionComponent (C:\Transfer\Project 2026\M-Amin Network\node_modules\next\dist\compiled\next-server\app-page-turbo.runtime.dev.js:53:159664)
    at renderElement (C:\Transfer\Project 2026\M-Amin Network\node_modules\next\dist\compiled\next-server\app-page-turbo.runtime.dev.js:53:178263)
    at renderModelDestructive (C:\Transfer\Project 2026\M-Amin Network\node_modules\next\dist\compiled\next-server\app-page-turbo.runtime.dev.js:53:182086)
    at retryTask (C:\Transfer\Project 2026\M-Amin Network\node_modules\next\dist\compiled\next-server\app-page-turbo.runtime.dev.js:53:221052)
    at outlineTask (C:\Transfer\Project 2026\M-Amin Network\node_modules\next\dist\compiled\next-server\app-page-turbo.runtime.dev.js:53:164857)
    at renderFunctionComponent (C:\Transfer\Project 2026\M-Amin Network\node_modules\next\dist\compiled\next-server\app-page-turbo.runtime.dev.js:53:158663)
    at renderElement (C:\Transfer\Project 2026\M-Amin Network\node_modules\next\dist\compiled\next-server\app-page-turbo.runtime.dev.js:53:178263)
    at renderModelDestructive (C:\Transfer\Project 2026\M-Amin Network\node_modules\next\dist\compiled\next-server\app-page-turbo.runtime.dev.js:53:182086)
    at C:\Transfer\Project 2026\M-Amin Network\node_modules\next\dist\compiled\next-server\app-page-turbo.runtime.dev.js:53:170748
    at Array.toJSON (C:\Transfer\Project 2026\M-Amin Network\node_modules\next\dist\compiled\next-server\app-page-turbo.runtime.dev.js:53:172065)
    at stringify (<anonymous>)
    at emitChunk (C:\Transfer\Project 2026\M-Amin Network\node_modules\next\dist\compiled\next-server\app-page-turbo.runtime.dev.js:53:220399)
    at retryTask (C:\Transfer\Project 2026\M-Amin Network\node_modules\next\dist\compiled\next-server\app-page-turbo.runtime.dev.js:53:221542)
    at performWork (C:\Transfer\Project 2026\M-Amin Network\node_modules\next\dist\compiled\next-server\app-page-turbo.runtime.dev.js:53:223062)
    at AsyncLocalStorage.run (node:internal/async_local_storage/async_context_frame:63:14)
    at C:\Transfer\Project 2026\M-Amin Network\node_modules\next\dist\compiled\next-server\app-page-turbo.runtime.dev.js:53:226810
    at node:internal/process/task_queues:150:7
    at AsyncResource.runInAsyncScope (node:async_hooks:227:14)
    at AsyncResource.runMicrotask (node:internal/process/task_queues:147:8)

[2026-07-10T20:27:37.579Z] Action: getSetting SELECT, Key: m_amin_system_config
Error: Too many connections
Stack: Error: Too many connections
    at getSetting (C:\Transfer\Project 2026\M-Amin Network\.next\dev\server\chunks\ssr\[root-of-the-server]__15u4bti._.js:266:165)
    at RootLayout (C:\Transfer\Project 2026\M-Amin Network\.next\dev\server\chunks\ssr\[root-of-the-server]__15u4bti._.js:438:169)
    at Object.react_stack_bottom_frame (C:\Transfer\Project 2026\M-Amin Network\node_modules\next\dist\compiled\next-server\app-page-turbo.runtime.dev.js:53:268077)
    at AsyncLocalStorage.run (node:internal/async_local_storage/async_context_frame:63:14)
    at renderFunctionComponent (C:\Transfer\Project 2026\M-Amin Network\node_modules\next\dist\compiled\next-server\app-page-turbo.runtime.dev.js:53:159664)
    at renderElement (C:\Transfer\Project 2026\M-Amin Network\node_modules\next\dist\compiled\next-server\app-page-turbo.runtime.dev.js:53:178263)
    at renderModelDestructive (C:\Transfer\Project 2026\M-Amin Network\node_modules\next\dist\compiled\next-server\app-page-turbo.runtime.dev.js:53:182086)
    at retryTask (C:\Transfer\Project 2026\M-Amin Network\node_modules\next\dist\compiled\next-server\app-page-turbo.runtime.dev.js:53:221052)
    at outlineTask (C:\Transfer\Project 2026\M-Amin Network\node_modules\next\dist\compiled\next-server\app-page-turbo.runtime.dev.js:53:164857)
    at renderFunctionComponent (C:\Transfer\Project 2026\M-Amin Network\node_modules\next\dist\compiled\next-server\app-page-turbo.runtime.dev.js:53:158663)
    at renderElement (C:\Transfer\Project 2026\M-Amin Network\node_modules\next\dist\compiled\next-server\app-page-turbo.runtime.dev.js:53:178263)
    at renderModelDestructive (C:\Transfer\Project 2026\M-Amin Network\node_modules\next\dist\compiled\next-server\app-page-turbo.runtime.dev.js:53:182086)
    at C:\Transfer\Project 2026\M-Amin Network\node_modules\next\dist\compiled\next-server\app-page-turbo.runtime.dev.js:53:170748
    at Array.toJSON (C:\Transfer\Project 2026\M-Amin Network\node_modules\next\dist\compiled\next-server\app-page-turbo.runtime.dev.js:53:172065)
    at stringify (<anonymous>)
    at emitChunk (C:\Transfer\Project 2026\M-Amin Network\node_modules\next\dist\compiled\next-server\app-page-turbo.runtime.dev.js:53:220399)
    at retryTask (C:\Transfer\Project 2026\M-Amin Network\node_modules\next\dist\compiled\next-server\app-page-turbo.runtime.dev.js:53:221542)
    at performWork (C:\Transfer\Project 2026\M-Amin Network\node_modules\next\dist\compiled\next-server\app-page-turbo.runtime.dev.js:53:223062)
    at AsyncLocalStorage.run (node:internal/async_local_storage/async_context_frame:63:14)
    at C:\Transfer\Project 2026\M-Amin Network\node_modules\next\dist\compiled\next-server\app-page-turbo.runtime.dev.js:53:226810
    at node:internal/process/task_queues:150:7
    at AsyncResource.runInAsyncScope (node:async_hooks:227:14)
    at AsyncResource.runMicrotask (node:internal/process/task_queues:147:8)

[2026-07-10T20:27:37.581Z] Action: getSetting, Key: m_amin_system_config
Error: Too many connections
Stack: Error: Too many connections
    at getSetting (C:\Transfer\Project 2026\M-Amin Network\.next\dev\server\chunks\ssr\[root-of-the-server]__15u4bti._.js:266:165)
    at RootLayout (C:\Transfer\Project 2026\M-Amin Network\.next\dev\server\chunks\ssr\[root-of-the-server]__15u4bti._.js:438:169)
    at Object.react_stack_bottom_frame (C:\Transfer\Project 2026\M-Amin Network\node_modules\next\dist\compiled\next-server\app-page-turbo.runtime.dev.js:53:268077)
    at AsyncLocalStorage.run (node:internal/async_local_storage/async_context_frame:63:14)
    at renderFunctionComponent (C:\Transfer\Project 2026\M-Amin Network\node_modules\next\dist\compiled\next-server\app-page-turbo.runtime.dev.js:53:159664)
    at renderElement (C:\Transfer\Project 2026\M-Amin Network\node_modules\next\dist\compiled\next-server\app-page-turbo.runtime.dev.js:53:178263)
    at renderModelDestructive (C:\Transfer\Project 2026\M-Amin Network\node_modules\next\dist\compiled\next-server\app-page-turbo.runtime.dev.js:53:182086)
    at retryTask (C:\Transfer\Project 2026\M-Amin Network\node_modules\next\dist\compiled\next-server\app-page-turbo.runtime.dev.js:53:221052)
    at outlineTask (C:\Transfer\Project 2026\M-Amin Network\node_modules\next\dist\compiled\next-server\app-page-turbo.runtime.dev.js:53:164857)
    at renderFunctionComponent (C:\Transfer\Project 2026\M-Amin Network\node_modules\next\dist\compiled\next-server\app-page-turbo.runtime.dev.js:53:158663)
    at renderElement (C:\Transfer\Project 2026\M-Amin Network\node_modules\next\dist\compiled\next-server\app-page-turbo.runtime.dev.js:53:178263)
    at renderModelDestructive (C:\Transfer\Project 2026\M-Amin Network\node_modules\next\dist\compiled\next-server\app-page-turbo.runtime.dev.js:53:182086)
    at C:\Transfer\Project 2026\M-Amin Network\node_modules\next\dist\compiled\next-server\app-page-turbo.runtime.dev.js:53:170748
    at Array.toJSON (C:\Transfer\Project 2026\M-Amin Network\node_modules\next\dist\compiled\next-server\app-page-turbo.runtime.dev.js:53:172065)
    at stringify (<anonymous>)
    at emitChunk (C:\Transfer\Project 2026\M-Amin Network\node_modules\next\dist\compiled\next-server\app-page-turbo.runtime.dev.js:53:220399)
    at retryTask (C:\Transfer\Project 2026\M-Amin Network\node_modules\next\dist\compiled\next-server\app-page-turbo.runtime.dev.js:53:221542)
    at performWork (C:\Transfer\Project 2026\M-Amin Network\node_modules\next\dist\compiled\next-server\app-page-turbo.runtime.dev.js:53:223062)
    at AsyncLocalStorage.run (node:internal/async_local_storage/async_context_frame:63:14)
    at C:\Transfer\Project 2026\M-Amin Network\node_modules\next\dist\compiled\next-server\app-page-turbo.runtime.dev.js:53:226810
    at node:internal/process/task_queues:150:7
    at AsyncResource.runInAsyncScope (node:async_hooks:227:14)
    at AsyncResource.runMicrotask (node:internal/process/task_queues:147:8)

[2026-07-10T20:27:37.582Z] Action: getSetting SELECT, Key: m_amin_system_config
Error: Too many connections
Stack: Error: Too many connections
    at getSetting (C:\Transfer\Project 2026\M-Amin Network\.next\dev\server\chunks\ssr\[root-of-the-server]__15u4bti._.js:266:165)
    at RootLayout (C:\Transfer\Project 2026\M-Amin Network\.next\dev\server\chunks\ssr\[root-of-the-server]__15u4bti._.js:438:169)
    at Object.react_stack_bottom_frame (C:\Transfer\Project 2026\M-Amin Network\node_modules\next\dist\compiled\next-server\app-page-turbo.runtime.dev.js:53:268077)
    at AsyncLocalStorage.run (node:internal/async_local_storage/async_context_frame:63:14)
    at renderFunctionComponent (C:\Transfer\Project 2026\M-Amin Network\node_modules\next\dist\compiled\next-server\app-page-turbo.runtime.dev.js:53:159664)
    at renderElement (C:\Transfer\Project 2026\M-Amin Network\node_modules\next\dist\compiled\next-server\app-page-turbo.runtime.dev.js:53:178263)
    at renderModelDestructive (C:\Transfer\Project 2026\M-Amin Network\node_modules\next\dist\compiled\next-server\app-page-turbo.runtime.dev.js:53:182086)
    at retryTask (C:\Transfer\Project 2026\M-Amin Network\node_modules\next\dist\compiled\next-server\app-page-turbo.runtime.dev.js:53:221052)
    at outlineTask (C:\Transfer\Project 2026\M-Amin Network\node_modules\next\dist\compiled\next-server\app-page-turbo.runtime.dev.js:53:164857)
    at renderFunctionComponent (C:\Transfer\Project 2026\M-Amin Network\node_modules\next\dist\compiled\next-server\app-page-turbo.runtime.dev.js:53:158663)
    at renderElement (C:\Transfer\Project 2026\M-Amin Network\node_modules\next\dist\compiled\next-server\app-page-turbo.runtime.dev.js:53:178263)
    at renderModelDestructive (C:\Transfer\Project 2026\M-Amin Network\node_modules\next\dist\compiled\next-server\app-page-turbo.runtime.dev.js:53:182086)
    at C:\Transfer\Project 2026\M-Amin Network\node_modules\next\dist\compiled\next-server\app-page-turbo.runtime.dev.js:53:170748
    at Array.toJSON (C:\Transfer\Project 2026\M-Amin Network\node_modules\next\dist\compiled\next-server\app-page-turbo.runtime.dev.js:53:172065)
    at stringify (<anonymous>)
    at emitChunk (C:\Transfer\Project 2026\M-Amin Network\node_modules\next\dist\compiled\next-server\app-page-turbo.runtime.dev.js:53:220399)
    at retryTask (C:\Transfer\Project 2026\M-Amin Network\node_modules\next\dist\compiled\next-server\app-page-turbo.runtime.dev.js:53:221542)
    at performWork (C:\Transfer\Project 2026\M-Amin Network\node_modules\next\dist\compiled\next-server\app-page-turbo.runtime.dev.js:53:223062)
    at AsyncLocalStorage.run (node:internal/async_local_storage/async_context_frame:63:14)
    at C:\Transfer\Project 2026\M-Amin Network\node_modules\next\dist\compiled\next-server\app-page-turbo.runtime.dev.js:53:226810
    at node:internal/process/task_queues:150:7
    at AsyncResource.runInAsyncScope (node:async_hooks:227:14)
    at AsyncResource.runMicrotask (node:internal/process/task_queues:147:8)

[2026-07-10T20:27:37.585Z] Action: getSetting, Key: m_amin_system_config
Error: Too many connections
Stack: Error: Too many connections
    at getSetting (C:\Transfer\Project 2026\M-Amin Network\.next\dev\server\chunks\ssr\[root-of-the-server]__15u4bti._.js:266:165)
    at RootLayout (C:\Transfer\Project 2026\M-Amin Network\.next\dev\server\chunks\ssr\[root-of-the-server]__15u4bti._.js:438:169)
    at Object.react_stack_bottom_frame (C:\Transfer\Project 2026\M-Amin Network\node_modules\next\dist\compiled\next-server\app-page-turbo.runtime.dev.js:53:268077)
    at AsyncLocalStorage.run (node:internal/async_local_storage/async_context_frame:63:14)
    at renderFunctionComponent (C:\Transfer\Project 2026\M-Amin Network\node_modules\next\dist\compiled\next-server\app-page-turbo.runtime.dev.js:53:159664)
    at renderElement (C:\Transfer\Project 2026\M-Amin Network\node_modules\next\dist\compiled\next-server\app-page-turbo.runtime.dev.js:53:178263)
    at renderModelDestructive (C:\Transfer\Project 2026\M-Amin Network\node_modules\next\dist\compiled\next-server\app-page-turbo.runtime.dev.js:53:182086)
    at retryTask (C:\Transfer\Project 2026\M-Amin Network\node_modules\next\dist\compiled\next-server\app-page-turbo.runtime.dev.js:53:221052)
    at outlineTask (C:\Transfer\Project 2026\M-Amin Network\node_modules\next\dist\compiled\next-server\app-page-turbo.runtime.dev.js:53:164857)
    at renderFunctionComponent (C:\Transfer\Project 2026\M-Amin Network\node_modules\next\dist\compiled\next-server\app-page-turbo.runtime.dev.js:53:158663)
    at renderElement (C:\Transfer\Project 2026\M-Amin Network\node_modules\next\dist\compiled\next-server\app-page-turbo.runtime.dev.js:53:178263)
    at renderModelDestructive (C:\Transfer\Project 2026\M-Amin Network\node_modules\next\dist\compiled\next-server\app-page-turbo.runtime.dev.js:53:182086)
    at C:\Transfer\Project 2026\M-Amin Network\node_modules\next\dist\compiled\next-server\app-page-turbo.runtime.dev.js:53:170748
    at Array.toJSON (C:\Transfer\Project 2026\M-Amin Network\node_modules\next\dist\compiled\next-server\app-page-turbo.runtime.dev.js:53:172065)
    at stringify (<anonymous>)
    at emitChunk (C:\Transfer\Project 2026\M-Amin Network\node_modules\next\dist\compiled\next-server\app-page-turbo.runtime.dev.js:53:220399)
    at retryTask (C:\Transfer\Project 2026\M-Amin Network\node_modules\next\dist\compiled\next-server\app-page-turbo.runtime.dev.js:53:221542)
    at performWork (C:\Transfer\Project 2026\M-Amin Network\node_modules\next\dist\compiled\next-server\app-page-turbo.runtime.dev.js:53:223062)
    at AsyncLocalStorage.run (node:internal/async_local_storage/async_context_frame:63:14)
    at C:\Transfer\Project 2026\M-Amin Network\node_modules\next\dist\compiled\next-server\app-page-turbo.runtime.dev.js:53:226810
    at node:internal/process/task_queues:150:7
    at AsyncResource.runInAsyncScope (node:async_hooks:227:14)
    at AsyncResource.runMicrotask (node:internal/process/task_queues:147:8)

[2026-07-10T20:27:37.586Z] Action: getSetting SELECT, Key: m_amin_system_config
Error: Too many connections
Stack: Error: Too many connections
    at getSetting (C:\Transfer\Project 2026\M-Amin Network\.next\dev\server\chunks\ssr\[root-of-the-server]__15u4bti._.js:266:165)
    at RootLayout (C:\Transfer\Project 2026\M-Amin Network\.next\dev\server\chunks\ssr\[root-of-the-server]__15u4bti._.js:438:169)
    at Object.react_stack_bottom_frame (C:\Transfer\Project 2026\M-Amin Network\node_modules\next\dist\compiled\next-server\app-page-turbo.runtime.dev.js:53:268077)
    at AsyncLocalStorage.run (node:internal/async_local_storage/async_context_frame:63:14)
    at renderFunctionComponent (C:\Transfer\Project 2026\M-Amin Network\node_modules\next\dist\compiled\next-server\app-page-turbo.runtime.dev.js:53:159664)
    at renderElement (C:\Transfer\Project 2026\M-Amin Network\node_modules\next\dist\compiled\next-server\app-page-turbo.runtime.dev.js:53:178263)
    at renderModelDestructive (C:\Transfer\Project 2026\M-Amin Network\node_modules\next\dist\compiled\next-server\app-page-turbo.runtime.dev.js:53:182086)
    at retryTask (C:\Transfer\Project 2026\M-Amin Network\node_modules\next\dist\compiled\next-server\app-page-turbo.runtime.dev.js:53:221052)
    at outlineTask (C:\Transfer\Project 2026\M-Amin Network\node_modules\next\dist\compiled\next-server\app-page-turbo.runtime.dev.js:53:164857)
    at renderFunctionComponent (C:\Transfer\Project 2026\M-Amin Network\node_modules\next\dist\compiled\next-server\app-page-turbo.runtime.dev.js:53:158663)
    at renderElement (C:\Transfer\Project 2026\M-Amin Network\node_modules\next\dist\compiled\next-server\app-page-turbo.runtime.dev.js:53:178263)
    at renderModelDestructive (C:\Transfer\Project 2026\M-Amin Network\node_modules\next\dist\compiled\next-server\app-page-turbo.runtime.dev.js:53:182086)
    at C:\Transfer\Project 2026\M-Amin Network\node_modules\next\dist\compiled\next-server\app-page-turbo.runtime.dev.js:53:170748
    at Array.toJSON (C:\Transfer\Project 2026\M-Amin Network\node_modules\next\dist\compiled\next-server\app-page-turbo.runtime.dev.js:53:172065)
    at stringify (<anonymous>)
    at emitChunk (C:\Transfer\Project 2026\M-Amin Network\node_modules\next\dist\compiled\next-server\app-page-turbo.runtime.dev.js:53:220399)
    at retryTask (C:\Transfer\Project 2026\M-Amin Network\node_modules\next\dist\compiled\next-server\app-page-turbo.runtime.dev.js:53:221542)
    at performWork (C:\Transfer\Project 2026\M-Amin Network\node_modules\next\dist\compiled\next-server\app-page-turbo.runtime.dev.js:53:223062)
    at AsyncLocalStorage.run (node:internal/async_local_storage/async_context_frame:63:14)
    at C:\Transfer\Project 2026\M-Amin Network\node_modules\next\dist\compiled\next-server\app-page-turbo.runtime.dev.js:53:226810
    at node:internal/process/task_queues:150:7
    at AsyncResource.runInAsyncScope (node:async_hooks:227:14)
    at AsyncResource.runMicrotask (node:internal/process/task_queues:147:8)

[2026-07-10T20:27:37.587Z] Action: getSetting, Key: m_amin_system_config
Error: Too many connections
Stack: Error: Too many connections
    at getSetting (C:\Transfer\Project 2026\M-Amin Network\.next\dev\server\chunks\ssr\[root-of-the-server]__15u4bti._.js:266:165)
    at RootLayout (C:\Transfer\Project 2026\M-Amin Network\.next\dev\server\chunks\ssr\[root-of-the-server]__15u4bti._.js:438:169)
    at Object.react_stack_bottom_frame (C:\Transfer\Project 2026\M-Amin Network\node_modules\next\dist\compiled\next-server\app-page-turbo.runtime.dev.js:53:268077)
    at AsyncLocalStorage.run (node:internal/async_local_storage/async_context_frame:63:14)
    at renderFunctionComponent (C:\Transfer\Project 2026\M-Amin Network\node_modules\next\dist\compiled\next-server\app-page-turbo.runtime.dev.js:53:159664)
    at renderElement (C:\Transfer\Project 2026\M-Amin Network\node_modules\next\dist\compiled\next-server\app-page-turbo.runtime.dev.js:53:178263)
    at renderModelDestructive (C:\Transfer\Project 2026\M-Amin Network\node_modules\next\dist\compiled\next-server\app-page-turbo.runtime.dev.js:53:182086)
    at retryTask (C:\Transfer\Project 2026\M-Amin Network\node_modules\next\dist\compiled\next-server\app-page-turbo.runtime.dev.js:53:221052)
    at outlineTask (C:\Transfer\Project 2026\M-Amin Network\node_modules\next\dist\compiled\next-server\app-page-turbo.runtime.dev.js:53:164857)
    at renderFunctionComponent (C:\Transfer\Project 2026\M-Amin Network\node_modules\next\dist\compiled\next-server\app-page-turbo.runtime.dev.js:53:158663)
    at renderElement (C:\Transfer\Project 2026\M-Amin Network\node_modules\next\dist\compiled\next-server\app-page-turbo.runtime.dev.js:53:178263)
    at renderModelDestructive (C:\Transfer\Project 2026\M-Amin Network\node_modules\next\dist\compiled\next-server\app-page-turbo.runtime.dev.js:53:182086)
    at C:\Transfer\Project 2026\M-Amin Network\node_modules\next\dist\compiled\next-server\app-page-turbo.runtime.dev.js:53:170748
    at Array.toJSON (C:\Transfer\Project 2026\M-Amin Network\node_modules\next\dist\compiled\next-server\app-page-turbo.runtime.dev.js:53:172065)
    at stringify (<anonymous>)
    at emitChunk (C:\Transfer\Project 2026\M-Amin Network\node_modules\next\dist\compiled\next-server\app-page-turbo.runtime.dev.js:53:220399)
    at retryTask (C:\Transfer\Project 2026\M-Amin Network\node_modules\next\dist\compiled\next-server\app-page-turbo.runtime.dev.js:53:221542)
    at performWork (C:\Transfer\Project 2026\M-Amin Network\node_modules\next\dist\compiled\next-server\app-page-turbo.runtime.dev.js:53:223062)
    at AsyncLocalStorage.run (node:internal/async_local_storage/async_context_frame:63:14)
    at C:\Transfer\Project 2026\M-Amin Network\node_modules\next\dist\compiled\next-server\app-page-turbo.runtime.dev.js:53:226810
    at node:internal/process/task_queues:150:7
    at AsyncResource.runInAsyncScope (node:async_hooks:227:14)
    at AsyncResource.runMicrotask (node:internal/process/task_queues:147:8)

[2026-07-10T20:27:37.605Z] Action: getSetting SELECT, Key: m_amin_system_config
Error: Too many connections
Stack: Error: Too many connections
    at getSetting (C:\Transfer\Project 2026\M-Amin Network\.next\dev\server\chunks\ssr\[root-of-the-server]__15u4bti._.js:266:165)
    at RootLayout (C:\Transfer\Project 2026\M-Amin Network\.next\dev\server\chunks\ssr\[root-of-the-server]__15u4bti._.js:438:169)
    at Object.react_stack_bottom_frame (C:\Transfer\Project 2026\M-Amin Network\node_modules\next\dist\compiled\next-server\app-page-turbo.runtime.dev.js:53:268077)
    at AsyncLocalStorage.run (node:internal/async_local_storage/async_context_frame:63:14)
    at renderFunctionComponent (C:\Transfer\Project 2026\M-Amin Network\node_modules\next\dist\compiled\next-server\app-page-turbo.runtime.dev.js:53:159664)
    at renderElement (C:\Transfer\Project 2026\M-Amin Network\node_modules\next\dist\compiled\next-server\app-page-turbo.runtime.dev.js:53:178263)
    at renderModelDestructive (C:\Transfer\Project 2026\M-Amin Network\node_modules\next\dist\compiled\next-server\app-page-turbo.runtime.dev.js:53:182086)
    at retryTask (C:\Transfer\Project 2026\M-Amin Network\node_modules\next\dist\compiled\next-server\app-page-turbo.runtime.dev.js:53:221052)
    at outlineTask (C:\Transfer\Project 2026\M-Amin Network\node_modules\next\dist\compiled\next-server\app-page-turbo.runtime.dev.js:53:164857)
    at renderFunctionComponent (C:\Transfer\Project 2026\M-Amin Network\node_modules\next\dist\compiled\next-server\app-page-turbo.runtime.dev.js:53:158663)
    at renderElement (C:\Transfer\Project 2026\M-Amin Network\node_modules\next\dist\compiled\next-server\app-page-turbo.runtime.dev.js:53:178263)
    at renderModelDestructive (C:\Transfer\Project 2026\M-Amin Network\node_modules\next\dist\compiled\next-server\app-page-turbo.runtime.dev.js:53:182086)
    at C:\Transfer\Project 2026\M-Amin Network\node_modules\next\dist\compiled\next-server\app-page-turbo.runtime.dev.js:53:170748
    at Array.toJSON (C:\Transfer\Project 2026\M-Amin Network\node_modules\next\dist\compiled\next-server\app-page-turbo.runtime.dev.js:53:172065)
    at stringify (<anonymous>)
    at emitChunk (C:\Transfer\Project 2026\M-Amin Network\node_modules\next\dist\compiled\next-server\app-page-turbo.runtime.dev.js:53:220399)
    at retryTask (C:\Transfer\Project 2026\M-Amin Network\node_modules\next\dist\compiled\next-server\app-page-turbo.runtime.dev.js:53:221542)
    at performWork (C:\Transfer\Project 2026\M-Amin Network\node_modules\next\dist\compiled\next-server\app-page-turbo.runtime.dev.js:53:223062)
    at AsyncLocalStorage.run (node:internal/async_local_storage/async_context_frame:63:14)
    at C:\Transfer\Project 2026\M-Amin Network\node_modules\next\dist\compiled\next-server\app-page-turbo.runtime.dev.js:53:226810
    at node:internal/process/task_queues:150:7
    at AsyncResource.runInAsyncScope (node:async_hooks:227:14)
    at AsyncResource.runMicrotask (node:internal/process/task_queues:147:8)

[2026-07-10T20:27:37.608Z] Action: getSetting, Key: m_amin_system_config
Error: Too many connections
Stack: Error: Too many connections
    at getSetting (C:\Transfer\Project 2026\M-Amin Network\.next\dev\server\chunks\ssr\[root-of-the-server]__15u4bti._.js:266:165)
    at RootLayout (C:\Transfer\Project 2026\M-Amin Network\.next\dev\server\chunks\ssr\[root-of-the-server]__15u4bti._.js:438:169)
    at Object.react_stack_bottom_frame (C:\Transfer\Project 2026\M-Amin Network\node_modules\next\dist\compiled\next-server\app-page-turbo.runtime.dev.js:53:268077)
    at AsyncLocalStorage.run (node:internal/async_local_storage/async_context_frame:63:14)
    at renderFunctionComponent (C:\Transfer\Project 2026\M-Amin Network\node_modules\next\dist\compiled\next-server\app-page-turbo.runtime.dev.js:53:159664)
    at renderElement (C:\Transfer\Project 2026\M-Amin Network\node_modules\next\dist\compiled\next-server\app-page-turbo.runtime.dev.js:53:178263)
    at renderModelDestructive (C:\Transfer\Project 2026\M-Amin Network\node_modules\next\dist\compiled\next-server\app-page-turbo.runtime.dev.js:53:182086)
    at retryTask (C:\Transfer\Project 2026\M-Amin Network\node_modules\next\dist\compiled\next-server\app-page-turbo.runtime.dev.js:53:221052)
    at outlineTask (C:\Transfer\Project 2026\M-Amin Network\node_modules\next\dist\compiled\next-server\app-page-turbo.runtime.dev.js:53:164857)
    at renderFunctionComponent (C:\Transfer\Project 2026\M-Amin Network\node_modules\next\dist\compiled\next-server\app-page-turbo.runtime.dev.js:53:158663)
    at renderElement (C:\Transfer\Project 2026\M-Amin Network\node_modules\next\dist\compiled\next-server\app-page-turbo.runtime.dev.js:53:178263)
    at renderModelDestructive (C:\Transfer\Project 2026\M-Amin Network\node_modules\next\dist\compiled\next-server\app-page-turbo.runtime.dev.js:53:182086)
    at C:\Transfer\Project 2026\M-Amin Network\node_modules\next\dist\compiled\next-server\app-page-turbo.runtime.dev.js:53:170748
    at Array.toJSON (C:\Transfer\Project 2026\M-Amin Network\node_modules\next\dist\compiled\next-server\app-page-turbo.runtime.dev.js:53:172065)
    at stringify (<anonymous>)
    at emitChunk (C:\Transfer\Project 2026\M-Amin Network\node_modules\next\dist\compiled\next-server\app-page-turbo.runtime.dev.js:53:220399)
    at retryTask (C:\Transfer\Project 2026\M-Amin Network\node_modules\next\dist\compiled\next-server\app-page-turbo.runtime.dev.js:53:221542)
    at performWork (C:\Transfer\Project 2026\M-Amin Network\node_modules\next\dist\compiled\next-server\app-page-turbo.runtime.dev.js:53:223062)
    at AsyncLocalStorage.run (node:internal/async_local_storage/async_context_frame:63:14)
    at C:\Transfer\Project 2026\M-Amin Network\node_modules\next\dist\compiled\next-server\app-page-turbo.runtime.dev.js:53:226810
    at node:internal/process/task_queues:150:7
    at AsyncResource.runInAsyncScope (node:async_hooks:227:14)
    at AsyncResource.runMicrotask (node:internal/process/task_queues:147:8)

[2026-07-10T20:27:37.644Z] Action: getSetting SELECT, Key: m_amin_complaints
Error: Too many connections
Stack: Error: Too many connections
    at getSetting (C:\Transfer\Project 2026\M-Amin Network\.next\dev\server\chunks\ssr\[root-of-the-server]__15u4bti._.js:262:175)
    at process.processTicksAndRejections (node:internal/process/task_queues:104:5)
    at async executeActionAndPrepareForRender (C:\Transfer\Project 2026\M-Amin Network\node_modules\next\dist\compiled\next-server\app-page-turbo.runtime.dev.js:64:5248)
    at async C:\Transfer\Project 2026\M-Amin Network\node_modules\next\dist\compiled\next-server\app-page-turbo.runtime.dev.js:64:1986
    at async handleAction (C:\Transfer\Project 2026\M-Amin Network\node_modules\next\dist\compiled\next-server\app-page-turbo.runtime.dev.js:62:25687)
    at async renderToHTMLOrFlightImpl (C:\Transfer\Project 2026\M-Amin Network\node_modules\next\dist\compiled\next-server\app-page-turbo.runtime.dev.js:69:55695)
    at async doRender (C:\Transfer\Project 2026\M-Amin Network\.next\dev\server\chunks\ssr\node_modules_09pzfak._.js:5200:28)
    at async AppPageRouteModule.handleResponse (C:\Transfer\Project 2026\M-Amin Network\node_modules\next\dist\compiled\next-server\app-page-turbo.runtime.dev.js:71:66429)
    at async handleResponse (C:\Transfer\Project 2026\M-Amin Network\.next\dev\server\chunks\ssr\node_modules_09pzfak._.js:5511:32)
    at async Module.handler (C:\Transfer\Project 2026\M-Amin Network\.next\dev\server\chunks\ssr\node_modules_09pzfak._.js:5917:20)
    at async DevServer.renderToResponseWithComponentsImpl (C:\Transfer\Project 2026\M-Amin Network\node_modules\next\dist\server\base-server.js:1462:9)
    at async DevServer.renderPageComponent (C:\Transfer\Project 2026\M-Amin Network\node_modules\next\dist\server\base-server.js:1514:24)
    at async DevServer.renderToResponseImpl (C:\Transfer\Project 2026\M-Amin Network\node_modules\next\dist\server\base-server.js:1564:32)
    at async DevServer.pipeImpl (C:\Transfer\Project 2026\M-Amin Network\node_modules\next\dist\server\base-server.js:1044:25)
    at async NextNodeServer.handleCatchallRenderRequest (C:\Transfer\Project 2026\M-Amin Network\node_modules\next\dist\server\next-server.js:338:17)
    at async DevServer.handleRequestImpl (C:\Transfer\Project 2026\M-Amin Network\node_modules\next\dist\server\base-server.js:935:17)
    at async C:\Transfer\Project 2026\M-Amin Network\node_modules\next\dist\server\dev\next-dev-server.js:394:20
    at async Span.traceAsyncFn (C:\Transfer\Project 2026\M-Amin Network\node_modules\next\dist\trace\trace.js:164:20)
    at async DevServer.handleRequest (C:\Transfer\Project 2026\M-Amin Network\node_modules\next\dist\server\dev\next-dev-server.js:390:24)
    at async invokeRender (C:\Transfer\Project 2026\M-Amin Network\node_modules\next\dist\server\lib\router-server.js:266:21)
    at async handleRequest (C:\Transfer\Project 2026\M-Amin Network\node_modules\next\dist\server\lib\router-server.js:465:24)
    at async requestHandlerImpl (C:\Transfer\Project 2026\M-Amin Network\node_modules\next\dist\server\lib\router-server.js:514:13)
    at async Server.requestListener (C:\Transfer\Project 2026\M-Amin Network\node_modules\next\dist\server\lib\start-server.js:225:13)

[2026-07-10T20:27:37.997Z] Action: getSetting, Key: m_amin_complaints
Error: Too many connections
Stack: Error: Too many connections
    at getSetting (C:\Transfer\Project 2026\M-Amin Network\.next\dev\server\chunks\ssr\[root-of-the-server]__15u4bti._.js:262:175)
    at process.processTicksAndRejections (node:internal/process/task_queues:104:5)
    at async executeActionAndPrepareForRender (C:\Transfer\Project 2026\M-Amin Network\node_modules\next\dist\compiled\next-server\app-page-turbo.runtime.dev.js:64:5248)
    at async C:\Transfer\Project 2026\M-Amin Network\node_modules\next\dist\compiled\next-server\app-page-turbo.runtime.dev.js:64:1986
    at async handleAction (C:\Transfer\Project 2026\M-Amin Network\node_modules\next\dist\compiled\next-server\app-page-turbo.runtime.dev.js:62:25687)
    at async renderToHTMLOrFlightImpl (C:\Transfer\Project 2026\M-Amin Network\node_modules\next\dist\compiled\next-server\app-page-turbo.runtime.dev.js:69:55695)
    at async doRender (C:\Transfer\Project 2026\M-Amin Network\.next\dev\server\chunks\ssr\node_modules_09pzfak._.js:5200:28)
    at async AppPageRouteModule.handleResponse (C:\Transfer\Project 2026\M-Amin Network\node_modules\next\dist\compiled\next-server\app-page-turbo.runtime.dev.js:71:66429)
    at async handleResponse (C:\Transfer\Project 2026\M-Amin Network\.next\dev\server\chunks\ssr\node_modules_09pzfak._.js:5511:32)
    at async Module.handler (C:\Transfer\Project 2026\M-Amin Network\.next\dev\server\chunks\ssr\node_modules_09pzfak._.js:5917:20)
    at async DevServer.renderToResponseWithComponentsImpl (C:\Transfer\Project 2026\M-Amin Network\node_modules\next\dist\server\base-server.js:1462:9)
    at async DevServer.renderPageComponent (C:\Transfer\Project 2026\M-Amin Network\node_modules\next\dist\server\base-server.js:1514:24)
    at async DevServer.renderToResponseImpl (C:\Transfer\Project 2026\M-Amin Network\node_modules\next\dist\server\base-server.js:1564:32)
    at async DevServer.pipeImpl (C:\Transfer\Project 2026\M-Amin Network\node_modules\next\dist\server\base-server.js:1044:25)
    at async NextNodeServer.handleCatchallRenderRequest (C:\Transfer\Project 2026\M-Amin Network\node_modules\next\dist\server\next-server.js:338:17)
    at async DevServer.handleRequestImpl (C:\Transfer\Project 2026\M-Amin Network\node_modules\next\dist\server\base-server.js:935:17)
    at async C:\Transfer\Project 2026\M-Amin Network\node_modules\next\dist\server\dev\next-dev-server.js:394:20
    at async Span.traceAsyncFn (C:\Transfer\Project 2026\M-Amin Network\node_modules\next\dist\trace\trace.js:164:20)
    at async DevServer.handleRequest (C:\Transfer\Project 2026\M-Amin Network\node_modules\next\dist\server\dev\next-dev-server.js:390:24)
    at async invokeRender (C:\Transfer\Project 2026\M-Amin Network\node_modules\next\dist\server\lib\router-server.js:266:21)
    at async handleRequest (C:\Transfer\Project 2026\M-Amin Network\node_modules\next\dist\server\lib\router-server.js:465:24)
    at async requestHandlerImpl (C:\Transfer\Project 2026\M-Amin Network\node_modules\next\dist\server\lib\router-server.js:514:13)
    at async Server.requestListener (C:\Transfer\Project 2026\M-Amin Network\node_modules\next\dist\server\lib\start-server.js:225:13)

[2026-07-10T20:27:38.051Z] Action: getSetting SELECT, Key: m_amin_system_config
Error: Too many connections
Stack: Error: Too many connections
    at getSetting (C:\Transfer\Project 2026\M-Amin Network\.next\dev\server\chunks\ssr\[root-of-the-server]__15u4bti._.js:266:165)
    at RootLayout (C:\Transfer\Project 2026\M-Amin Network\.next\dev\server\chunks\ssr\[root-of-the-server]__15u4bti._.js:438:169)
    at Object.react_stack_bottom_frame (C:\Transfer\Project 2026\M-Amin Network\node_modules\next\dist\compiled\next-server\app-page-turbo.runtime.dev.js:53:268077)
    at AsyncLocalStorage.run (node:internal/async_local_storage/async_context_frame:63:14)
    at renderFunctionComponent (C:\Transfer\Project 2026\M-Amin Network\node_modules\next\dist\compiled\next-server\app-page-turbo.runtime.dev.js:53:159664)
    at renderElement (C:\Transfer\Project 2026\M-Amin Network\node_modules\next\dist\compiled\next-server\app-page-turbo.runtime.dev.js:53:178263)
    at renderModelDestructive (C:\Transfer\Project 2026\M-Amin Network\node_modules\next\dist\compiled\next-server\app-page-turbo.runtime.dev.js:53:182086)
    at retryTask (C:\Transfer\Project 2026\M-Amin Network\node_modules\next\dist\compiled\next-server\app-page-turbo.runtime.dev.js:53:221052)
    at outlineTask (C:\Transfer\Project 2026\M-Amin Network\node_modules\next\dist\compiled\next-server\app-page-turbo.runtime.dev.js:53:164857)
    at renderFunctionComponent (C:\Transfer\Project 2026\M-Amin Network\node_modules\next\dist\compiled\next-server\app-page-turbo.runtime.dev.js:53:158663)
    at renderElement (C:\Transfer\Project 2026\M-Amin Network\node_modules\next\dist\compiled\next-server\app-page-turbo.runtime.dev.js:53:178263)
    at renderModelDestructive (C:\Transfer\Project 2026\M-Amin Network\node_modules\next\dist\compiled\next-server\app-page-turbo.runtime.dev.js:53:182086)
    at C:\Transfer\Project 2026\M-Amin Network\node_modules\next\dist\compiled\next-server\app-page-turbo.runtime.dev.js:53:170748
    at Array.toJSON (C:\Transfer\Project 2026\M-Amin Network\node_modules\next\dist\compiled\next-server\app-page-turbo.runtime.dev.js:53:172065)
    at stringify (<anonymous>)
    at emitChunk (C:\Transfer\Project 2026\M-Amin Network\node_modules\next\dist\compiled\next-server\app-page-turbo.runtime.dev.js:53:220399)
    at retryTask (C:\Transfer\Project 2026\M-Amin Network\node_modules\next\dist\compiled\next-server\app-page-turbo.runtime.dev.js:53:221542)
    at performWork (C:\Transfer\Project 2026\M-Amin Network\node_modules\next\dist\compiled\next-server\app-page-turbo.runtime.dev.js:53:223062)
    at AsyncLocalStorage.run (node:internal/async_local_storage/async_context_frame:63:14)
    at C:\Transfer\Project 2026\M-Amin Network\node_modules\next\dist\compiled\next-server\app-page-turbo.runtime.dev.js:53:226810
    at node:internal/process/task_queues:150:7
    at AsyncResource.runInAsyncScope (node:async_hooks:227:14)
    at AsyncResource.runMicrotask (node:internal/process/task_queues:147:8)

[2026-07-10T20:27:38.054Z] Action: getSetting, Key: m_amin_system_config
Error: Too many connections
Stack: Error: Too many connections
    at getSetting (C:\Transfer\Project 2026\M-Amin Network\.next\dev\server\chunks\ssr\[root-of-the-server]__15u4bti._.js:266:165)
    at RootLayout (C:\Transfer\Project 2026\M-Amin Network\.next\dev\server\chunks\ssr\[root-of-the-server]__15u4bti._.js:438:169)
    at Object.react_stack_bottom_frame (C:\Transfer\Project 2026\M-Amin Network\node_modules\next\dist\compiled\next-server\app-page-turbo.runtime.dev.js:53:268077)
    at AsyncLocalStorage.run (node:internal/async_local_storage/async_context_frame:63:14)
    at renderFunctionComponent (C:\Transfer\Project 2026\M-Amin Network\node_modules\next\dist\compiled\next-server\app-page-turbo.runtime.dev.js:53:159664)
    at renderElement (C:\Transfer\Project 2026\M-Amin Network\node_modules\next\dist\compiled\next-server\app-page-turbo.runtime.dev.js:53:178263)
    at renderModelDestructive (C:\Transfer\Project 2026\M-Amin Network\node_modules\next\dist\compiled\next-server\app-page-turbo.runtime.dev.js:53:182086)
    at retryTask (C:\Transfer\Project 2026\M-Amin Network\node_modules\next\dist\compiled\next-server\app-page-turbo.runtime.dev.js:53:221052)
    at outlineTask (C:\Transfer\Project 2026\M-Amin Network\node_modules\next\dist\compiled\next-server\app-page-turbo.runtime.dev.js:53:164857)
    at renderFunctionComponent (C:\Transfer\Project 2026\M-Amin Network\node_modules\next\dist\compiled\next-server\app-page-turbo.runtime.dev.js:53:158663)
    at renderElement (C:\Transfer\Project 2026\M-Amin Network\node_modules\next\dist\compiled\next-server\app-page-turbo.runtime.dev.js:53:178263)
    at renderModelDestructive (C:\Transfer\Project 2026\M-Amin Network\node_modules\next\dist\compiled\next-server\app-page-turbo.runtime.dev.js:53:182086)
    at C:\Transfer\Project 2026\M-Amin Network\node_modules\next\dist\compiled\next-server\app-page-turbo.runtime.dev.js:53:170748
    at Array.toJSON (C:\Transfer\Project 2026\M-Amin Network\node_modules\next\dist\compiled\next-server\app-page-turbo.runtime.dev.js:53:172065)
    at stringify (<anonymous>)
    at emitChunk (C:\Transfer\Project 2026\M-Amin Network\node_modules\next\dist\compiled\next-server\app-page-turbo.runtime.dev.js:53:220399)
    at retryTask (C:\Transfer\Project 2026\M-Amin Network\node_modules\next\dist\compiled\next-server\app-page-turbo.runtime.dev.js:53:221542)
    at performWork (C:\Transfer\Project 2026\M-Amin Network\node_modules\next\dist\compiled\next-server\app-page-turbo.runtime.dev.js:53:223062)
    at AsyncLocalStorage.run (node:internal/async_local_storage/async_context_frame:63:14)
    at C:\Transfer\Project 2026\M-Amin Network\node_modules\next\dist\compiled\next-server\app-page-turbo.runtime.dev.js:53:226810
    at node:internal/process/task_queues:150:7
    at AsyncResource.runInAsyncScope (node:async_hooks:227:14)
    at AsyncResource.runMicrotask (node:internal/process/task_queues:147:8)

[2026-07-10T20:27:38.165Z] Action: getSetting SELECT, Key: m_amin_system_config
Error: Too many connections
Stack: Error: Too many connections
    at getSetting (C:\Transfer\Project 2026\M-Amin Network\.next\dev\server\chunks\ssr\[root-of-the-server]__15u4bti._.js:266:165)
    at RootLayout (C:\Transfer\Project 2026\M-Amin Network\.next\dev\server\chunks\ssr\[root-of-the-server]__15u4bti._.js:438:169)
    at Object.react_stack_bottom_frame (C:\Transfer\Project 2026\M-Amin Network\node_modules\next\dist\compiled\next-server\app-page-turbo.runtime.dev.js:53:268077)
    at AsyncLocalStorage.run (node:internal/async_local_storage/async_context_frame:63:14)
    at renderFunctionComponent (C:\Transfer\Project 2026\M-Amin Network\node_modules\next\dist\compiled\next-server\app-page-turbo.runtime.dev.js:53:159664)
    at renderElement (C:\Transfer\Project 2026\M-Amin Network\node_modules\next\dist\compiled\next-server\app-page-turbo.runtime.dev.js:53:178263)
    at renderModelDestructive (C:\Transfer\Project 2026\M-Amin Network\node_modules\next\dist\compiled\next-server\app-page-turbo.runtime.dev.js:53:182086)
    at retryTask (C:\Transfer\Project 2026\M-Amin Network\node_modules\next\dist\compiled\next-server\app-page-turbo.runtime.dev.js:53:221052)
    at outlineTask (C:\Transfer\Project 2026\M-Amin Network\node_modules\next\dist\compiled\next-server\app-page-turbo.runtime.dev.js:53:164857)
    at renderFunctionComponent (C:\Transfer\Project 2026\M-Amin Network\node_modules\next\dist\compiled\next-server\app-page-turbo.runtime.dev.js:53:158663)
    at renderElement (C:\Transfer\Project 2026\M-Amin Network\node_modules\next\dist\compiled\next-server\app-page-turbo.runtime.dev.js:53:178263)
    at renderModelDestructive (C:\Transfer\Project 2026\M-Amin Network\node_modules\next\dist\compiled\next-server\app-page-turbo.runtime.dev.js:53:182086)
    at C:\Transfer\Project 2026\M-Amin Network\node_modules\next\dist\compiled\next-server\app-page-turbo.runtime.dev.js:53:170748
    at Array.toJSON (C:\Transfer\Project 2026\M-Amin Network\node_modules\next\dist\compiled\next-server\app-page-turbo.runtime.dev.js:53:172065)
    at stringify (<anonymous>)
    at emitChunk (C:\Transfer\Project 2026\M-Amin Network\node_modules\next\dist\compiled\next-server\app-page-turbo.runtime.dev.js:53:220399)
    at retryTask (C:\Transfer\Project 2026\M-Amin Network\node_modules\next\dist\compiled\next-server\app-page-turbo.runtime.dev.js:53:221542)
    at performWork (C:\Transfer\Project 2026\M-Amin Network\node_modules\next\dist\compiled\next-server\app-page-turbo.runtime.dev.js:53:223062)
    at AsyncLocalStorage.run (node:internal/async_local_storage/async_context_frame:63:14)
    at C:\Transfer\Project 2026\M-Amin Network\node_modules\next\dist\compiled\next-server\app-page-turbo.runtime.dev.js:53:226810
    at node:internal/process/task_queues:150:7
    at AsyncResource.runInAsyncScope (node:async_hooks:227:14)
    at AsyncResource.runMicrotask (node:internal/process/task_queues:147:8)

[2026-07-10T20:27:38.168Z] Action: getSetting, Key: m_amin_system_config
Error: Too many connections
Stack: Error: Too many connections
    at getSetting (C:\Transfer\Project 2026\M-Amin Network\.next\dev\server\chunks\ssr\[root-of-the-server]__15u4bti._.js:266:165)
    at RootLayout (C:\Transfer\Project 2026\M-Amin Network\.next\dev\server\chunks\ssr\[root-of-the-server]__15u4bti._.js:438:169)
    at Object.react_stack_bottom_frame (C:\Transfer\Project 2026\M-Amin Network\node_modules\next\dist\compiled\next-server\app-page-turbo.runtime.dev.js:53:268077)
    at AsyncLocalStorage.run (node:internal/async_local_storage/async_context_frame:63:14)
    at renderFunctionComponent (C:\Transfer\Project 2026\M-Amin Network\node_modules\next\dist\compiled\next-server\app-page-turbo.runtime.dev.js:53:159664)
    at renderElement (C:\Transfer\Project 2026\M-Amin Network\node_modules\next\dist\compiled\next-server\app-page-turbo.runtime.dev.js:53:178263)
    at renderModelDestructive (C:\Transfer\Project 2026\M-Amin Network\node_modules\next\dist\compiled\next-server\app-page-turbo.runtime.dev.js:53:182086)
    at retryTask (C:\Transfer\Project 2026\M-Amin Network\node_modules\next\dist\compiled\next-server\app-page-turbo.runtime.dev.js:53:221052)
    at outlineTask (C:\Transfer\Project 2026\M-Amin Network\node_modules\next\dist\compiled\next-server\app-page-turbo.runtime.dev.js:53:164857)
    at renderFunctionComponent (C:\Transfer\Project 2026\M-Amin Network\node_modules\next\dist\compiled\next-server\app-page-turbo.runtime.dev.js:53:158663)
    at renderElement (C:\Transfer\Project 2026\M-Amin Network\node_modules\next\dist\compiled\next-server\app-page-turbo.runtime.dev.js:53:178263)
    at renderModelDestructive (C:\Transfer\Project 2026\M-Amin Network\node_modules\next\dist\compiled\next-server\app-page-turbo.runtime.dev.js:53:182086)
    at C:\Transfer\Project 2026\M-Amin Network\node_modules\next\dist\compiled\next-server\app-page-turbo.runtime.dev.js:53:170748
    at Array.toJSON (C:\Transfer\Project 2026\M-Amin Network\node_modules\next\dist\compiled\next-server\app-page-turbo.runtime.dev.js:53:172065)
    at stringify (<anonymous>)
    at emitChunk (C:\Transfer\Project 2026\M-Amin Network\node_modules\next\dist\compiled\next-server\app-page-turbo.runtime.dev.js:53:220399)
    at retryTask (C:\Transfer\Project 2026\M-Amin Network\node_modules\next\dist\compiled\next-server\app-page-turbo.runtime.dev.js:53:221542)
    at performWork (C:\Transfer\Project 2026\M-Amin Network\node_modules\next\dist\compiled\next-server\app-page-turbo.runtime.dev.js:53:223062)
    at AsyncLocalStorage.run (node:internal/async_local_storage/async_context_frame:63:14)
    at C:\Transfer\Project 2026\M-Amin Network\node_modules\next\dist\compiled\next-server\app-page-turbo.runtime.dev.js:53:226810
    at node:internal/process/task_queues:150:7
    at AsyncResource.runInAsyncScope (node:async_hooks:227:14)
    at AsyncResource.runMicrotask (node:internal/process/task_queues:147:8)

[2026-07-10T20:27:38.170Z] Action: getSetting SELECT, Key: m_amin_system_config
Error: Too many connections
Stack: Error: Too many connections
    at getSetting (C:\Transfer\Project 2026\M-Amin Network\.next\dev\server\chunks\ssr\[root-of-the-server]__15u4bti._.js:266:165)
    at RootLayout (C:\Transfer\Project 2026\M-Amin Network\.next\dev\server\chunks\ssr\[root-of-the-server]__15u4bti._.js:438:169)
    at Object.react_stack_bottom_frame (C:\Transfer\Project 2026\M-Amin Network\node_modules\next\dist\compiled\next-server\app-page-turbo.runtime.dev.js:53:268077)
    at AsyncLocalStorage.run (node:internal/async_local_storage/async_context_frame:63:14)
    at renderFunctionComponent (C:\Transfer\Project 2026\M-Amin Network\node_modules\next\dist\compiled\next-server\app-page-turbo.runtime.dev.js:53:159664)
    at renderElement (C:\Transfer\Project 2026\M-Amin Network\node_modules\next\dist\compiled\next-server\app-page-turbo.runtime.dev.js:53:178263)
    at renderModelDestructive (C:\Transfer\Project 2026\M-Amin Network\node_modules\next\dist\compiled\next-server\app-page-turbo.runtime.dev.js:53:182086)
    at retryTask (C:\Transfer\Project 2026\M-Amin Network\node_modules\next\dist\compiled\next-server\app-page-turbo.runtime.dev.js:53:221052)
    at outlineTask (C:\Transfer\Project 2026\M-Amin Network\node_modules\next\dist\compiled\next-server\app-page-turbo.runtime.dev.js:53:164857)
    at renderFunctionComponent (C:\Transfer\Project 2026\M-Amin Network\node_modules\next\dist\compiled\next-server\app-page-turbo.runtime.dev.js:53:158663)
    at renderElement (C:\Transfer\Project 2026\M-Amin Network\node_modules\next\dist\compiled\next-server\app-page-turbo.runtime.dev.js:53:178263)
    at renderModelDestructive (C:\Transfer\Project 2026\M-Amin Network\node_modules\next\dist\compiled\next-server\app-page-turbo.runtime.dev.js:53:182086)
    at C:\Transfer\Project 2026\M-Amin Network\node_modules\next\dist\compiled\next-server\app-page-turbo.runtime.dev.js:53:170748
    at Array.toJSON (C:\Transfer\Project 2026\M-Amin Network\node_modules\next\dist\compiled\next-server\app-page-turbo.runtime.dev.js:53:172065)
    at stringify (<anonymous>)
    at emitChunk (C:\Transfer\Project 2026\M-Amin Network\node_modules\next\dist\compiled\next-server\app-page-turbo.runtime.dev.js:53:220399)
    at retryTask (C:\Transfer\Project 2026\M-Amin Network\node_modules\next\dist\compiled\next-server\app-page-turbo.runtime.dev.js:53:221542)
    at performWork (C:\Transfer\Project 2026\M-Amin Network\node_modules\next\dist\compiled\next-server\app-page-turbo.runtime.dev.js:53:223062)
    at AsyncLocalStorage.run (node:internal/async_local_storage/async_context_frame:63:14)
    at C:\Transfer\Project 2026\M-Amin Network\node_modules\next\dist\compiled\next-server\app-page-turbo.runtime.dev.js:53:226810
    at node:internal/process/task_queues:150:7
    at AsyncResource.runInAsyncScope (node:async_hooks:227:14)
    at AsyncResource.runMicrotask (node:internal/process/task_queues:147:8)

[2026-07-10T20:27:38.171Z] Action: getSetting, Key: m_amin_system_config
Error: Too many connections
Stack: Error: Too many connections
    at getSetting (C:\Transfer\Project 2026\M-Amin Network\.next\dev\server\chunks\ssr\[root-of-the-server]__15u4bti._.js:266:165)
    at RootLayout (C:\Transfer\Project 2026\M-Amin Network\.next\dev\server\chunks\ssr\[root-of-the-server]__15u4bti._.js:438:169)
    at Object.react_stack_bottom_frame (C:\Transfer\Project 2026\M-Amin Network\node_modules\next\dist\compiled\next-server\app-page-turbo.runtime.dev.js:53:268077)
    at AsyncLocalStorage.run (node:internal/async_local_storage/async_context_frame:63:14)
    at renderFunctionComponent (C:\Transfer\Project 2026\M-Amin Network\node_modules\next\dist\compiled\next-server\app-page-turbo.runtime.dev.js:53:159664)
    at renderElement (C:\Transfer\Project 2026\M-Amin Network\node_modules\next\dist\compiled\next-server\app-page-turbo.runtime.dev.js:53:178263)
    at renderModelDestructive (C:\Transfer\Project 2026\M-Amin Network\node_modules\next\dist\compiled\next-server\app-page-turbo.runtime.dev.js:53:182086)
    at retryTask (C:\Transfer\Project 2026\M-Amin Network\node_modules\next\dist\compiled\next-server\app-page-turbo.runtime.dev.js:53:221052)
    at outlineTask (C:\Transfer\Project 2026\M-Amin Network\node_modules\next\dist\compiled\next-server\app-page-turbo.runtime.dev.js:53:164857)
    at renderFunctionComponent (C:\Transfer\Project 2026\M-Amin Network\node_modules\next\dist\compiled\next-server\app-page-turbo.runtime.dev.js:53:158663)
    at renderElement (C:\Transfer\Project 2026\M-Amin Network\node_modules\next\dist\compiled\next-server\app-page-turbo.runtime.dev.js:53:178263)
    at renderModelDestructive (C:\Transfer\Project 2026\M-Amin Network\node_modules\next\dist\compiled\next-server\app-page-turbo.runtime.dev.js:53:182086)
    at C:\Transfer\Project 2026\M-Amin Network\node_modules\next\dist\compiled\next-server\app-page-turbo.runtime.dev.js:53:170748
    at Array.toJSON (C:\Transfer\Project 2026\M-Amin Network\node_modules\next\dist\compiled\next-server\app-page-turbo.runtime.dev.js:53:172065)
    at stringify (<anonymous>)
    at emitChunk (C:\Transfer\Project 2026\M-Amin Network\node_modules\next\dist\compiled\next-server\app-page-turbo.runtime.dev.js:53:220399)
    at retryTask (C:\Transfer\Project 2026\M-Amin Network\node_modules\next\dist\compiled\next-server\app-page-turbo.runtime.dev.js:53:221542)
    at performWork (C:\Transfer\Project 2026\M-Amin Network\node_modules\next\dist\compiled\next-server\app-page-turbo.runtime.dev.js:53:223062)
    at AsyncLocalStorage.run (node:internal/async_local_storage/async_context_frame:63:14)
    at C:\Transfer\Project 2026\M-Amin Network\node_modules\next\dist\compiled\next-server\app-page-turbo.runtime.dev.js:53:226810
    at node:internal/process/task_queues:150:7
    at AsyncResource.runInAsyncScope (node:async_hooks:227:14)
    at AsyncResource.runMicrotask (node:internal/process/task_queues:147:8)

[2026-07-10T20:27:38.172Z] Action: getSetting SELECT, Key: m_amin_system_config
Error: Too many connections
Stack: Error: Too many connections
    at getSetting (C:\Transfer\Project 2026\M-Amin Network\.next\dev\server\chunks\ssr\[root-of-the-server]__15u4bti._.js:266:165)
    at RootLayout (C:\Transfer\Project 2026\M-Amin Network\.next\dev\server\chunks\ssr\[root-of-the-server]__15u4bti._.js:438:169)
    at Object.react_stack_bottom_frame (C:\Transfer\Project 2026\M-Amin Network\node_modules\next\dist\compiled\next-server\app-page-turbo.runtime.dev.js:53:268077)
    at AsyncLocalStorage.run (node:internal/async_local_storage/async_context_frame:63:14)
    at renderFunctionComponent (C:\Transfer\Project 2026\M-Amin Network\node_modules\next\dist\compiled\next-server\app-page-turbo.runtime.dev.js:53:159664)
    at renderElement (C:\Transfer\Project 2026\M-Amin Network\node_modules\next\dist\compiled\next-server\app-page-turbo.runtime.dev.js:53:178263)
    at renderModelDestructive (C:\Transfer\Project 2026\M-Amin Network\node_modules\next\dist\compiled\next-server\app-page-turbo.runtime.dev.js:53:182086)
    at retryTask (C:\Transfer\Project 2026\M-Amin Network\node_modules\next\dist\compiled\next-server\app-page-turbo.runtime.dev.js:53:221052)
    at outlineTask (C:\Transfer\Project 2026\M-Amin Network\node_modules\next\dist\compiled\next-server\app-page-turbo.runtime.dev.js:53:164857)
    at renderFunctionComponent (C:\Transfer\Project 2026\M-Amin Network\node_modules\next\dist\compiled\next-server\app-page-turbo.runtime.dev.js:53:158663)
    at renderElement (C:\Transfer\Project 2026\M-Amin Network\node_modules\next\dist\compiled\next-server\app-page-turbo.runtime.dev.js:53:178263)
    at renderModelDestructive (C:\Transfer\Project 2026\M-Amin Network\node_modules\next\dist\compiled\next-server\app-page-turbo.runtime.dev.js:53:182086)
    at C:\Transfer\Project 2026\M-Amin Network\node_modules\next\dist\compiled\next-server\app-page-turbo.runtime.dev.js:53:170748
    at Array.toJSON (C:\Transfer\Project 2026\M-Amin Network\node_modules\next\dist\compiled\next-server\app-page-turbo.runtime.dev.js:53:172065)
    at stringify (<anonymous>)
    at emitChunk (C:\Transfer\Project 2026\M-Amin Network\node_modules\next\dist\compiled\next-server\app-page-turbo.runtime.dev.js:53:220399)
    at retryTask (C:\Transfer\Project 2026\M-Amin Network\node_modules\next\dist\compiled\next-server\app-page-turbo.runtime.dev.js:53:221542)
    at performWork (C:\Transfer\Project 2026\M-Amin Network\node_modules\next\dist\compiled\next-server\app-page-turbo.runtime.dev.js:53:223062)
    at AsyncLocalStorage.run (node:internal/async_local_storage/async_context_frame:63:14)
    at C:\Transfer\Project 2026\M-Amin Network\node_modules\next\dist\compiled\next-server\app-page-turbo.runtime.dev.js:53:226810
    at node:internal/process/task_queues:150:7
    at AsyncResource.runInAsyncScope (node:async_hooks:227:14)
    at AsyncResource.runMicrotask (node:internal/process/task_queues:147:8)

[2026-07-10T20:27:38.173Z] Action: getSetting, Key: m_amin_system_config
Error: Too many connections
Stack: Error: Too many connections
    at getSetting (C:\Transfer\Project 2026\M-Amin Network\.next\dev\server\chunks\ssr\[root-of-the-server]__15u4bti._.js:266:165)
    at RootLayout (C:\Transfer\Project 2026\M-Amin Network\.next\dev\server\chunks\ssr\[root-of-the-server]__15u4bti._.js:438:169)
    at Object.react_stack_bottom_frame (C:\Transfer\Project 2026\M-Amin Network\node_modules\next\dist\compiled\next-server\app-page-turbo.runtime.dev.js:53:268077)
    at AsyncLocalStorage.run (node:internal/async_local_storage/async_context_frame:63:14)
    at renderFunctionComponent (C:\Transfer\Project 2026\M-Amin Network\node_modules\next\dist\compiled\next-server\app-page-turbo.runtime.dev.js:53:159664)
    at renderElement (C:\Transfer\Project 2026\M-Amin Network\node_modules\next\dist\compiled\next-server\app-page-turbo.runtime.dev.js:53:178263)
    at renderModelDestructive (C:\Transfer\Project 2026\M-Amin Network\node_modules\next\dist\compiled\next-server\app-page-turbo.runtime.dev.js:53:182086)
    at retryTask (C:\Transfer\Project 2026\M-Amin Network\node_modules\next\dist\compiled\next-server\app-page-turbo.runtime.dev.js:53:221052)
    at outlineTask (C:\Transfer\Project 2026\M-Amin Network\node_modules\next\dist\compiled\next-server\app-page-turbo.runtime.dev.js:53:164857)
    at renderFunctionComponent (C:\Transfer\Project 2026\M-Amin Network\node_modules\next\dist\compiled\next-server\app-page-turbo.runtime.dev.js:53:158663)
    at renderElement (C:\Transfer\Project 2026\M-Amin Network\node_modules\next\dist\compiled\next-server\app-page-turbo.runtime.dev.js:53:178263)
    at renderModelDestructive (C:\Transfer\Project 2026\M-Amin Network\node_modules\next\dist\compiled\next-server\app-page-turbo.runtime.dev.js:53:182086)
    at C:\Transfer\Project 2026\M-Amin Network\node_modules\next\dist\compiled\next-server\app-page-turbo.runtime.dev.js:53:170748
    at Array.toJSON (C:\Transfer\Project 2026\M-Amin Network\node_modules\next\dist\compiled\next-server\app-page-turbo.runtime.dev.js:53:172065)
    at stringify (<anonymous>)
    at emitChunk (C:\Transfer\Project 2026\M-Amin Network\node_modules\next\dist\compiled\next-server\app-page-turbo.runtime.dev.js:53:220399)
    at retryTask (C:\Transfer\Project 2026\M-Amin Network\node_modules\next\dist\compiled\next-server\app-page-turbo.runtime.dev.js:53:221542)
    at performWork (C:\Transfer\Project 2026\M-Amin Network\node_modules\next\dist\compiled\next-server\app-page-turbo.runtime.dev.js:53:223062)
    at AsyncLocalStorage.run (node:internal/async_local_storage/async_context_frame:63:14)
    at C:\Transfer\Project 2026\M-Amin Network\node_modules\next\dist\compiled\next-server\app-page-turbo.runtime.dev.js:53:226810
    at node:internal/process/task_queues:150:7
    at AsyncResource.runInAsyncScope (node:async_hooks:227:14)
    at AsyncResource.runMicrotask (node:internal/process/task_queues:147:8)

[2026-07-10T20:27:38.185Z] Action: getSetting SELECT, Key: m_amin_tickets
Error: Too many connections
Stack: Error: Too many connections
    at getSetting (C:\Transfer\Project 2026\M-Amin Network\.next\dev\server\chunks\ssr\[root-of-the-server]__15u4bti._.js:262:175)
    at process.processTicksAndRejections (node:internal/process/task_queues:104:5)
    at async executeActionAndPrepareForRender (C:\Transfer\Project 2026\M-Amin Network\node_modules\next\dist\compiled\next-server\app-page-turbo.runtime.dev.js:64:5248)
    at async C:\Transfer\Project 2026\M-Amin Network\node_modules\next\dist\compiled\next-server\app-page-turbo.runtime.dev.js:64:1986
    at async handleAction (C:\Transfer\Project 2026\M-Amin Network\node_modules\next\dist\compiled\next-server\app-page-turbo.runtime.dev.js:62:25687)
    at async renderToHTMLOrFlightImpl (C:\Transfer\Project 2026\M-Amin Network\node_modules\next\dist\compiled\next-server\app-page-turbo.runtime.dev.js:69:55695)
    at async doRender (C:\Transfer\Project 2026\M-Amin Network\.next\dev\server\chunks\ssr\node_modules_09pzfak._.js:5200:28)
    at async AppPageRouteModule.handleResponse (C:\Transfer\Project 2026\M-Amin Network\node_modules\next\dist\compiled\next-server\app-page-turbo.runtime.dev.js:71:66429)
    at async handleResponse (C:\Transfer\Project 2026\M-Amin Network\.next\dev\server\chunks\ssr\node_modules_09pzfak._.js:5511:32)
    at async Module.handler (C:\Transfer\Project 2026\M-Amin Network\.next\dev\server\chunks\ssr\node_modules_09pzfak._.js:5917:20)
    at async DevServer.renderToResponseWithComponentsImpl (C:\Transfer\Project 2026\M-Amin Network\node_modules\next\dist\server\base-server.js:1462:9)
    at async DevServer.renderPageComponent (C:\Transfer\Project 2026\M-Amin Network\node_modules\next\dist\server\base-server.js:1514:24)
    at async DevServer.renderToResponseImpl (C:\Transfer\Project 2026\M-Amin Network\node_modules\next\dist\server\base-server.js:1564:32)
    at async DevServer.pipeImpl (C:\Transfer\Project 2026\M-Amin Network\node_modules\next\dist\server\base-server.js:1044:25)
    at async NextNodeServer.handleCatchallRenderRequest (C:\Transfer\Project 2026\M-Amin Network\node_modules\next\dist\server\next-server.js:338:17)
    at async DevServer.handleRequestImpl (C:\Transfer\Project 2026\M-Amin Network\node_modules\next\dist\server\base-server.js:935:17)
    at async C:\Transfer\Project 2026\M-Amin Network\node_modules\next\dist\server\dev\next-dev-server.js:394:20
    at async Span.traceAsyncFn (C:\Transfer\Project 2026\M-Amin Network\node_modules\next\dist\trace\trace.js:164:20)
    at async DevServer.handleRequest (C:\Transfer\Project 2026\M-Amin Network\node_modules\next\dist\server\dev\next-dev-server.js:390:24)
    at async invokeRender (C:\Transfer\Project 2026\M-Amin Network\node_modules\next\dist\server\lib\router-server.js:266:21)
    at async handleRequest (C:\Transfer\Project 2026\M-Amin Network\node_modules\next\dist\server\lib\router-server.js:465:24)
    at async requestHandlerImpl (C:\Transfer\Project 2026\M-Amin Network\node_modules\next\dist\server\lib\router-server.js:514:13)
    at async Server.requestListener (C:\Transfer\Project 2026\M-Amin Network\node_modules\next\dist\server\lib\start-server.js:225:13)

[2026-07-10T20:27:38.486Z] Action: getSetting, Key: m_amin_tickets
Error: Too many connections
Stack: Error: Too many connections
    at getSetting (C:\Transfer\Project 2026\M-Amin Network\.next\dev\server\chunks\ssr\[root-of-the-server]__15u4bti._.js:262:175)
    at process.processTicksAndRejections (node:internal/process/task_queues:104:5)
    at async executeActionAndPrepareForRender (C:\Transfer\Project 2026\M-Amin Network\node_modules\next\dist\compiled\next-server\app-page-turbo.runtime.dev.js:64:5248)
    at async C:\Transfer\Project 2026\M-Amin Network\node_modules\next\dist\compiled\next-server\app-page-turbo.runtime.dev.js:64:1986
    at async handleAction (C:\Transfer\Project 2026\M-Amin Network\node_modules\next\dist\compiled\next-server\app-page-turbo.runtime.dev.js:62:25687)
    at async renderToHTMLOrFlightImpl (C:\Transfer\Project 2026\M-Amin Network\node_modules\next\dist\compiled\next-server\app-page-turbo.runtime.dev.js:69:55695)
    at async doRender (C:\Transfer\Project 2026\M-Amin Network\.next\dev\server\chunks\ssr\node_modules_09pzfak._.js:5200:28)
    at async AppPageRouteModule.handleResponse (C:\Transfer\Project 2026\M-Amin Network\node_modules\next\dist\compiled\next-server\app-page-turbo.runtime.dev.js:71:66429)
    at async handleResponse (C:\Transfer\Project 2026\M-Amin Network\.next\dev\server\chunks\ssr\node_modules_09pzfak._.js:5511:32)
    at async Module.handler (C:\Transfer\Project 2026\M-Amin Network\.next\dev\server\chunks\ssr\node_modules_09pzfak._.js:5917:20)
    at async DevServer.renderToResponseWithComponentsImpl (C:\Transfer\Project 2026\M-Amin Network\node_modules\next\dist\server\base-server.js:1462:9)
    at async DevServer.renderPageComponent (C:\Transfer\Project 2026\M-Amin Network\node_modules\next\dist\server\base-server.js:1514:24)
    at async DevServer.renderToResponseImpl (C:\Transfer\Project 2026\M-Amin Network\node_modules\next\dist\server\base-server.js:1564:32)
    at async DevServer.pipeImpl (C:\Transfer\Project 2026\M-Amin Network\node_modules\next\dist\server\base-server.js:1044:25)
    at async NextNodeServer.handleCatchallRenderRequest (C:\Transfer\Project 2026\M-Amin Network\node_modules\next\dist\server\next-server.js:338:17)
    at async DevServer.handleRequestImpl (C:\Transfer\Project 2026\M-Amin Network\node_modules\next\dist\server\base-server.js:935:17)
    at async C:\Transfer\Project 2026\M-Amin Network\node_modules\next\dist\server\dev\next-dev-server.js:394:20
    at async Span.traceAsyncFn (C:\Transfer\Project 2026\M-Amin Network\node_modules\next\dist\trace\trace.js:164:20)
    at async DevServer.handleRequest (C:\Transfer\Project 2026\M-Amin Network\node_modules\next\dist\server\dev\next-dev-server.js:390:24)
    at async invokeRender (C:\Transfer\Project 2026\M-Amin Network\node_modules\next\dist\server\lib\router-server.js:266:21)
    at async handleRequest (C:\Transfer\Project 2026\M-Amin Network\node_modules\next\dist\server\lib\router-server.js:465:24)
    at async requestHandlerImpl (C:\Transfer\Project 2026\M-Amin Network\node_modules\next\dist\server\lib\router-server.js:514:13)
    at async Server.requestListener (C:\Transfer\Project 2026\M-Amin Network\node_modules\next\dist\server\lib\start-server.js:225:13)

[2026-07-10T20:27:38.549Z] Action: getSetting SELECT, Key: m_amin_payments
Error: Too many connections
Stack: Error: Too many connections
    at getSetting (C:\Transfer\Project 2026\M-Amin Network\.next\dev\server\chunks\ssr\[root-of-the-server]__15u4bti._.js:262:175)
    at process.processTicksAndRejections (node:internal/process/task_queues:104:5)
    at async executeActionAndPrepareForRender (C:\Transfer\Project 2026\M-Amin Network\node_modules\next\dist\compiled\next-server\app-page-turbo.runtime.dev.js:64:5248)
    at async C:\Transfer\Project 2026\M-Amin Network\node_modules\next\dist\compiled\next-server\app-page-turbo.runtime.dev.js:64:1986
    at async handleAction (C:\Transfer\Project 2026\M-Amin Network\node_modules\next\dist\compiled\next-server\app-page-turbo.runtime.dev.js:62:25687)
    at async renderToHTMLOrFlightImpl (C:\Transfer\Project 2026\M-Amin Network\node_modules\next\dist\compiled\next-server\app-page-turbo.runtime.dev.js:69:55695)
    at async doRender (C:\Transfer\Project 2026\M-Amin Network\.next\dev\server\chunks\ssr\node_modules_09pzfak._.js:5200:28)
    at async AppPageRouteModule.handleResponse (C:\Transfer\Project 2026\M-Amin Network\node_modules\next\dist\compiled\next-server\app-page-turbo.runtime.dev.js:71:66429)
    at async handleResponse (C:\Transfer\Project 2026\M-Amin Network\.next\dev\server\chunks\ssr\node_modules_09pzfak._.js:5511:32)
    at async Module.handler (C:\Transfer\Project 2026\M-Amin Network\.next\dev\server\chunks\ssr\node_modules_09pzfak._.js:5917:20)
    at async DevServer.renderToResponseWithComponentsImpl (C:\Transfer\Project 2026\M-Amin Network\node_modules\next\dist\server\base-server.js:1462:9)
    at async DevServer.renderPageComponent (C:\Transfer\Project 2026\M-Amin Network\node_modules\next\dist\server\base-server.js:1514:24)
    at async DevServer.renderToResponseImpl (C:\Transfer\Project 2026\M-Amin Network\node_modules\next\dist\server\base-server.js:1564:32)
    at async DevServer.pipeImpl (C:\Transfer\Project 2026\M-Amin Network\node_modules\next\dist\server\base-server.js:1044:25)
    at async NextNodeServer.handleCatchallRenderRequest (C:\Transfer\Project 2026\M-Amin Network\node_modules\next\dist\server\next-server.js:338:17)
    at async DevServer.handleRequestImpl (C:\Transfer\Project 2026\M-Amin Network\node_modules\next\dist\server\base-server.js:935:17)
    at async C:\Transfer\Project 2026\M-Amin Network\node_modules\next\dist\server\dev\next-dev-server.js:394:20
    at async Span.traceAsyncFn (C:\Transfer\Project 2026\M-Amin Network\node_modules\next\dist\trace\trace.js:164:20)
    at async DevServer.handleRequest (C:\Transfer\Project 2026\M-Amin Network\node_modules\next\dist\server\dev\next-dev-server.js:390:24)
    at async invokeRender (C:\Transfer\Project 2026\M-Amin Network\node_modules\next\dist\server\lib\router-server.js:266:21)
    at async handleRequest (C:\Transfer\Project 2026\M-Amin Network\node_modules\next\dist\server\lib\router-server.js:465:24)
    at async requestHandlerImpl (C:\Transfer\Project 2026\M-Amin Network\node_modules\next\dist\server\lib\router-server.js:514:13)
    at async Server.requestListener (C:\Transfer\Project 2026\M-Amin Network\node_modules\next\dist\server\lib\start-server.js:225:13)

[2026-07-10T20:27:38.821Z] Action: getSetting, Key: m_amin_payments
Error: Too many connections
Stack: Error: Too many connections
    at getSetting (C:\Transfer\Project 2026\M-Amin Network\.next\dev\server\chunks\ssr\[root-of-the-server]__15u4bti._.js:262:175)
    at process.processTicksAndRejections (node:internal/process/task_queues:104:5)
    at async executeActionAndPrepareForRender (C:\Transfer\Project 2026\M-Amin Network\node_modules\next\dist\compiled\next-server\app-page-turbo.runtime.dev.js:64:5248)
    at async C:\Transfer\Project 2026\M-Amin Network\node_modules\next\dist\compiled\next-server\app-page-turbo.runtime.dev.js:64:1986
    at async handleAction (C:\Transfer\Project 2026\M-Amin Network\node_modules\next\dist\compiled\next-server\app-page-turbo.runtime.dev.js:62:25687)
    at async renderToHTMLOrFlightImpl (C:\Transfer\Project 2026\M-Amin Network\node_modules\next\dist\compiled\next-server\app-page-turbo.runtime.dev.js:69:55695)
    at async doRender (C:\Transfer\Project 2026\M-Amin Network\.next\dev\server\chunks\ssr\node_modules_09pzfak._.js:5200:28)
    at async AppPageRouteModule.handleResponse (C:\Transfer\Project 2026\M-Amin Network\node_modules\next\dist\compiled\next-server\app-page-turbo.runtime.dev.js:71:66429)
    at async handleResponse (C:\Transfer\Project 2026\M-Amin Network\.next\dev\server\chunks\ssr\node_modules_09pzfak._.js:5511:32)
    at async Module.handler (C:\Transfer\Project 2026\M-Amin Network\.next\dev\server\chunks\ssr\node_modules_09pzfak._.js:5917:20)
    at async DevServer.renderToResponseWithComponentsImpl (C:\Transfer\Project 2026\M-Amin Network\node_modules\next\dist\server\base-server.js:1462:9)
    at async DevServer.renderPageComponent (C:\Transfer\Project 2026\M-Amin Network\node_modules\next\dist\server\base-server.js:1514:24)
    at async DevServer.renderToResponseImpl (C:\Transfer\Project 2026\M-Amin Network\node_modules\next\dist\server\base-server.js:1564:32)
    at async DevServer.pipeImpl (C:\Transfer\Project 2026\M-Amin Network\node_modules\next\dist\server\base-server.js:1044:25)
    at async NextNodeServer.handleCatchallRenderRequest (C:\Transfer\Project 2026\M-Amin Network\node_modules\next\dist\server\next-server.js:338:17)
    at async DevServer.handleRequestImpl (C:\Transfer\Project 2026\M-Amin Network\node_modules\next\dist\server\base-server.js:935:17)
    at async C:\Transfer\Project 2026\M-Amin Network\node_modules\next\dist\server\dev\next-dev-server.js:394:20
    at async Span.traceAsyncFn (C:\Transfer\Project 2026\M-Amin Network\node_modules\next\dist\trace\trace.js:164:20)
    at async DevServer.handleRequest (C:\Transfer\Project 2026\M-Amin Network\node_modules\next\dist\server\dev\next-dev-server.js:390:24)
    at async invokeRender (C:\Transfer\Project 2026\M-Amin Network\node_modules\next\dist\server\lib\router-server.js:266:21)
    at async handleRequest (C:\Transfer\Project 2026\M-Amin Network\node_modules\next\dist\server\lib\router-server.js:465:24)
    at async requestHandlerImpl (C:\Transfer\Project 2026\M-Amin Network\node_modules\next\dist\server\lib\router-server.js:514:13)
    at async Server.requestListener (C:\Transfer\Project 2026\M-Amin Network\node_modules\next\dist\server\lib\start-server.js:225:13)

[2026-07-10T20:27:38.914Z] Action: getSetting SELECT, Key: m_amin_contact_submissions
Error: Too many connections
Stack: Error: Too many connections
    at getSetting (C:\Transfer\Project 2026\M-Amin Network\.next\dev\server\chunks\ssr\[root-of-the-server]__15u4bti._.js:262:175)
    at process.processTicksAndRejections (node:internal/process/task_queues:104:5)
    at async executeActionAndPrepareForRender (C:\Transfer\Project 2026\M-Amin Network\node_modules\next\dist\compiled\next-server\app-page-turbo.runtime.dev.js:64:5248)
    at async C:\Transfer\Project 2026\M-Amin Network\node_modules\next\dist\compiled\next-server\app-page-turbo.runtime.dev.js:64:1986
    at async handleAction (C:\Transfer\Project 2026\M-Amin Network\node_modules\next\dist\compiled\next-server\app-page-turbo.runtime.dev.js:62:25687)
    at async renderToHTMLOrFlightImpl (C:\Transfer\Project 2026\M-Amin Network\node_modules\next\dist\compiled\next-server\app-page-turbo.runtime.dev.js:69:55695)
    at async doRender (C:\Transfer\Project 2026\M-Amin Network\.next\dev\server\chunks\ssr\node_modules_09pzfak._.js:5200:28)
    at async AppPageRouteModule.handleResponse (C:\Transfer\Project 2026\M-Amin Network\node_modules\next\dist\compiled\next-server\app-page-turbo.runtime.dev.js:71:66429)
    at async handleResponse (C:\Transfer\Project 2026\M-Amin Network\.next\dev\server\chunks\ssr\node_modules_09pzfak._.js:5511:32)
    at async Module.handler (C:\Transfer\Project 2026\M-Amin Network\.next\dev\server\chunks\ssr\node_modules_09pzfak._.js:5917:20)
    at async DevServer.renderToResponseWithComponentsImpl (C:\Transfer\Project 2026\M-Amin Network\node_modules\next\dist\server\base-server.js:1462:9)
    at async DevServer.renderPageComponent (C:\Transfer\Project 2026\M-Amin Network\node_modules\next\dist\server\base-server.js:1514:24)
    at async DevServer.renderToResponseImpl (C:\Transfer\Project 2026\M-Amin Network\node_modules\next\dist\server\base-server.js:1564:32)
    at async DevServer.pipeImpl (C:\Transfer\Project 2026\M-Amin Network\node_modules\next\dist\server\base-server.js:1044:25)
    at async NextNodeServer.handleCatchallRenderRequest (C:\Transfer\Project 2026\M-Amin Network\node_modules\next\dist\server\next-server.js:338:17)
    at async DevServer.handleRequestImpl (C:\Transfer\Project 2026\M-Amin Network\node_modules\next\dist\server\base-server.js:935:17)
    at async C:\Transfer\Project 2026\M-Amin Network\node_modules\next\dist\server\dev\next-dev-server.js:394:20
    at async Span.traceAsyncFn (C:\Transfer\Project 2026\M-Amin Network\node_modules\next\dist\trace\trace.js:164:20)
    at async DevServer.handleRequest (C:\Transfer\Project 2026\M-Amin Network\node_modules\next\dist\server\dev\next-dev-server.js:390:24)
    at async invokeRender (C:\Transfer\Project 2026\M-Amin Network\node_modules\next\dist\server\lib\router-server.js:266:21)
    at async handleRequest (C:\Transfer\Project 2026\M-Amin Network\node_modules\next\dist\server\lib\router-server.js:465:24)
    at async requestHandlerImpl (C:\Transfer\Project 2026\M-Amin Network\node_modules\next\dist\server\lib\router-server.js:514:13)
    at async Server.requestListener (C:\Transfer\Project 2026\M-Amin Network\node_modules\next\dist\server\lib\start-server.js:225:13)

[2026-07-10T20:27:39.149Z] Action: getSetting, Key: m_amin_contact_submissions
Error: Too many connections
Stack: Error: Too many connections
    at getSetting (C:\Transfer\Project 2026\M-Amin Network\.next\dev\server\chunks\ssr\[root-of-the-server]__15u4bti._.js:262:175)
    at process.processTicksAndRejections (node:internal/process/task_queues:104:5)
    at async executeActionAndPrepareForRender (C:\Transfer\Project 2026\M-Amin Network\node_modules\next\dist\compiled\next-server\app-page-turbo.runtime.dev.js:64:5248)
    at async C:\Transfer\Project 2026\M-Amin Network\node_modules\next\dist\compiled\next-server\app-page-turbo.runtime.dev.js:64:1986
    at async handleAction (C:\Transfer\Project 2026\M-Amin Network\node_modules\next\dist\compiled\next-server\app-page-turbo.runtime.dev.js:62:25687)
    at async renderToHTMLOrFlightImpl (C:\Transfer\Project 2026\M-Amin Network\node_modules\next\dist\compiled\next-server\app-page-turbo.runtime.dev.js:69:55695)
    at async doRender (C:\Transfer\Project 2026\M-Amin Network\.next\dev\server\chunks\ssr\node_modules_09pzfak._.js:5200:28)
    at async AppPageRouteModule.handleResponse (C:\Transfer\Project 2026\M-Amin Network\node_modules\next\dist\compiled\next-server\app-page-turbo.runtime.dev.js:71:66429)
    at async handleResponse (C:\Transfer\Project 2026\M-Amin Network\.next\dev\server\chunks\ssr\node_modules_09pzfak._.js:5511:32)
    at async Module.handler (C:\Transfer\Project 2026\M-Amin Network\.next\dev\server\chunks\ssr\node_modules_09pzfak._.js:5917:20)
    at async DevServer.renderToResponseWithComponentsImpl (C:\Transfer\Project 2026\M-Amin Network\node_modules\next\dist\server\base-server.js:1462:9)
    at async DevServer.renderPageComponent (C:\Transfer\Project 2026\M-Amin Network\node_modules\next\dist\server\base-server.js:1514:24)
    at async DevServer.renderToResponseImpl (C:\Transfer\Project 2026\M-Amin Network\node_modules\next\dist\server\base-server.js:1564:32)
    at async DevServer.pipeImpl (C:\Transfer\Project 2026\M-Amin Network\node_modules\next\dist\server\base-server.js:1044:25)
    at async NextNodeServer.handleCatchallRenderRequest (C:\Transfer\Project 2026\M-Amin Network\node_modules\next\dist\server\next-server.js:338:17)
    at async DevServer.handleRequestImpl (C:\Transfer\Project 2026\M-Amin Network\node_modules\next\dist\server\base-server.js:935:17)
    at async C:\Transfer\Project 2026\M-Amin Network\node_modules\next\dist\server\dev\next-dev-server.js:394:20
    at async Span.traceAsyncFn (C:\Transfer\Project 2026\M-Amin Network\node_modules\next\dist\trace\trace.js:164:20)
    at async DevServer.handleRequest (C:\Transfer\Project 2026\M-Amin Network\node_modules\next\dist\server\dev\next-dev-server.js:390:24)
    at async invokeRender (C:\Transfer\Project 2026\M-Amin Network\node_modules\next\dist\server\lib\router-server.js:266:21)
    at async handleRequest (C:\Transfer\Project 2026\M-Amin Network\node_modules\next\dist\server\lib\router-server.js:465:24)
    at async requestHandlerImpl (C:\Transfer\Project 2026\M-Amin Network\node_modules\next\dist\server\lib\router-server.js:514:13)
    at async Server.requestListener (C:\Transfer\Project 2026\M-Amin Network\node_modules\next\dist\server\lib\start-server.js:225:13)

[2026-07-10T20:27:39.230Z] Action: getSetting SELECT, Key: m_amin_jobs
Error: Too many connections
Stack: Error: Too many connections
    at getSetting (C:\Transfer\Project 2026\M-Amin Network\.next\dev\server\chunks\ssr\[root-of-the-server]__15u4bti._.js:262:175)
    at process.processTicksAndRejections (node:internal/process/task_queues:104:5)
    at async executeActionAndPrepareForRender (C:\Transfer\Project 2026\M-Amin Network\node_modules\next\dist\compiled\next-server\app-page-turbo.runtime.dev.js:64:5248)
    at async C:\Transfer\Project 2026\M-Amin Network\node_modules\next\dist\compiled\next-server\app-page-turbo.runtime.dev.js:64:1986
    at async handleAction (C:\Transfer\Project 2026\M-Amin Network\node_modules\next\dist\compiled\next-server\app-page-turbo.runtime.dev.js:62:25687)
    at async renderToHTMLOrFlightImpl (C:\Transfer\Project 2026\M-Amin Network\node_modules\next\dist\compiled\next-server\app-page-turbo.runtime.dev.js:69:55695)
    at async doRender (C:\Transfer\Project 2026\M-Amin Network\.next\dev\server\chunks\ssr\node_modules_09pzfak._.js:5200:28)
    at async AppPageRouteModule.handleResponse (C:\Transfer\Project 2026\M-Amin Network\node_modules\next\dist\compiled\next-server\app-page-turbo.runtime.dev.js:71:66429)
    at async handleResponse (C:\Transfer\Project 2026\M-Amin Network\.next\dev\server\chunks\ssr\node_modules_09pzfak._.js:5511:32)
    at async Module.handler (C:\Transfer\Project 2026\M-Amin Network\.next\dev\server\chunks\ssr\node_modules_09pzfak._.js:5917:20)
    at async DevServer.renderToResponseWithComponentsImpl (C:\Transfer\Project 2026\M-Amin Network\node_modules\next\dist\server\base-server.js:1462:9)
    at async DevServer.renderPageComponent (C:\Transfer\Project 2026\M-Amin Network\node_modules\next\dist\server\base-server.js:1514:24)
    at async DevServer.renderToResponseImpl (C:\Transfer\Project 2026\M-Amin Network\node_modules\next\dist\server\base-server.js:1564:32)
    at async DevServer.pipeImpl (C:\Transfer\Project 2026\M-Amin Network\node_modules\next\dist\server\base-server.js:1044:25)
    at async NextNodeServer.handleCatchallRenderRequest (C:\Transfer\Project 2026\M-Amin Network\node_modules\next\dist\server\next-server.js:338:17)
    at async DevServer.handleRequestImpl (C:\Transfer\Project 2026\M-Amin Network\node_modules\next\dist\server\base-server.js:935:17)
    at async C:\Transfer\Project 2026\M-Amin Network\node_modules\next\dist\server\dev\next-dev-server.js:394:20
    at async Span.traceAsyncFn (C:\Transfer\Project 2026\M-Amin Network\node_modules\next\dist\trace\trace.js:164:20)
    at async DevServer.handleRequest (C:\Transfer\Project 2026\M-Amin Network\node_modules\next\dist\server\dev\next-dev-server.js:390:24)
    at async invokeRender (C:\Transfer\Project 2026\M-Amin Network\node_modules\next\dist\server\lib\router-server.js:266:21)
    at async handleRequest (C:\Transfer\Project 2026\M-Amin Network\node_modules\next\dist\server\lib\router-server.js:465:24)
    at async requestHandlerImpl (C:\Transfer\Project 2026\M-Amin Network\node_modules\next\dist\server\lib\router-server.js:514:13)
    at async Server.requestListener (C:\Transfer\Project 2026\M-Amin Network\node_modules\next\dist\server\lib\start-server.js:225:13)

[2026-07-10T20:27:39.584Z] Action: getSetting, Key: m_amin_jobs
Error: Too many connections
Stack: Error: Too many connections
    at getSetting (C:\Transfer\Project 2026\M-Amin Network\.next\dev\server\chunks\ssr\[root-of-the-server]__15u4bti._.js:262:175)
    at process.processTicksAndRejections (node:internal/process/task_queues:104:5)
    at async executeActionAndPrepareForRender (C:\Transfer\Project 2026\M-Amin Network\node_modules\next\dist\compiled\next-server\app-page-turbo.runtime.dev.js:64:5248)
    at async C:\Transfer\Project 2026\M-Amin Network\node_modules\next\dist\compiled\next-server\app-page-turbo.runtime.dev.js:64:1986
    at async handleAction (C:\Transfer\Project 2026\M-Amin Network\node_modules\next\dist\compiled\next-server\app-page-turbo.runtime.dev.js:62:25687)
    at async renderToHTMLOrFlightImpl (C:\Transfer\Project 2026\M-Amin Network\node_modules\next\dist\compiled\next-server\app-page-turbo.runtime.dev.js:69:55695)
    at async doRender (C:\Transfer\Project 2026\M-Amin Network\.next\dev\server\chunks\ssr\node_modules_09pzfak._.js:5200:28)
    at async AppPageRouteModule.handleResponse (C:\Transfer\Project 2026\M-Amin Network\node_modules\next\dist\compiled\next-server\app-page-turbo.runtime.dev.js:71:66429)
    at async handleResponse (C:\Transfer\Project 2026\M-Amin Network\.next\dev\server\chunks\ssr\node_modules_09pzfak._.js:5511:32)
    at async Module.handler (C:\Transfer\Project 2026\M-Amin Network\.next\dev\server\chunks\ssr\node_modules_09pzfak._.js:5917:20)
    at async DevServer.renderToResponseWithComponentsImpl (C:\Transfer\Project 2026\M-Amin Network\node_modules\next\dist\server\base-server.js:1462:9)
    at async DevServer.renderPageComponent (C:\Transfer\Project 2026\M-Amin Network\node_modules\next\dist\server\base-server.js:1514:24)
    at async DevServer.renderToResponseImpl (C:\Transfer\Project 2026\M-Amin Network\node_modules\next\dist\server\base-server.js:1564:32)
    at async DevServer.pipeImpl (C:\Transfer\Project 2026\M-Amin Network\node_modules\next\dist\server\base-server.js:1044:25)
    at async NextNodeServer.handleCatchallRenderRequest (C:\Transfer\Project 2026\M-Amin Network\node_modules\next\dist\server\next-server.js:338:17)
    at async DevServer.handleRequestImpl (C:\Transfer\Project 2026\M-Amin Network\node_modules\next\dist\server\base-server.js:935:17)
    at async C:\Transfer\Project 2026\M-Amin Network\node_modules\next\dist\server\dev\next-dev-server.js:394:20
    at async Span.traceAsyncFn (C:\Transfer\Project 2026\M-Amin Network\node_modules\next\dist\trace\trace.js:164:20)
    at async DevServer.handleRequest (C:\Transfer\Project 2026\M-Amin Network\node_modules\next\dist\server\dev\next-dev-server.js:390:24)
    at async invokeRender (C:\Transfer\Project 2026\M-Amin Network\node_modules\next\dist\server\lib\router-server.js:266:21)
    at async handleRequest (C:\Transfer\Project 2026\M-Amin Network\node_modules\next\dist\server\lib\router-server.js:465:24)
    at async requestHandlerImpl (C:\Transfer\Project 2026\M-Amin Network\node_modules\next\dist\server\lib\router-server.js:514:13)
    at async Server.requestListener (C:\Transfer\Project 2026\M-Amin Network\node_modules\next\dist\server\lib\start-server.js:225:13)

[2026-07-10T20:27:39.669Z] Action: getSetting SELECT, Key: m_amin_job_applications
Error: Too many connections
Stack: Error: Too many connections
    at getSetting (C:\Transfer\Project 2026\M-Amin Network\.next\dev\server\chunks\ssr\[root-of-the-server]__15u4bti._.js:262:175)
    at process.processTicksAndRejections (node:internal/process/task_queues:104:5)
    at async executeActionAndPrepareForRender (C:\Transfer\Project 2026\M-Amin Network\node_modules\next\dist\compiled\next-server\app-page-turbo.runtime.dev.js:64:5248)
    at async C:\Transfer\Project 2026\M-Amin Network\node_modules\next\dist\compiled\next-server\app-page-turbo.runtime.dev.js:64:1986
    at async handleAction (C:\Transfer\Project 2026\M-Amin Network\node_modules\next\dist\compiled\next-server\app-page-turbo.runtime.dev.js:62:25687)
    at async renderToHTMLOrFlightImpl (C:\Transfer\Project 2026\M-Amin Network\node_modules\next\dist\compiled\next-server\app-page-turbo.runtime.dev.js:69:55695)
    at async doRender (C:\Transfer\Project 2026\M-Amin Network\.next\dev\server\chunks\ssr\node_modules_09pzfak._.js:5200:28)
    at async AppPageRouteModule.handleResponse (C:\Transfer\Project 2026\M-Amin Network\node_modules\next\dist\compiled\next-server\app-page-turbo.runtime.dev.js:71:66429)
    at async handleResponse (C:\Transfer\Project 2026\M-Amin Network\.next\dev\server\chunks\ssr\node_modules_09pzfak._.js:5511:32)
    at async Module.handler (C:\Transfer\Project 2026\M-Amin Network\.next\dev\server\chunks\ssr\node_modules_09pzfak._.js:5917:20)
    at async DevServer.renderToResponseWithComponentsImpl (C:\Transfer\Project 2026\M-Amin Network\node_modules\next\dist\server\base-server.js:1462:9)
    at async DevServer.renderPageComponent (C:\Transfer\Project 2026\M-Amin Network\node_modules\next\dist\server\base-server.js:1514:24)
    at async DevServer.renderToResponseImpl (C:\Transfer\Project 2026\M-Amin Network\node_modules\next\dist\server\base-server.js:1564:32)
    at async DevServer.pipeImpl (C:\Transfer\Project 2026\M-Amin Network\node_modules\next\dist\server\base-server.js:1044:25)
    at async NextNodeServer.handleCatchallRenderRequest (C:\Transfer\Project 2026\M-Amin Network\node_modules\next\dist\server\next-server.js:338:17)
    at async DevServer.handleRequestImpl (C:\Transfer\Project 2026\M-Amin Network\node_modules\next\dist\server\base-server.js:935:17)
    at async C:\Transfer\Project 2026\M-Amin Network\node_modules\next\dist\server\dev\next-dev-server.js:394:20
    at async Span.traceAsyncFn (C:\Transfer\Project 2026\M-Amin Network\node_modules\next\dist\trace\trace.js:164:20)
    at async DevServer.handleRequest (C:\Transfer\Project 2026\M-Amin Network\node_modules\next\dist\server\dev\next-dev-server.js:390:24)
    at async invokeRender (C:\Transfer\Project 2026\M-Amin Network\node_modules\next\dist\server\lib\router-server.js:266:21)
    at async handleRequest (C:\Transfer\Project 2026\M-Amin Network\node_modules\next\dist\server\lib\router-server.js:465:24)
    at async requestHandlerImpl (C:\Transfer\Project 2026\M-Amin Network\node_modules\next\dist\server\lib\router-server.js:514:13)
    at async Server.requestListener (C:\Transfer\Project 2026\M-Amin Network\node_modules\next\dist\server\lib\start-server.js:225:13)

